k,T,lb,N,seed,d_s_local,dip_t,has_dip,n_peaks
10,0.001,0.95,1000,42,3.859253999999999,nan,False,0
10,0.001,0.95,1000,43,3.8660765851851853,nan,False,0
10,0.001,0.95,1000,44,3.8561929925925926,nan,False,0
10,0.001,0.95,1000,45,3.8176005555555554,nan,False,0
10,0.001,0.95,1000,46,3.8321792888888884,nan,False,0
10,0.001,0.95,16000,42,4.617835017543859,nan,False,0
10,0.001,0.95,16000,43,4.6407743620689645,nan,False,0
10,0.001,0.95,16000,44,4.624062830409357,nan,False,0
10,0.001,0.95,16000,45,4.609862101694914,nan,False,0
10,0.001,0.95,16000,46,4.611006344827586,nan,False,0
10,0.001,0.95,4000,42,4.212767389937107,nan,False,0
10,0.001,0.95,4000,43,4.216798314465409,nan,False,0
10,0.001,0.95,4000,44,4.234346547169811,nan,False,0
10,0.001,0.95,4000,45,4.2292435597484275,nan,False,0
10,0.001,0.95,4000,46,4.2211933081761,nan,False,0
10,0.001,0.995,1000,42,3.314669025157232,nan,False,2
10,0.001,0.995,1000,43,3.3585045641025633,nan,False,2
10,0.001,0.995,1000,44,3.458057126666666,nan,False,2
10,0.001,0.995,1000,45,3.060047126436782,nan,False,2
10,0.001,0.995,1000,46,3.114739208333333,nan,False,2
10,0.001,0.995,16000,42,2.0911820000000003,1.587041,True,2
10,0.001,0.995,16000,43,2.1182673333333333,1.518305,True,2
10,0.001,0.995,16000,44,2.0226933333333332,1.588516,True,2
10,0.001,0.995,16000,45,2.0393033333333332,1.518673,True,2
10,0.001,0.995,16000,46,1.953552666666667,1.519177,True,2
10,0.001,0.995,4000,42,1.721465,1.651137,True,2
10,0.001,0.995,4000,43,2.041793,1.582497,True,2
10,0.001,0.995,4000,44,2.1463506666666667,1.583834,True,2
10,0.001,0.995,4000,45,2.277726,1.517022,True,2
10,0.001,0.995,4000,46,1.8996243333333334,1.5826,True,2
10,0.001,0.999,1000,42,4.117913083333333,nan,False,0
10,0.001,0.999,1000,43,4.105204333333333,nan,False,0
10,0.001,0.999,1000,44,4.150976825,nan,False,0
10,0.001,0.999,1000,45,4.030549544715448,nan,False,1
10,0.001,0.999,1000,46,4.118005105691057,nan,False,0
10,0.001,0.999,16000,42,5.23180284,nan,False,2
10,0.001,0.999,16000,43,5.184266393333334,nan,False,2
10,0.001,0.999,16000,44,5.165765673202616,nan,False,2
10,0.001,0.999,16000,45,5.247881346666666,nan,False,2
10,0.001,0.999,16000,46,5.087904641025641,nan,False,2
10,0.001,0.999,4000,42,4.565807388888889,nan,False,2
10,0.001,0.999,4000,43,4.562561716312057,nan,False,2
10,0.001,0.999,4000,44,4.6881670217391305,nan,False,0
10,0.001,0.999,4000,45,4.673439453900709,nan,False,2
10,0.001,0.999,4000,46,4.626942276595745,nan,False,2
10,0.001,0.99,1000,42,3.265123351851852,nan,False,2
10,0.001,0.99,1000,43,3.517473039999999,nan,False,2
10,0.001,0.99,1000,44,3.322576628930818,nan,False,2
10,0.001,0.99,1000,45,3.3956216730769233,nan,False,2
10,0.001,0.99,1000,46,3.41456754248366,nan,False,2
10,0.001,0.99,16000,42,2.872034333333333,1.33014,True,2
10,0.001,0.99,16000,43,2.7889606666666666,1.33014,True,2
10,0.001,0.99,16000,44,2.750997333333333,1.33014,True,2
10,0.001,0.99,16000,45,2.6071009999999997,1.329925,True,2
10,0.001,0.99,16000,46,2.7223659999999996,1.329906,True,2
10,0.001,0.99,4000,42,2.7162749999999996,1.340961,True,2
10,0.001,0.99,4000,43,2.6673073333333335,1.397943,True,2
10,0.001,0.99,4000,44,3.1942899305555557,nan,False,2
10,0.001,0.99,4000,45,2.9296233333333332,1.340961,True,2
10,0.001,0.99,4000,46,2.702504333333333,1.397943,True,2
10,0.004,0.95,1000,42,3.9354284186046518,nan,False,0
10,0.004,0.95,1000,43,3.940740798449612,nan,False,0
10,0.004,0.95,1000,44,3.9242339534883715,nan,False,0
10,0.004,0.95,1000,45,3.907490583333333,nan,False,0
10,0.004,0.95,1000,46,3.924287931818182,nan,False,0
10,0.004,0.95,16000,42,4.796134333333334,nan,False,0
10,0.004,0.95,16000,43,4.825773981818182,nan,False,0
10,0.004,0.95,16000,44,4.823841601190476,nan,False,0
10,0.004,0.95,16000,45,4.765878690476191,nan,False,0
10,0.004,0.95,16000,46,4.783064095238095,nan,False,0
10,0.004,0.95,4000,42,4.326228915032679,nan,False,0
10,0.004,0.95,4000,43,4.367055339869282,nan,False,0
10,0.004,0.95,4000,44,4.32815914379085,nan,False,0
10,0.004,0.95,4000,45,4.364301640522875,nan,False,0
10,0.004,0.95,4000,46,4.380270793333333,nan,False,0
10,0.004,0.995,1000,42,3.2936279748427673,nan,False,2
10,0.004,0.995,1000,43,3.4164208039215684,nan,False,2
10,0.004,0.995,1000,44,3.232491290123457,nan,False,2
10,0.004,0.995,1000,45,2.6864355404040405,nan,False,2
10,0.004,0.995,1000,46,3.195897472727273,nan,False,2
10,0.004,0.995,16000,42,1.940754,1.519177,True,2
10,0.004,0.995,16000,43,1.865627,1.588709,True,2
10,0.004,0.995,16000,44,2.0284910000000003,1.588129,True,2
10,0.004,0.995,16000,45,1.9860973333333334,1.589023,True,2
10,0.004,0.995,16000,46,1.9284933333333332,1.588661,True,4
10,0.004,0.995,4000,42,1.8845310000000002,1.583834,True,2
10,0.004,0.995,4000,43,1.8918173333333332,1.58033,True,2
10,0.004,0.995,4000,44,1.9567446666666666,1.581776,True,2
10,0.004,0.995,4000,45,2.097943,1.57971,True,2
10,0.004,0.995,4000,46,3.0185096842105263,nan,False,2
10,0.004,0.999,1000,42,4.089081821138212,nan,False,0
10,0.004,0.999,1000,43,4.07848895,nan,False,0
10,0.004,0.999,1000,44,3.989440284552846,nan,False,0
10,0.004,0.999,1000,45,4.00013118699187,nan,False,2
10,0.004,0.999,1000,46,4.065888966666667,nan,False,0
10,0.004,0.999,16000,42,5.135576647435897,nan,False,2
10,0.004,0.999,16000,43,5.184594712418301,nan,False,2
10,0.004,0.999,16000,44,5.188092593333334,nan,False,2
10,0.004,0.999,16000,45,5.220611210884353,nan,False,0
10,0.004,0.999,16000,46,5.1934515999999995,nan,False,2
10,0.004,0.999,4000,42,4.709842460992908,nan,False,1
10,0.004,0.999,4000,43,4.624365572463769,nan,False,0
10,0.004,0.999,4000,44,4.544966631944445,nan,False,2
10,0.004,0.999,4000,45,4.721551115942029,nan,False,0
10,0.004,0.999,4000,46,4.5928791180555555,nan,False,2
10,0.004,0.99,1000,42,3.771775340740741,nan,False,2
10,0.004,0.99,1000,43,3.8440604772727283,nan,False,2
10,0.004,0.99,1000,44,3.8434693863636364,nan,False,2
10,0.004,0.99,1000,45,3.881249143939393,nan,False,2
10,0.004,0.99,1000,46,3.8174049407407398,nan,False,2
10,0.004,0.99,16000,42,4.235140333333334,1.453996,True,2
10,0.004,0.99,16000,43,4.117715333333333,1.453996,True,2
10,0.004,0.99,16000,44,3.8399103333333335,1.520184,True,2
10,0.004,0.99,16000,45,3.9869653333333335,1.453996,True,2
10,0.004,0.99,16000,46,4.116995999999999,1.453996,True,2
10,0.004,0.99,4000,42,3.7935877555555555,nan,False,2
10,0.004,0.99,4000,43,3.9617827426900587,nan,False,2
10,0.004,0.99,4000,44,4.058297482142857,nan,False,2
10,0.004,0.99,4000,45,3.8702905706214685,nan,False,2
10,0.004,0.99,4000,46,4.097635206060606,nan,False,2
10,0.005,0.95,1000,42,4.006373627906977,nan,False,0
10,0.005,0.95,1000,43,4.001343751937984,nan,False,0
10,0.005,0.95,1000,44,3.98286776984127,nan,False,0
10,0.005,0.95,1000,45,3.996080713178295,nan,False,0
10,0.005,0.95,1000,46,3.9369806589147287,nan,False,0
10,0.005,0.95,16000,42,4.920008209876544,nan,False,0
10,0.005,0.95,16000,43,4.920505721212121,nan,False,0
10,0.005,0.95,16000,44,4.892700104938272,nan,False,0
10,0.005,0.95,16000,45,4.904624575757577,nan,False,0
10,0.005,0.95,16000,46,4.827364575757575,nan,False,0
10,0.005,0.95,256000,42,5.621016270114943,nan,False,0
10,0.005,0.95,256000,43,5.630287333333334,nan,False,0
10,0.005,0.95,256000,44,5.633333517241379,nan,False,0
10,0.005,0.95,256000,45,5.637328609195402,nan,False,0
10,0.005,0.95,256000,46,5.652896936781609,nan,False,0
10,0.005,0.95,4000,42,4.43061958,nan,False,0
10,0.005,0.95,4000,43,4.432840126666666,nan,False,0
10,0.005,0.95,4000,44,4.439225466666667,nan,False,0
10,0.005,0.95,4000,45,4.443982626666666,nan,False,0
10,0.005,0.95,4000,46,4.43524068,nan,False,0
10,0.005,0.95,64000,42,5.228424183908046,nan,False,0
10,0.005,0.95,64000,43,5.264183532163743,nan,False,0
10,0.005,0.95,64000,44,5.316632684210527,nan,False,0
10,0.005,0.95,64000,45,5.284259134502923,nan,False,0
10,0.005,0.95,64000,46,5.237759105263159,nan,False,0
10,0.005,0.995,1000,42,3.3761104640522883,nan,False,2
10,0.005,0.995,1000,43,3.6278817234042546,nan,False,2
10,0.005,0.995,1000,44,3.838931106060606,nan,False,2
10,0.005,0.995,1000,45,3.4358791866666665,nan,False,2
10,0.005,0.995,1000,46,3.8354124166666668,nan,False,2
10,0.005,0.995,16000,42,2.9603786666666667,1.589047,True,2
10,0.005,0.995,16000,43,2.7569106666666663,1.66143,True,2
10,0.005,0.995,16000,44,2.7713533333333333,1.589384,True,2
10,0.005,0.995,16000,45,2.8143343333333335,1.588854,True,2
10,0.005,0.995,16000,46,2.7157033333333334,1.588081,True,4
10,0.005,0.995,256000,42,2.8513470000000005,1.618924,True,4
10,0.005,0.995,256000,43,2.922886666666667,1.618736,True,4
10,0.005,0.995,256000,44,2.8281423333333335,1.618684,True,4
10,0.005,0.995,256000,45,2.836949666666667,1.618908,True,4
10,0.005,0.995,256000,46,2.8293963333333334,1.618964,True,4
10,0.005,0.995,4000,42,3.412464850746269,nan,False,2
10,0.005,0.995,4000,43,3.372011083333333,nan,False,2
10,0.005,0.995,4000,44,3.5736421875,nan,False,2
10,0.005,0.995,4000,45,3.6899465,nan,False,2
10,0.005,0.995,4000,46,3.3779276470588235,nan,False,2
10,0.005,0.995,64000,42,2.7419383333333336,1.595876,True,4
10,0.005,0.995,64000,43,2.866619,1.596303,True,4
10,0.005,0.995,64000,44,2.884853,1.595443,True,4
10,0.005,0.995,64000,45,2.8242313333333335,1.596207,True,4
10,0.005,0.995,64000,46,2.797484666666667,1.596167,True,4
10,0.005,0.999,1000,42,3.9965074682539687,nan,False,2
10,0.005,0.999,1000,43,4.087787308333334,nan,False,0
10,0.005,0.999,1000,44,4.051143756097561,nan,False,0
10,0.005,0.999,1000,45,4.113030715447155,nan,False,0
10,0.005,0.999,1000,46,4.0772637666666665,nan,False,0
10,0.005,0.999,16000,42,5.2913145034013604,nan,False,0
10,0.005,0.999,16000,43,5.336602795918368,nan,False,0
10,0.005,0.999,16000,44,5.316837258503402,nan,False,0
10,0.005,0.999,16000,45,5.22914412244898,nan,False,1
10,0.005,0.999,16000,46,5.301270170068028,nan,False,0
10,0.005,0.999,256000,42,6.292187884615386,nan,False,1
10,0.005,0.999,256000,43,6.2952701666666675,nan,False,2
10,0.005,0.999,256000,44,6.0486106264367825,nan,False,2
10,0.005,0.999,256000,45,6.338061121794871,nan,False,0
10,0.005,0.999,256000,46,6.301178455128207,nan,False,2
10,0.005,0.999,4000,42,4.639652210144927,nan,False,1
10,0.005,0.999,4000,43,4.71396131884058,nan,False,0
10,0.005,0.999,4000,44,4.68204119858156,nan,False,2
10,0.005,0.999,4000,45,4.7674372898550725,nan,False,0
10,0.005,0.999,4000,46,4.643764134751772,nan,False,2
10,0.005,0.999,64000,42,5.732881156862745,nan,False,1
10,0.005,0.999,64000,43,5.734592679738562,nan,False,0
10,0.005,0.999,64000,44,5.81560579738562,nan,False,0
10,0.005,0.999,64000,45,5.67003506918239,nan,False,2
10,0.005,0.999,64000,46,5.73106927044025,nan,False,2
10,0.005,0.99,1000,42,3.6745353404255323,nan,False,2
10,0.005,0.99,1000,43,3.8172864518518526,nan,False,2
10,0.005,0.99,1000,44,3.9282575303030303,nan,False,2
10,0.005,0.99,1000,45,3.826597074074074,nan,False,2
10,0.005,0.99,1000,46,3.899513930232558,nan,False,2
10,0.005,0.99,16000,42,4.2696108072916665,nan,False,2
10,0.005,0.99,16000,43,4.496060333333333,1.390689,True,2
10,0.005,0.99,16000,44,4.5000496666666665,1.390689,True,2
10,0.005,0.99,16000,45,4.159737646464647,nan,False,2
10,0.005,0.99,16000,46,4.100712292929293,nan,False,2
10,0.005,0.99,256000,42,4.627012,1.392652,True,4
10,0.005,0.99,256000,43,4.609351,1.324155,True,4
10,0.005,0.99,256000,44,4.555081333333334,1.392499,True,4
10,0.005,0.99,256000,45,4.601642,1.392532,True,4
10,0.005,0.99,256000,46,4.520809333333333,1.392534,True,4
10,0.005,0.99,4000,42,3.9561227660818714,nan,False,2
10,0.005,0.99,4000,43,4.075430363095238,nan,False,2
10,0.005,0.99,4000,44,4.016665392857143,nan,False,2
10,0.005,0.99,4000,45,4.154629092592592,nan,False,2
10,0.005,0.99,4000,46,4.0766266,nan,False,2
10,0.005,0.99,64000,42,4.505798666666667,1.384875,True,2
10,0.005,0.99,64000,43,4.656028666666667,1.384875,True,2
10,0.005,0.99,64000,44,4.5666253333333335,1.384875,True,2
10,0.005,0.99,64000,45,4.541936333333333,1.384875,True,2
10,0.005,0.99,64000,46,4.537104,1.384875,True,2
10,0.015,0.95,1000,42,4.14610150406504,nan,False,0
10,0.015,0.95,1000,43,4.1451262845528465,nan,False,0
10,0.015,0.95,1000,44,4.1780749186991875,nan,False,0
10,0.015,0.95,1000,45,4.130902788617886,nan,False,0
10,0.015,0.95,1000,46,4.088229316666667,nan,False,0
10,0.015,0.95,16000,42,5.286452380952381,nan,False,0
10,0.015,0.95,16000,43,5.292019285714286,nan,False,0
10,0.015,0.95,16000,44,5.325094673469388,nan,False,0
10,0.015,0.95,16000,45,5.281862204081632,nan,False,0
10,0.015,0.95,16000,46,5.290839598639456,nan,False,0
10,0.015,0.95,256000,42,6.308254751633986,nan,False,0
10,0.015,0.95,256000,43,6.278798346405228,nan,False,0
10,0.015,0.95,256000,44,6.292901692810457,nan,False,0
10,0.015,0.95,256000,45,6.296461209150326,nan,False,0
10,0.015,0.95,256000,46,6.31261745751634,nan,False,0
10,0.015,0.95,4000,42,4.738403133333334,nan,False,0
10,0.015,0.95,4000,43,4.7368484074074075,nan,False,0
10,0.015,0.95,4000,44,4.743156511111112,nan,False,0
10,0.015,0.95,4000,45,4.768827451851853,nan,False,0
10,0.015,0.95,4000,46,4.737863918518519,nan,False,0
10,0.015,0.95,64000,42,5.678381046666667,nan,False,0
10,0.015,0.95,64000,43,5.827620052287582,nan,False,0
10,0.015,0.95,64000,44,5.753562340000001,nan,False,0
10,0.015,0.95,64000,45,5.806989836601308,nan,False,0
10,0.015,0.95,64000,46,5.785158424836602,nan,False,0
10,0.015,0.995,1000,42,4.122052764227642,nan,False,0
10,0.015,0.995,1000,43,4.168922552845529,nan,False,0
10,0.015,0.995,1000,44,4.182478999999999,nan,False,0
10,0.015,0.995,1000,45,4.160789471544716,nan,False,0
10,0.015,0.995,1000,46,4.1164145,nan,False,0
10,0.015,0.995,16000,42,5.28472618367347,nan,False,0
10,0.015,0.995,16000,43,5.31126324489796,nan,False,0
10,0.015,0.995,16000,44,5.32575955782313,nan,False,0
10,0.015,0.995,16000,45,5.300169639455783,nan,False,0
10,0.015,0.995,16000,46,5.254232394557823,nan,False,0
10,0.015,0.995,256000,42,6.180305790849672,nan,False,0
10,0.015,0.995,256000,43,6.211239156862746,nan,False,0
10,0.015,0.995,256000,44,6.229300339869281,nan,False,0
10,0.015,0.995,256000,45,6.194388372549021,nan,False,0
10,0.015,0.995,256000,46,6.210553627450981,nan,False,0
10,0.015,0.995,4000,42,4.732281044444444,nan,False,0
10,0.015,0.995,4000,43,4.726933518518518,nan,False,0
10,0.015,0.995,4000,44,4.768410911111111,nan,False,0
10,0.015,0.995,4000,45,4.792169565217391,nan,False,0
10,0.015,0.995,4000,46,4.743928896296296,nan,False,0
10,0.015,0.995,64000,42,5.794776913333333,nan,False,0
10,0.015,0.995,64000,43,5.78636928,nan,False,0
10,0.015,0.995,64000,44,5.864971846666666,nan,False,0
10,0.015,0.995,64000,45,5.7926002133333325,nan,False,0
10,0.015,0.995,64000,46,5.7801333733333315,nan,False,0
10,0.015,0.999,1000,42,4.123345708333334,nan,False,0
10,0.015,0.999,1000,43,4.182396525,nan,False,0
10,0.015,0.999,1000,44,4.060124479674797,nan,False,0
10,0.015,0.999,1000,45,4.105481941666667,nan,False,0
10,0.015,0.999,1000,46,4.019039439024391,nan,False,0
10,0.015,0.999,16000,42,5.326059215277778,nan,False,0
10,0.015,0.999,16000,43,5.354879784722222,nan,False,0
10,0.015,0.999,16000,44,5.394220840277778,nan,False,0
10,0.015,0.999,16000,45,5.353160076388889,nan,False,0
10,0.015,0.999,16000,46,5.320291850340136,nan,False,0
10,0.015,0.999,256000,42,6.318134486666666,nan,False,0
10,0.015,0.999,256000,43,6.313729153333334,nan,False,0
10,0.015,0.999,256000,44,6.309166373333335,nan,False,0
10,0.015,0.999,256000,45,6.315641526666667,nan,False,0
10,0.015,0.999,256000,46,6.336913973333331,nan,False,0
10,0.015,0.999,4000,42,4.664944210144927,nan,False,0
10,0.015,0.999,4000,43,4.747640057971014,nan,False,0
10,0.015,0.999,4000,44,4.539695048611112,nan,False,2
10,0.015,0.999,4000,45,4.774281288888888,nan,False,0
10,0.015,0.999,4000,46,4.725572963768116,nan,False,0
10,0.015,0.999,64000,42,5.802078000000002,nan,False,0
10,0.015,0.999,64000,43,5.84230528,nan,False,0
10,0.015,0.999,64000,44,5.81923774,nan,False,0
10,0.015,0.999,64000,45,5.78736186,nan,False,0
10,0.015,0.999,64000,46,5.83250332,nan,False,0
10,0.015,0.99,1000,42,4.144059682926829,nan,False,0
10,0.015,0.99,1000,43,4.177773186991869,nan,False,0
10,0.015,0.99,1000,44,4.190481926829269,nan,False,0
10,0.015,0.99,1000,45,4.1551567333333335,nan,False,0
10,0.015,0.99,1000,46,4.116033225000001,nan,False,0
10,0.015,0.99,16000,42,5.308652789115646,nan,False,0
10,0.015,0.99,16000,43,5.312503068027211,nan,False,0
10,0.015,0.99,16000,44,5.338163258503402,nan,False,0
10,0.015,0.99,16000,45,5.303660904761905,nan,False,0
10,0.015,0.99,16000,46,5.298221551020409,nan,False,0
10,0.015,0.99,256000,42,6.2018520392156855,nan,False,0
10,0.015,0.99,256000,43,6.212285052287581,nan,False,0
10,0.015,0.99,256000,44,6.209136999999999,nan,False,0
10,0.015,0.99,256000,45,6.249603745098039,nan,False,0
10,0.015,0.99,256000,46,6.246007509803921,nan,False,0
10,0.015,0.99,4000,42,4.750407933333333,nan,False,0
10,0.015,0.99,4000,43,4.740529666666666,nan,False,0
10,0.015,0.99,4000,44,4.776704496296296,nan,False,0
10,0.015,0.99,4000,45,4.830154296296296,nan,False,0
10,0.015,0.99,4000,46,4.745201703703704,nan,False,0
10,0.015,0.99,64000,42,5.828639813333333,nan,False,0
10,0.015,0.99,64000,43,5.821728573333334,nan,False,0
10,0.015,0.99,64000,44,5.843852839999999,nan,False,0
10,0.015,0.99,64000,45,5.844998873333334,nan,False,0
10,0.015,0.99,64000,46,5.822393,nan,False,0
10,0.015,0.9,1000,42,4.116691674796749,nan,False,0
10,0.015,0.9,1000,43,4.137172829268293,nan,False,0
10,0.015,0.9,1000,44,4.162045731707317,nan,False,0
10,0.015,0.9,1000,45,4.110523089430894,nan,False,0
10,0.015,0.9,1000,46,4.111277658536585,nan,False,0
10,0.015,0.9,16000,42,5.3575554217687085,nan,False,0
10,0.015,0.9,16000,43,5.358039891156462,nan,False,0
10,0.015,0.9,16000,44,5.376939299319728,nan,False,0
10,0.015,0.9,16000,45,5.3315367891156455,nan,False,0
10,0.015,0.9,16000,46,5.316657523809523,nan,False,0
10,0.015,0.9,256000,42,6.18707716,nan,False,0
10,0.015,0.9,256000,43,6.201149013333333,nan,False,0
10,0.015,0.9,256000,44,6.220058579999999,nan,False,0
10,0.015,0.9,256000,45,6.350682130718954,nan,False,0
10,0.015,0.9,256000,46,6.2556434,nan,False,0
10,0.015,0.9,4000,42,4.725110792592592,nan,False,0
10,0.015,0.9,4000,43,4.709992148148148,nan,False,0
10,0.015,0.9,4000,44,4.719852108695652,nan,False,0
10,0.015,0.9,4000,45,4.773498607407409,nan,False,0
10,0.015,0.9,4000,46,4.706957427536232,nan,False,0
10,0.015,0.9,64000,42,5.69671382,nan,False,0
10,0.015,0.9,64000,43,5.7082458733333326,nan,False,0
10,0.015,0.9,64000,44,5.788376793333333,nan,False,0
10,0.015,0.9,64000,45,5.751629980000001,nan,False,0
10,0.015,0.9,64000,46,5.720384073333333,nan,False,0
10,0.016,0.95,1000,42,4.152851764227642,nan,False,0
10,0.016,0.95,1000,43,4.140162699186992,nan,False,0
10,0.016,0.95,1000,44,4.190245174999999,nan,False,0
10,0.016,0.95,1000,45,4.127413544715448,nan,False,0
10,0.016,0.95,1000,46,4.0901984166666665,nan,False,0
10,0.016,0.95,16000,42,5.326561952380952,nan,False,0
10,0.016,0.95,16000,43,5.321588142857142,nan,False,0
10,0.016,0.95,16000,44,5.354701768707481,nan,False,0
10,0.016,0.95,16000,45,5.311781149659865,nan,False,0
10,0.016,0.95,16000,46,5.268324510204082,nan,False,0
10,0.016,0.95,4000,42,4.716117607407408,nan,False,0
10,0.016,0.95,4000,43,4.7163443185185185,nan,False,0
10,0.016,0.95,4000,44,4.768989570370371,nan,False,0
10,0.016,0.95,4000,45,4.772374881481482,nan,False,0
10,0.016,0.95,4000,46,4.736650911111111,nan,False,0
10,0.016,0.995,1000,42,4.1611704000000005,nan,False,0
10,0.016,0.995,1000,43,4.1773898211382114,nan,False,0
10,0.016,0.995,1000,44,4.174802536585365,nan,False,0
10,0.016,0.995,1000,45,4.147951869918699,nan,False,0
10,0.016,0.995,1000,46,4.1079348617886176,nan,False,0
10,0.016,0.995,16000,42,5.2796533877551015,nan,False,0
10,0.016,0.995,16000,43,5.321879965986395,nan,False,0
10,0.016,0.995,16000,44,5.344273653061225,nan,False,0
10,0.016,0.995,16000,45,5.28195955782313,nan,False,0
10,0.016,0.995,16000,46,5.26779,nan,False,0
10,0.016,0.995,4000,42,4.7285792740740735,nan,False,0
10,0.016,0.995,4000,43,4.738479014814815,nan,False,0
10,0.016,0.995,4000,44,4.770244251851851,nan,False,0
10,0.016,0.995,4000,45,4.806807955555555,nan,False,0
10,0.016,0.995,4000,46,4.760001177777777,nan,False,0
10,0.016,0.999,1000,42,4.09587212195122,nan,False,0
10,0.016,0.999,1000,43,4.157427675,nan,False,0
10,0.016,0.999,1000,44,4.125930483333333,nan,False,0
10,0.016,0.999,1000,45,4.095018617886178,nan,False,0
10,0.016,0.999,1000,46,4.157071125,nan,False,0
10,0.016,0.999,16000,42,5.395550840277778,nan,False,0
10,0.016,0.999,16000,43,5.334864319444445,nan,False,0
10,0.016,0.999,16000,44,5.271898430555555,nan,False,0
10,0.016,0.999,16000,45,5.394379965277778,nan,False,0
10,0.016,0.999,16000,46,5.247481854166666,nan,False,0
10,0.016,0.999,4000,42,4.7788559407407405,nan,False,0
10,0.016,0.999,4000,43,4.694209855072463,nan,False,0
10,0.016,0.999,4000,44,4.7818291111111115,nan,False,0
10,0.016,0.999,4000,45,4.7361738,nan,False,0
10,0.016,0.999,4000,46,4.7178773550724635,nan,False,0
10,0.016,0.99,1000,42,4.1378768130081305,nan,False,0
10,0.016,0.99,1000,43,4.160027908333333,nan,False,0
10,0.016,0.99,1000,44,4.167848422764227,nan,False,0
10,0.016,0.99,1000,45,4.151681780487805,nan,False,0
10,0.016,0.99,1000,46,4.1091833,nan,False,0
10,0.016,0.99,16000,42,5.3116765850340135,nan,False,0
10,0.016,0.99,16000,43,5.328142081632653,nan,False,0
10,0.016,0.99,16000,44,5.352139081632653,nan,False,0
10,0.016,0.99,16000,45,5.298787843537414,nan,False,0
10,0.016,0.99,16000,46,5.256105877551019,nan,False,0
10,0.016,0.99,4000,42,4.739328903703703,nan,False,0
10,0.016,0.99,4000,43,4.739522614814815,nan,False,0
10,0.016,0.99,4000,44,4.766466162962963,nan,False,0
10,0.016,0.99,4000,45,4.785937948148147,nan,False,0
10,0.016,0.99,4000,46,4.759385311111112,nan,False,0
10,0.016,0.9,1000,42,4.10555687804878,nan,False,0
10,0.016,0.9,1000,43,4.1428566910569105,nan,False,0
10,0.016,0.9,1000,44,4.157218479674797,nan,False,0
10,0.016,0.9,1000,45,4.125024544715447,nan,False,0
10,0.016,0.9,1000,46,4.080837780487805,nan,False,0
10,0.016,0.9,16000,42,5.337671680272108,nan,False,0
10,0.016,0.9,16000,43,5.351089442176871,nan,False,0
10,0.016,0.9,16000,44,5.34392849659864,nan,False,0
10,0.016,0.9,16000,45,5.343629312925169,nan,False,0
10,0.016,0.9,16000,46,5.315008061224489,nan,False,0
10,0.016,0.9,4000,42,4.7127437481481484,nan,False,0
10,0.016,0.9,4000,43,4.71865237037037,nan,False,0
10,0.016,0.9,4000,44,4.743679985185185,nan,False,0
10,0.016,0.9,4000,45,4.774125407407407,nan,False,0
10,0.016,0.9,4000,46,4.7093663333333335,nan,False,0
10,0.03,0.95,1000,42,4.112102804878049,nan,False,0
10,0.03,0.95,1000,43,4.144109398373983,nan,False,0
10,0.03,0.95,1000,44,4.129727741666667,nan,False,0
10,0.03,0.95,1000,45,4.129397113821137,nan,False,0
10,0.03,0.95,1000,46,4.098289073170731,nan,False,0
10,0.03,0.95,16000,42,5.345196489795918,nan,False,0
10,0.03,0.95,16000,43,5.277776548611111,nan,False,0
10,0.03,0.95,16000,44,5.311343576388889,nan,False,0
10,0.03,0.95,16000,45,5.2508901875,nan,False,0
10,0.03,0.95,16000,46,5.300718591836736,nan,False,0
10,0.03,0.95,4000,42,4.725883185185184,nan,False,0
10,0.03,0.95,4000,43,4.6939545111111105,nan,False,0
10,0.03,0.95,4000,44,4.770055503703703,nan,False,0
10,0.03,0.95,4000,45,4.744249081481481,nan,False,0
10,0.03,0.95,4000,46,4.728137807407408,nan,False,0
10,0.03,0.95,64000,42,5.80291968,nan,False,0
10,0.03,0.95,64000,43,5.789566166666665,nan,False,0
10,0.03,0.95,64000,44,5.830819186666666,nan,False,0
10,0.03,0.95,64000,45,5.8357011666666665,nan,False,0
10,0.03,0.95,64000,46,5.80593462,nan,False,0
10,0.03,0.995,1000,42,4.143872433333334,nan,False,0
10,0.03,0.995,1000,43,4.153047591666667,nan,False,0
10,0.03,0.995,1000,44,4.186361325,nan,False,0
10,0.03,0.995,1000,45,4.123601183333333,nan,False,0
10,0.03,0.995,1000,46,4.104781658333334,nan,False,0
10,0.03,0.995,16000,42,5.345031631944444,nan,False,0
10,0.03,0.995,16000,43,5.355271944444444,nan,False,0
10,0.03,0.995,16000,44,5.358470122448979,nan,False,0
10,0.03,0.995,16000,45,5.364264430555555,nan,False,0
10,0.03,0.995,16000,46,5.3346665625,nan,False,0
10,0.03,0.995,4000,42,4.731215762962963,nan,False,0
10,0.03,0.995,4000,43,4.71542554074074,nan,False,0
10,0.03,0.995,4000,44,4.76435457037037,nan,False,0
10,0.03,0.995,4000,45,4.805115088888889,nan,False,0
10,0.03,0.995,4000,46,4.753896703703703,nan,False,0
10,0.03,0.995,64000,42,5.766536775510204,nan,False,0
10,0.03,0.995,64000,43,5.740113040816326,nan,False,0
10,0.03,0.995,64000,44,5.78710357142857,nan,False,0
10,0.03,0.995,64000,45,5.79692268707483,nan,False,0
10,0.03,0.995,64000,46,5.851535266666668,nan,False,0
10,0.03,0.999,1000,42,4.10439343902439,nan,False,0
10,0.03,0.999,1000,43,4.175885858333333,nan,False,0
10,0.03,0.999,1000,44,4.15389625,nan,False,0
10,0.03,0.999,1000,45,4.170774358333334,nan,False,0
10,0.03,0.999,1000,46,4.1839901416666665,nan,False,0
10,0.03,0.999,16000,42,5.408253858156029,nan,False,0
10,0.03,0.999,16000,43,5.390946829787234,nan,False,0
10,0.03,0.999,16000,44,5.301597138888889,nan,False,0
10,0.03,0.999,16000,45,5.3758397304964545,nan,False,0
10,0.03,0.999,16000,46,5.350114354609929,nan,False,0
10,0.03,0.999,4000,42,4.7953771777777785,nan,False,0
10,0.03,0.999,4000,43,4.674492555555555,nan,False,0
10,0.03,0.999,4000,44,4.7355076296296295,nan,False,0
10,0.03,0.999,4000,45,4.763562045454545,nan,False,0
10,0.03,0.999,4000,46,4.752615407407407,nan,False,0
10,0.03,0.999,64000,42,5.916712183673469,nan,False,0
10,0.03,0.999,64000,43,5.876316346938776,nan,False,0
10,0.03,0.999,64000,44,5.892682292517008,nan,False,0
10,0.03,0.999,64000,45,5.869942795918368,nan,False,0
10,0.03,0.999,64000,46,5.867681897959184,nan,False,0
10,0.03,0.99,1000,42,4.109241225,nan,False,0
10,0.03,0.99,1000,43,4.138205375,nan,False,0
10,0.03,0.99,1000,44,4.180834758333333,nan,False,0
10,0.03,0.99,1000,45,4.105088841666666,nan,False,0
10,0.03,0.99,1000,46,4.109834715447154,nan,False,0
10,0.03,0.99,16000,42,5.330231204081633,nan,False,0
10,0.03,0.99,16000,43,5.387450743055555,nan,False,0
10,0.03,0.99,16000,44,5.410160409722223,nan,False,0
10,0.03,0.99,16000,45,5.363653763888888,nan,False,0
10,0.03,0.99,16000,46,5.314467659722222,nan,False,0
10,0.03,0.99,4000,42,4.7407598222222225,nan,False,0
10,0.03,0.99,4000,43,4.736401103703704,nan,False,0
10,0.03,0.99,4000,44,4.769448533333334,nan,False,0
10,0.03,0.99,4000,45,4.779021696296296,nan,False,0
10,0.03,0.99,4000,46,4.7501860888888885,nan,False,0
10,0.03,0.99,64000,42,5.731794829931974,nan,False,0
10,0.03,0.99,64000,43,5.7749381428571445,nan,False,0
10,0.03,0.99,64000,44,5.822575646258504,nan,False,0
10,0.03,0.99,64000,45,5.776500401360545,nan,False,0
10,0.03,0.99,64000,46,5.76507793197279,nan,False,0
10,0.03,0.9,1000,42,4.093401853658536,nan,False,0
10,0.03,0.9,1000,43,4.124228235772358,nan,False,0
10,0.03,0.9,1000,44,4.132655902439024,nan,False,0
10,0.03,0.9,1000,45,4.087789951219512,nan,False,0
10,0.03,0.9,1000,46,4.056873308943088,nan,False,0
10,0.03,0.9,16000,42,5.303409340277778,nan,False,0
10,0.03,0.9,16000,43,5.267812722222222,nan,False,0
10,0.03,0.9,16000,44,5.2810434375,nan,False,0
10,0.03,0.9,16000,45,5.29977323611111,nan,False,0
10,0.03,0.9,16000,46,5.253635513888889,nan,False,0
10,0.03,0.9,4000,42,4.703408222222222,nan,False,0
10,0.03,0.9,4000,43,4.6950158962962965,nan,False,0
10,0.03,0.9,4000,44,4.710193755555556,nan,False,0
10,0.03,0.9,4000,45,4.77493545925926,nan,False,0
10,0.03,0.9,4000,46,4.72143182962963,nan,False,0
10,0.03,0.9,64000,42,5.733035489795919,nan,False,0
10,0.03,0.9,64000,43,5.857118613333333,nan,False,0
10,0.03,0.9,64000,44,5.860548020000001,nan,False,0
10,0.03,0.9,64000,45,5.861973173333333,nan,False,0
10,0.03,0.9,64000,46,5.871188653333332,nan,False,0
10,0.05,0.95,1000,42,4.092215065040651,nan,False,0
10,0.05,0.95,1000,43,4.1143688699186995,nan,False,0
10,0.05,0.95,1000,44,4.1276480731707315,nan,False,0
10,0.05,0.95,1000,45,4.088510138211382,nan,False,0
10,0.05,0.95,1000,46,4.059590715447154,nan,False,0
10,0.05,0.95,16000,42,5.2773103125,nan,False,0
10,0.05,0.95,16000,43,5.313640541666667,nan,False,0
10,0.05,0.95,16000,44,5.339065201388888,nan,False,0
10,0.05,0.95,16000,45,5.294082659722223,nan,False,0
10,0.05,0.95,16000,46,5.270250770833333,nan,False,0
10,0.05,0.95,4000,42,4.67737254074074,nan,False,0
10,0.05,0.95,4000,43,4.667258162962963,nan,False,0
10,0.05,0.95,4000,44,4.719273111111111,nan,False,0
10,0.05,0.95,4000,45,4.7285513777777775,nan,False,0
10,0.05,0.95,4000,46,4.684127066666667,nan,False,0
10,0.05,0.95,64000,42,5.832185965986394,nan,False,0
10,0.05,0.95,64000,43,5.799834734693877,nan,False,0
10,0.05,0.95,64000,44,5.890350278911565,nan,False,0
10,0.05,0.95,64000,45,5.864564333333333,nan,False,0
10,0.05,0.95,64000,46,5.841005306122449,nan,False,0
10,0.05,0.995,1000,42,4.105088040650407,nan,False,0
10,0.05,0.995,1000,43,4.1126738,nan,False,0
10,0.05,0.995,1000,44,4.129445300813009,nan,False,0
10,0.05,0.995,1000,45,4.101697933333334,nan,False,0
10,0.05,0.995,1000,46,4.056816441666667,nan,False,0
10,0.05,0.995,16000,42,5.3272150625,nan,False,0
10,0.05,0.995,16000,43,5.291752177304965,nan,False,0
10,0.05,0.995,16000,44,5.315885184397162,nan,False,0
10,0.05,0.995,16000,45,5.336649881944445,nan,False,0
10,0.05,0.995,16000,46,5.2743338503401365,nan,False,0
10,0.05,0.995,4000,42,4.685240155555555,nan,False,0
10,0.05,0.995,4000,43,4.7154246,nan,False,0
10,0.05,0.995,4000,44,4.716698977777778,nan,False,0
10,0.05,0.995,4000,45,4.7405713333333335,nan,False,0
10,0.05,0.995,4000,46,4.714230911111111,nan,False,0
10,0.05,0.995,64000,42,5.799444496598639,nan,False,0
10,0.05,0.995,64000,43,5.745151326666667,nan,False,0
10,0.05,0.995,64000,44,5.807329460000001,nan,False,0
10,0.05,0.995,64000,45,5.817791401360545,nan,False,0
10,0.05,0.995,64000,46,5.832656843537415,nan,False,0
10,0.05,0.999,1000,42,4.116409466666667,nan,False,0
10,0.05,0.999,1000,43,4.168441458333334,nan,False,0
10,0.05,0.999,1000,44,4.140315775,nan,False,0
10,0.05,0.999,1000,45,4.109172625,nan,False,0
10,0.05,0.999,1000,46,4.069764791666667,nan,False,0
10,0.05,0.999,16000,42,5.334205553191489,nan,False,0
10,0.05,0.999,16000,43,5.369548402777777,nan,False,0
10,0.05,0.999,16000,44,5.336643567375886,nan,False,0
10,0.05,0.999,16000,45,5.355289819444444,nan,False,0
10,0.05,0.999,16000,46,5.336549805555555,nan,False,0
10,0.05,0.999,4000,42,4.76965921969697,nan,False,0
10,0.05,0.999,4000,43,4.76119406060606,nan,False,0
10,0.05,0.999,4000,44,4.8126148888888896,nan,False,0
10,0.05,0.999,4000,45,4.818102712121211,nan,False,0
10,0.05,0.999,4000,46,4.733039075757575,nan,False,0
10,0.05,0.999,64000,42,5.880034236111112,nan,False,0
10,0.05,0.999,64000,43,5.817392204081632,nan,False,0
10,0.05,0.999,64000,44,5.9060522777777775,nan,False,0
10,0.05,0.999,64000,45,5.893611465277778,nan,False,0
10,0.05,0.999,64000,46,5.784580319727891,nan,False,0
10,0.05,0.99,1000,42,4.133833195121952,nan,False,0
10,0.05,0.99,1000,43,4.102875683333333,nan,False,0
10,0.05,0.99,1000,44,4.140652991869919,nan,False,0
10,0.05,0.99,1000,45,4.110376105691056,nan,False,0
10,0.05,0.99,1000,46,4.127704091666667,nan,False,0
10,0.05,0.99,16000,42,5.355276673611111,nan,False,0
10,0.05,0.99,16000,43,5.370242979166666,nan,False,0
10,0.05,0.99,16000,44,5.388816847222223,nan,False,0
10,0.05,0.99,16000,45,5.328797442176871,nan,False,0
10,0.05,0.99,16000,46,5.278903523809523,nan,False,0
10,0.05,0.99,4000,42,4.7170332740740735,nan,False,0
10,0.05,0.99,4000,43,4.697387222222223,nan,False,0
10,0.05,0.99,4000,44,4.732482711111111,nan,False,0
10,0.05,0.99,4000,45,4.760277711111111,nan,False,0
10,0.05,0.99,4000,46,4.703521666666667,nan,False,0
10,0.05,0.99,64000,42,5.768233680000001,nan,False,0
10,0.05,0.99,64000,43,5.7474268266666675,nan,False,0
10,0.05,0.99,64000,44,5.895831829931972,nan,False,0
10,0.05,0.99,64000,45,5.817647760000001,nan,False,0
10,0.05,0.99,64000,46,5.805532741496598,nan,False,0
10,0.05,0.9,1000,42,4.153465365853658,nan,False,0
10,0.05,0.9,1000,43,4.148824414634146,nan,False,0
10,0.05,0.9,1000,44,4.123212283333333,nan,False,0
10,0.05,0.9,1000,45,4.11700669105691,nan,False,0
10,0.05,0.9,1000,46,4.108461032520325,nan,False,0
10,0.05,0.9,16000,42,5.3207829097222215,nan,False,0
10,0.05,0.9,16000,43,5.343224958333333,nan,False,0
10,0.05,0.9,16000,44,5.407266847222222,nan,False,0
10,0.05,0.9,16000,45,5.345038236111111,nan,False,0
10,0.05,0.9,16000,46,5.305707145833334,nan,False,0
10,0.05,0.9,4000,42,4.743654833333332,nan,False,0
10,0.05,0.9,4000,43,4.7354421449275375,nan,False,0
10,0.05,0.9,4000,44,4.755005260869566,nan,False,0
10,0.05,0.9,4000,45,4.73152342962963,nan,False,0
10,0.05,0.9,4000,46,4.671001562962963,nan,False,0
10,0.05,0.9,64000,42,5.827789292517007,nan,False,0
10,0.05,0.9,64000,43,5.800143993055555,nan,False,0
10,0.05,0.9,64000,44,5.918855564625851,nan,False,0
10,0.05,0.9,64000,45,5.926318278911564,nan,False,0
10,0.05,0.9,64000,46,5.862288224489795,nan,False,0
10,0.064,0.95,1000,42,4.065355731707317,nan,False,0
10,0.064,0.95,1000,43,4.080164491666666,nan,False,0
10,0.064,0.95,1000,44,4.116940625,nan,False,0
10,0.064,0.95,1000,45,4.112991609756098,nan,False,0
10,0.064,0.95,1000,46,4.065612075,nan,False,0
10,0.064,0.95,4000,42,4.648671874074074,nan,False,0
10,0.064,0.95,4000,43,4.694540496296297,nan,False,0
10,0.064,0.95,4000,44,4.750126,nan,False,0
10,0.064,0.95,4000,45,4.7798071185185185,nan,False,0
10,0.064,0.95,4000,46,4.750571753623189,nan,False,0
10,0.064,0.995,1000,42,4.075498816666666,nan,False,0
10,0.064,0.995,1000,43,4.132665414634146,nan,False,0
10,0.064,0.995,1000,44,4.147175203252033,nan,False,0
10,0.064,0.995,1000,45,4.108235455284553,nan,False,0
10,0.064,0.995,1000,46,4.084167552845528,nan,False,0
10,0.064,0.995,4000,42,4.720891007407407,nan,False,0
10,0.064,0.995,4000,43,4.704340281481482,nan,False,0
10,0.064,0.995,4000,44,4.709623466666667,nan,False,0
10,0.064,0.995,4000,45,4.745997296296296,nan,False,0
10,0.064,0.995,4000,46,4.707369822222223,nan,False,0
10,0.064,0.999,1000,42,4.108626391666666,nan,False,0
10,0.064,0.999,1000,43,4.222280783333334,nan,False,0
10,0.064,0.999,1000,44,4.098415858333333,nan,False,0
10,0.064,0.999,1000,45,4.119989133333333,nan,False,0
10,0.064,0.999,1000,46,4.094519041666667,nan,False,0
10,0.064,0.999,4000,42,4.80377968939394,nan,False,0
10,0.064,0.999,4000,43,4.783286037878788,nan,False,0
10,0.064,0.999,4000,44,4.75670771969697,nan,False,0
10,0.064,0.999,4000,45,4.823928075757577,nan,False,0
10,0.064,0.999,4000,46,4.786219259259259,nan,False,0
10,0.064,0.99,1000,42,4.117484894308943,nan,False,0
10,0.064,0.99,1000,43,4.145636191666666,nan,False,0
10,0.064,0.99,1000,44,4.158173875,nan,False,0
10,0.064,0.99,1000,45,4.124169650000001,nan,False,0
10,0.064,0.99,1000,46,4.079196816666666,nan,False,0
10,0.064,0.99,4000,42,4.695258303703704,nan,False,0
10,0.064,0.99,4000,43,4.69185205925926,nan,False,0
10,0.064,0.99,4000,44,4.712084481481481,nan,False,0
10,0.064,0.99,4000,45,4.765657466666667,nan,False,0
10,0.064,0.99,4000,46,4.6727076,nan,False,0
10,0.064,0.9,1000,42,4.104119258333332,nan,False,0
10,0.064,0.9,1000,43,4.1274746097560975,nan,False,0
10,0.064,0.9,1000,44,4.091516333333334,nan,False,0
10,0.064,0.9,1000,45,4.0944299583333335,nan,False,0
10,0.064,0.9,1000,46,4.036049016260163,nan,False,0
10,0.064,0.9,4000,42,4.653980377777779,nan,False,0
10,0.064,0.9,4000,43,4.734297548148148,nan,False,0
10,0.064,0.9,4000,44,4.741825036231885,nan,False,0
10,0.064,0.9,4000,45,4.7224406231884055,nan,False,0
10,0.064,0.9,4000,46,4.6897223985507255,nan,False,0
10,0.0,0.95,1000,42,3.7917003188405793,nan,False,0
10,0.0,0.95,1000,43,3.7404283768115945,nan,False,0
10,0.0,0.95,1000,44,3.751134120567376,nan,False,0
10,0.0,0.95,1000,45,3.7208114680851065,nan,False,2
10,0.0,0.95,1000,46,3.719971510638298,nan,False,2
10,0.0,0.95,16000,42,4.510147422222222,nan,False,0
10,0.0,0.95,16000,43,4.521654544444444,nan,False,0
10,0.0,0.95,16000,44,4.5268107,nan,False,0
10,0.0,0.95,16000,45,4.49585557062147,nan,False,0
10,0.0,0.95,16000,46,4.455424633333334,nan,False,0
10,0.0,0.95,256000,42,5.156347296296297,nan,False,0
10,0.0,0.95,256000,43,5.220918072916667,nan,False,0
10,0.0,0.95,256000,44,5.219321364583334,nan,False,0
10,0.0,0.95,256000,45,5.223779703125,nan,False,0
10,0.0,0.95,256000,46,5.224347739583333,nan,False,0
10,0.0,0.95,4000,42,4.1176481172839505,nan,False,0
10,0.0,0.95,4000,43,4.110011381818182,nan,False,0
10,0.0,0.95,4000,44,4.106716563636363,nan,False,0
10,0.0,0.95,4000,45,4.219915438271604,nan,False,0
10,0.0,0.95,4000,46,4.145009870370371,nan,False,0
10,0.0,0.95,64000,42,4.829652059139785,nan,False,0
10,0.0,0.95,64000,43,4.861831529100531,nan,False,0
10,0.0,0.95,64000,44,4.856050795698924,nan,False,0
10,0.0,0.95,64000,45,4.82584353763441,nan,False,0
10,0.0,0.95,64000,46,4.8152692962962975,nan,False,0
10,0.0,0.995,1000,42,4.071292944444444,nan,False,0
10,0.0,0.995,1000,43,4.08571030952381,nan,False,0
10,0.0,0.995,1000,44,4.039048365079365,nan,False,0
10,0.0,0.995,1000,45,4.056059178861789,nan,False,0
10,0.0,0.995,1000,46,3.9378930697674415,nan,False,2
10,0.0,0.995,16000,42,4.60084033898305,nan,False,2
10,0.0,0.995,16000,43,4.671301965517242,nan,False,2
10,0.0,0.995,16000,44,4.558015705555556,nan,False,2
10,0.0,0.995,16000,45,4.704232879310344,nan,False,2
10,0.0,0.995,16000,46,4.622523124293786,nan,False,2
10,0.0,0.995,256000,42,5.155897259259259,nan,False,4
10,0.0,0.995,256000,43,5.392815000000001,nan,False,4
10,0.0,0.995,256000,44,5.033415777777778,nan,False,3
10,0.0,0.995,256000,45,5.547932428571428,nan,False,4
10,0.0,0.995,256000,46,4.840493066666667,nan,False,2
10,0.0,0.995,4000,42,4.4024775228758175,nan,False,2
10,0.0,0.995,4000,43,4.486167853333333,nan,False,2
10,0.0,0.995,4000,44,4.423146906666667,nan,False,2
10,0.0,0.995,4000,45,4.373234784313726,nan,False,2
10,0.0,0.995,4000,46,4.428565784313725,nan,False,2
10,0.0,0.995,64000,42,4.64587068627451,nan,False,2
10,0.0,0.995,64000,43,4.666959064676617,nan,False,2
10,0.0,0.995,64000,44,4.690353202020202,nan,False,2
10,0.0,0.995,64000,45,4.656139950248757,nan,False,2
10,0.0,0.995,64000,46,4.760683267676768,nan,False,2
10,0.0,0.999,1000,42,2.847196461111111,nan,False,2
10,0.0,0.999,1000,43,3.263496249999999,nan,False,2
10,0.0,0.999,1000,44,2.44983400952381,nan,False,2
10,0.0,0.999,1000,45,2.6452916827956985,nan,False,2
10,0.0,0.999,1000,46,2.4267006767676764,nan,False,2
10,0.0,0.999,16000,42,0.6396583333333333,1.834757,True,2
10,0.0,0.999,16000,43,0.5916056666666667,1.901317,True,2
10,0.0,0.999,16000,44,0.6406893333333333,1.827586,True,2
10,0.0,0.999,16000,45,0.568918,1.838528,True,2
10,0.0,0.999,16000,46,0.6394860000000001,1.691485,True,2
10,0.0,0.999,256000,42,0.6204836666666667,1.924849,True,2
10,0.0,0.999,256000,43,0.6416756666666666,1.831331,True,2
10,0.0,0.999,256000,44,0.616806,1.840074,True,2
10,0.0,0.999,256000,45,0.6269426666666668,1.82964,True,4
10,0.0,0.999,256000,46,0.6402786666666667,1.826081,True,2
10,0.0,0.999,4000,42,0.5778783333333334,1.768727,True,2
10,0.0,0.999,4000,43,0.5693356666666666,1.968721,True,2
10,0.0,0.999,4000,44,0.7238473333333334,1.874603,True,2
10,0.0,0.999,4000,45,0.6413603333333332,1.670474,True,2
10,0.0,0.999,4000,46,0.6332653333333335,1.921923,True,2
10,0.0,0.999,64000,42,0.6106563333333334,1.861673,True,2
10,0.0,0.999,64000,43,0.6068206666666667,1.859897,True,2
10,0.0,0.999,64000,44,0.6157236666666667,1.866952,True,2
10,0.0,0.999,64000,45,0.618224,1.876221,True,2
10,0.0,0.999,64000,46,0.6277026666666666,1.862778,True,2
10,0.0,0.99,1000,42,4.051956111111112,nan,False,0
10,0.0,0.99,1000,43,4.05586426984127,nan,False,0
10,0.0,0.99,1000,44,4.109997912698413,nan,False,0
10,0.0,0.99,1000,45,4.042780333333333,nan,False,0
10,0.0,0.99,1000,46,4.034444293650794,nan,False,0
10,0.0,0.99,16000,42,4.981939547169811,nan,False,2
10,0.0,0.99,16000,43,4.984319518518519,nan,False,2
10,0.0,0.99,16000,44,4.9946905786163525,nan,False,1
10,0.0,0.99,16000,45,4.920324327160494,nan,False,2
10,0.0,0.99,16000,46,4.978744580246913,nan,False,2
10,0.0,0.99,256000,42,5.511047109289617,nan,False,0
10,0.0,0.99,256000,43,5.475254698924733,nan,False,2
10,0.0,0.99,256000,44,5.544959901639345,nan,False,0
10,0.0,0.99,256000,45,5.595890377777778,nan,False,0
10,0.0,0.99,256000,46,5.592476715846995,nan,False,0
10,0.0,0.99,4000,42,4.5197037959183675,nan,False,0
10,0.0,0.99,4000,43,4.551594380952381,nan,False,0
10,0.0,0.99,4000,44,4.579038496598639,nan,False,0
10,0.0,0.99,4000,45,4.59511144217687,nan,False,0
10,0.0,0.99,4000,46,4.55285225,nan,False,0
10,0.0,0.99,64000,42,5.297928390804598,nan,False,1
10,0.0,0.99,64000,43,5.259679327683615,nan,False,2
10,0.0,0.99,64000,44,5.310232275862069,nan,False,0
10,0.0,0.99,64000,45,5.311863586206897,nan,False,0
10,0.0,0.99,64000,46,5.271647903954802,nan,False,2
10,0.0,0.9,1000,42,3.8457454592592586,nan,False,0
10,0.0,0.9,1000,43,3.9298356279069764,nan,False,0
10,0.0,0.9,1000,44,3.907501287878788,nan,False,0
10,0.0,0.9,1000,45,3.881561689393939,nan,False,0
10,0.0,0.9,1000,46,3.8807180909090913,nan,False,0
10,0.0,0.9,16000,42,4.833474438271605,nan,False,0
10,0.0,0.9,16000,43,4.864766858024691,nan,False,0
10,0.0,0.9,16000,44,4.874824450617284,nan,False,0
10,0.0,0.9,16000,45,4.844615969696969,nan,False,0
10,0.0,0.9,16000,46,4.839116759259259,nan,False,0
10,0.0,0.9,256000,42,5.648500086206897,nan,False,0
10,0.0,0.9,256000,43,5.633396591954023,nan,False,0
10,0.0,0.9,256000,44,5.643319942528736,nan,False,0
10,0.0,0.9,256000,45,5.64311741954023,nan,False,0
10,0.0,0.9,256000,46,5.654891419540229,nan,False,0
10,0.0,0.9,4000,42,4.369771581699346,nan,False,0
10,0.0,0.9,4000,43,4.347102346405229,nan,False,0
10,0.0,0.9,4000,44,4.390489843137256,nan,False,0
10,0.0,0.9,4000,45,4.385356169934641,nan,False,0
10,0.0,0.9,4000,46,4.321443111111111,nan,False,0
10,0.0,0.9,64000,42,5.229784192982455,nan,False,0
10,0.0,0.9,64000,43,5.24747970760234,nan,False,0
10,0.0,0.9,64000,44,5.290339426900585,nan,False,0
10,0.0,0.9,64000,45,5.230129596491228,nan,False,0
10,0.0,0.9,64000,46,5.225286742690058,nan,False,0
11,0.001,0.995,1000,42,3.4961710680272104,nan,False,2
11,0.001,0.995,1000,43,3.635981794326241,nan,False,2
11,0.001,0.995,1000,44,3.3658191474358974,nan,False,2
11,0.001,0.995,1000,45,3.570695847222222,nan,False,2
11,0.001,0.995,1000,46,3.582506145833333,nan,False,2
11,0.001,0.995,16000,42,2.474572333333333,1.452755,True,4
11,0.001,0.995,16000,43,2.393027,1.38931,True,2
11,0.001,0.995,16000,44,2.417590666666667,1.452383,True,4
11,0.001,0.995,16000,45,2.475909666666667,1.38931,True,2
11,0.001,0.995,16000,46,2.2418453333333335,1.452426,True,4
11,0.001,0.995,4000,42,3.2869384685990335,nan,False,2
11,0.001,0.995,4000,43,3.198564577464789,nan,False,2
11,0.001,0.995,4000,44,3.2063561032863843,nan,False,2
11,0.001,0.995,4000,45,3.216401328638497,nan,False,2
11,0.001,0.995,4000,46,3.4888805230769235,nan,False,2
11,0.001,0.999,1000,42,4.13470324390244,nan,False,0
11,0.001,0.999,1000,43,4.177117641666667,nan,False,0
11,0.001,0.999,1000,44,4.12178481300813,nan,False,0
11,0.001,0.999,1000,45,3.9910331138211377,nan,False,2
11,0.001,0.999,1000,46,4.158134441666666,nan,False,0
11,0.001,0.999,16000,42,5.321683027777778,nan,False,0
11,0.001,0.999,16000,43,5.320053551020408,nan,False,2
11,0.001,0.999,16000,44,5.357674763888888,nan,False,0
11,0.001,0.999,16000,45,5.2520320952380946,nan,False,2
11,0.001,0.999,16000,46,5.16700644,nan,False,2
11,0.001,0.999,4000,42,4.564770312499999,nan,False,2
11,0.001,0.999,4000,43,4.766668053030304,nan,False,0
11,0.001,0.999,4000,44,4.767579192592593,nan,False,0
11,0.001,0.999,4000,45,4.758241548148147,nan,False,0
11,0.001,0.999,4000,46,4.641707065217392,nan,False,2
11,0.001,0.99,1000,42,3.7600197463768112,nan,False,2
11,0.001,0.99,1000,43,3.7103906376811597,nan,False,2
11,0.001,0.99,1000,44,3.919577143939394,nan,False,2
11,0.001,0.99,1000,45,3.713220014492754,nan,False,2
11,0.001,0.99,1000,46,3.8685937121212124,nan,False,2
11,0.001,0.99,16000,42,3.9276253333333333,1.270039,True,2
11,0.001,0.99,16000,43,3.771292666666667,1.270039,True,2
11,0.001,0.99,16000,44,3.658332,1.328337,True,2
11,0.001,0.99,16000,45,3.70208,1.270039,True,2
11,0.001,0.99,16000,46,3.815028333333333,1.2143,True,2
11,0.001,0.99,4000,42,4.042090952380953,nan,False,2
11,0.001,0.99,4000,43,3.904114574712643,nan,False,2
11,0.001,0.99,4000,44,3.692956087431694,nan,False,2
11,0.001,0.99,4000,45,3.841391666666667,nan,False,2
11,0.001,0.99,4000,46,3.8604212146892656,nan,False,2
11,0.004,0.95,1000,42,3.973945325396825,nan,False,0
11,0.004,0.95,1000,43,4.004475063492064,nan,False,0
11,0.004,0.95,1000,44,4.011042428571429,nan,False,0
11,0.004,0.95,1000,45,4.008488507936509,nan,False,0
11,0.004,0.95,1000,46,3.953200642857143,nan,False,0
11,0.004,0.95,16000,42,4.9520539259259255,nan,False,0
11,0.004,0.95,16000,43,4.978626271604939,nan,False,0
11,0.004,0.95,16000,44,4.932697050314466,nan,False,0
11,0.004,0.95,16000,45,4.927229981481481,nan,False,0
11,0.004,0.95,16000,46,4.926199654320987,nan,False,0
11,0.004,0.95,4000,42,4.490753448979592,nan,False,0
11,0.004,0.95,4000,43,4.467569026666666,nan,False,0
11,0.004,0.95,4000,44,4.498051435374149,nan,False,0
11,0.004,0.95,4000,45,4.5084699319727894,nan,False,0
11,0.004,0.95,4000,46,4.491340965277778,nan,False,0
11,0.004,0.995,1000,42,3.84291403030303,nan,False,2
11,0.004,0.995,1000,43,3.829976689393939,nan,False,2
11,0.004,0.995,1000,44,3.692647152173914,nan,False,2
11,0.004,0.995,1000,45,3.6500991014492747,nan,False,2
11,0.004,0.995,1000,46,3.576856347222222,nan,False,2
11,0.004,0.995,16000,42,2.826578,1.38931,True,2
11,0.004,0.995,16000,43,2.9270756666666666,1.453082,True,2
11,0.004,0.995,16000,44,2.913437666666667,1.453082,True,2
11,0.004,0.995,16000,45,2.861940666666667,1.452776,True,2
11,0.004,0.995,16000,46,2.6826693333333336,1.453082,True,2
11,0.004,0.995,4000,42,3.612288042328043,nan,False,2
11,0.004,0.995,4000,43,3.4442457020202024,nan,False,2
11,0.004,0.995,4000,44,3.6641289784946234,nan,False,2
11,0.004,0.995,4000,45,3.5684244479166667,nan,False,2
11,0.004,0.995,4000,46,3.601140412698413,nan,False,2
11,0.004,0.999,1000,42,4.175437658119658,nan,False,0
11,0.004,0.999,1000,43,4.114853375,nan,False,0
11,0.004,0.999,1000,44,4.133645076923077,nan,False,0
11,0.004,0.999,1000,45,4.204252401709402,nan,False,0
11,0.004,0.999,1000,46,4.165557777777777,nan,False,0
11,0.004,0.999,16000,42,5.296652945578232,nan,False,2
11,0.004,0.999,16000,43,5.2860278194444446,nan,False,1
11,0.004,0.999,16000,44,5.2976511041666665,nan,False,0
11,0.004,0.999,16000,45,5.300821476190476,nan,False,2
11,0.004,0.999,16000,46,5.354844798611111,nan,False,0
11,0.004,0.999,4000,42,4.672379855072465,nan,False,2
11,0.004,0.999,4000,43,4.705238449275363,nan,False,2
11,0.004,0.999,4000,44,4.758416829629629,nan,False,0
11,0.004,0.999,4000,45,4.801276103703704,nan,False,0
11,0.004,0.999,4000,46,4.688882876811595,nan,False,2
11,0.005,0.995,1000,42,3.971308936507936,nan,False,2
11,0.005,0.995,1000,43,3.785728251851852,nan,False,2
11,0.005,0.995,1000,44,3.838437106060607,nan,False,2
11,0.005,0.995,1000,45,3.787426496296296,nan,False,2
11,0.005,0.995,1000,46,3.87180846511628,nan,False,2
11,0.005,0.995,16000,42,3.2533883333333335,1.589543,True,2
11,0.005,0.995,16000,43,3.308082,1.519367,True,2
11,0.005,0.995,16000,44,3.5036880000000004,1.519321,True,2
11,0.005,0.995,16000,45,3.21069,1.519782,True,2
11,0.005,0.995,16000,46,3.2195156666666667,1.519782,True,2
11,0.005,0.995,256000,42,3.525525,1.541062,True,4
11,0.005,0.995,256000,43,3.5269399999999997,1.464954,True,4
11,0.005,0.995,256000,44,3.393005,1.541135,True,4
11,0.005,0.995,256000,45,3.400673,1.541115,True,4
11,0.005,0.995,256000,46,3.446346333333333,1.464999,True,4
11,0.005,0.995,4000,42,4.007135047619047,nan,False,2
11,0.005,0.995,4000,43,4.142308018518518,nan,False,2
11,0.005,0.995,4000,44,3.8266645028248587,nan,False,2
11,0.005,0.995,4000,45,3.83809904519774,nan,False,2
11,0.005,0.995,4000,46,3.8320053389830506,nan,False,2
11,0.005,0.995,64000,42,3.3368173333333337,1.597292,True,4
11,0.005,0.995,64000,43,3.4508333333333336,1.451557,True,4
11,0.005,0.995,64000,44,3.3293393333333334,1.522562,True,4
11,0.005,0.995,64000,45,3.3622563333333333,1.522768,True,4
11,0.005,0.995,64000,46,3.4228426666666665,1.522426,True,4
11,0.005,0.999,1000,42,4.198878803418805,nan,False,0
11,0.005,0.999,1000,43,4.143911258333333,nan,False,0
11,0.005,0.999,1000,44,4.188865666666667,nan,False,0
11,0.005,0.999,1000,45,4.205739333333333,nan,False,0
11,0.005,0.999,1000,46,4.146382691666666,nan,False,0
11,0.005,0.999,16000,42,5.350044936170214,nan,False,0
11,0.005,0.999,16000,43,5.403450042553191,nan,False,0
11,0.005,0.999,16000,44,5.436432156028369,nan,False,0
11,0.005,0.999,16000,45,5.407963819444444,nan,False,0
11,0.005,0.999,16000,46,5.366658907801418,nan,False,0
11,0.005,0.999,256000,42,6.3045924599999985,nan,False,0
11,0.005,0.999,256000,43,6.339756846666667,nan,False,0
11,0.005,0.999,256000,44,6.292163846666667,nan,False,0
11,0.005,0.999,256000,45,6.2828370399999995,nan,False,0
11,0.005,0.999,256000,46,6.3849483,nan,False,0
11,0.005,0.999,4000,42,4.748933955555556,nan,False,0
11,0.005,0.999,4000,43,4.7800452444444455,nan,False,0
11,0.005,0.999,4000,44,4.766149712121212,nan,False,0
11,0.005,0.999,4000,45,4.885748287878787,nan,False,0
11,0.005,0.999,4000,46,4.807204333333332,nan,False,0
11,0.005,0.999,64000,42,5.852534753333333,nan,False,0
11,0.005,0.999,64000,43,5.862477786666666,nan,False,0
11,0.005,0.999,64000,44,5.836600206666667,nan,False,0
11,0.005,0.999,64000,45,5.826957625850341,nan,False,0
11,0.005,0.999,64000,46,5.838269913333332,nan,False,0
11,0.005,0.99,1000,42,3.9651846031746034,nan,False,0
11,0.005,0.99,1000,43,3.959173728682171,nan,False,2
11,0.005,0.99,1000,44,4.007652642857143,nan,False,0
11,0.005,0.99,1000,45,4.03203988888889,nan,False,0
11,0.005,0.99,1000,46,3.95031396124031,nan,False,2
11,0.005,0.99,16000,42,4.54508313559322,nan,False,2
11,0.005,0.99,16000,43,4.55283409039548,nan,False,2
11,0.005,0.99,16000,44,4.607597373563218,nan,False,2
11,0.005,0.99,16000,45,4.5446239830508475,nan,False,2
11,0.005,0.99,16000,46,4.613230146892655,nan,False,2
11,0.005,0.99,256000,42,6.874108777777778,nan,False,2
11,0.005,0.99,256000,43,7.027414916666667,nan,False,2
11,0.005,0.99,256000,44,6.7715615,nan,False,2
11,0.005,0.99,256000,45,7.2427154444444435,nan,False,2
11,0.005,0.99,256000,46,6.637120499999999,nan,False,4
11,0.005,0.99,4000,42,4.408165033333334,nan,False,2
11,0.005,0.99,4000,43,4.380649573333334,nan,False,2
11,0.005,0.99,4000,44,4.336367607843137,nan,False,2
11,0.005,0.99,4000,45,4.442625593333333,nan,False,2
11,0.005,0.99,4000,46,4.3557489346405225,nan,False,2
11,0.005,0.99,64000,42,4.795332291666667,nan,False,2
11,0.005,0.99,64000,43,4.782414125,nan,False,2
11,0.005,0.99,64000,44,4.792947895833334,nan,False,2
11,0.005,0.99,64000,45,4.81683340625,nan,False,2
11,0.005,0.99,64000,46,4.813949979166667,nan,False,2
11,0.015,0.95,1000,42,4.171116083333334,nan,False,0
11,0.015,0.95,1000,43,4.202035974358975,nan,False,0
11,0.015,0.95,1000,44,4.205587516666666,nan,False,0
11,0.015,0.95,1000,45,4.185971700854702,nan,False,0
11,0.015,0.95,1000,46,4.138094538461538,nan,False,0
11,0.015,0.95,16000,42,5.365929979166666,nan,False,0
11,0.015,0.95,16000,43,5.3982872152777786,nan,False,0
11,0.015,0.95,16000,44,5.401509173611111,nan,False,0
11,0.015,0.95,16000,45,5.343637527777777,nan,False,0
11,0.015,0.95,16000,46,5.356964027777778,nan,False,0
11,0.015,0.95,256000,42,6.310198653333333,nan,False,0
11,0.015,0.95,256000,43,6.3484281733333345,nan,False,0
11,0.015,0.95,256000,44,6.272774414965988,nan,False,0
11,0.015,0.95,256000,45,6.356383626666667,nan,False,0
11,0.015,0.95,256000,46,6.369969520000001,nan,False,0
11,0.015,0.95,4000,42,4.78367340909091,nan,False,0
11,0.015,0.95,4000,43,4.761695106060606,nan,False,0
11,0.015,0.95,4000,44,4.824592916666667,nan,False,0
11,0.015,0.95,4000,45,4.834575454545455,nan,False,0
11,0.015,0.95,4000,46,4.787976931818182,nan,False,0
11,0.015,0.95,64000,42,5.830290263888888,nan,False,0
11,0.015,0.95,64000,43,5.901556224489795,nan,False,0
11,0.015,0.95,64000,44,5.9050606875,nan,False,0
11,0.015,0.95,64000,45,5.8512035,nan,False,0
11,0.015,0.95,64000,46,5.92539561904762,nan,False,0
11,0.015,0.995,1000,42,4.190716041666667,nan,False,0
11,0.015,0.995,1000,43,4.224497375,nan,False,0
11,0.015,0.995,1000,44,4.228920133333333,nan,False,0
11,0.015,0.995,1000,45,4.201888375,nan,False,0
11,0.015,0.995,1000,46,4.1295063333333335,nan,False,0
11,0.015,0.995,16000,42,5.3730531388888885,nan,False,0
11,0.015,0.995,16000,43,5.375428236111111,nan,False,0
11,0.015,0.995,16000,44,5.381652395833334,nan,False,0
11,0.015,0.995,16000,45,5.340458833333333,nan,False,0
11,0.015,0.995,16000,46,5.341163979166666,nan,False,0
11,0.015,0.995,256000,42,6.228366206666667,nan,False,0
11,0.015,0.995,256000,43,6.2441683999999995,nan,False,0
11,0.015,0.995,256000,44,6.355958210884354,nan,False,0
11,0.015,0.995,256000,45,6.25783396,nan,False,0
11,0.015,0.995,256000,46,6.295967226666667,nan,False,0
11,0.015,0.995,4000,42,4.8220329924242415,nan,False,0
11,0.015,0.995,4000,43,4.7998221893939395,nan,False,0
11,0.015,0.995,4000,44,4.817662893939393,nan,False,0
11,0.015,0.995,4000,45,4.88418168939394,nan,False,0
11,0.015,0.995,4000,46,4.810670522727273,nan,False,0
11,0.015,0.995,64000,42,5.873276034013604,nan,False,0
11,0.015,0.995,64000,43,5.831944639455783,nan,False,0
11,0.015,0.995,64000,44,5.9320145510204085,nan,False,0
11,0.015,0.995,64000,45,5.891265700680272,nan,False,0
11,0.015,0.995,64000,46,5.874027469387754,nan,False,0
11,0.015,0.999,1000,42,4.142059085470086,nan,False,0
11,0.015,0.999,1000,43,4.1741102393162395,nan,False,0
11,0.015,0.999,1000,44,4.231860846153846,nan,False,0
11,0.015,0.999,1000,45,4.160667572649572,nan,False,0
11,0.015,0.999,1000,46,4.147055470085469,nan,False,0
11,0.015,0.999,16000,42,5.437306212765957,nan,False,0
11,0.015,0.999,16000,43,5.454497609929079,nan,False,0
11,0.015,0.999,16000,44,5.449107382978723,nan,False,0
11,0.015,0.999,16000,45,5.381145390070921,nan,False,0
11,0.015,0.999,16000,46,5.347807014184397,nan,False,0
11,0.015,0.999,256000,42,6.3316672857142855,nan,False,0
11,0.015,0.999,256000,43,6.3551623333333325,nan,False,0
11,0.015,0.999,256000,44,6.35180231292517,nan,False,0
11,0.015,0.999,256000,45,6.330770707482993,nan,False,0
11,0.015,0.999,4000,42,4.772323204545455,nan,False,0
11,0.015,0.999,4000,43,4.726552446969698,nan,False,0
11,0.015,0.999,4000,44,4.774366022727272,nan,False,0
11,0.015,0.999,4000,45,4.8998598181818185,nan,False,0
11,0.015,0.999,4000,46,4.779717622222222,nan,False,0
11,0.015,0.999,64000,42,5.895949578231292,nan,False,0
11,0.015,0.999,64000,43,5.891870972789117,nan,False,0
11,0.015,0.999,64000,44,5.937018115646258,nan,False,0
11,0.015,0.999,64000,45,5.890882918367348,nan,False,0
11,0.015,0.999,64000,46,5.891567972789115,nan,False,0
11,0.015,0.99,1000,42,4.2157500341880345,nan,False,0
11,0.015,0.99,1000,43,4.201530233333333,nan,False,0
11,0.015,0.99,1000,44,4.2348389,nan,False,0
11,0.015,0.99,1000,45,4.193650572649572,nan,False,0
11,0.015,0.99,1000,46,4.162178391666667,nan,False,0
11,0.015,0.99,16000,42,5.362887465277777,nan,False,0
11,0.015,0.99,16000,43,5.355483437499999,nan,False,0
11,0.015,0.99,16000,44,5.426181041666667,nan,False,0
11,0.015,0.99,16000,45,5.3856956875,nan,False,0
11,0.015,0.99,16000,46,5.331663638888888,nan,False,0
11,0.015,0.99,256000,42,6.292815966666667,nan,False,0
11,0.015,0.99,256000,43,6.328689775510204,nan,False,0
11,0.015,0.99,256000,44,6.291749146666666,nan,False,0
11,0.015,0.99,256000,45,6.293530120000001,nan,False,0
11,0.015,0.99,256000,46,6.303685206666666,nan,False,0
11,0.015,0.99,4000,42,4.793597022727273,nan,False,0
11,0.015,0.99,4000,43,4.817246712121213,nan,False,0
11,0.015,0.99,4000,44,4.82703346969697,nan,False,0
11,0.015,0.99,4000,45,4.8589388181818185,nan,False,0
11,0.015,0.99,4000,46,4.799988734848486,nan,False,0
11,0.015,0.99,64000,42,5.855421945578231,nan,False,0
11,0.015,0.99,64000,43,5.876859714285714,nan,False,0
11,0.015,0.99,64000,44,5.931900299319728,nan,False,0
11,0.015,0.99,64000,45,5.9032822176870745,nan,False,0
11,0.015,0.99,64000,46,5.874739401360543,nan,False,0
11,0.015,0.9,1000,42,4.178227791666667,nan,False,0
11,0.015,0.9,1000,43,4.1942853,nan,False,0
11,0.015,0.9,1000,44,4.208518000000001,nan,False,0
11,0.015,0.9,1000,45,4.174431883333333,nan,False,0
11,0.015,0.9,1000,46,4.130367058333333,nan,False,0
11,0.015,0.9,16000,42,5.395337201388888,nan,False,0
11,0.015,0.9,16000,43,5.350636680851064,nan,False,0
11,0.015,0.9,16000,44,5.36908104964539,nan,False,0
11,0.015,0.9,16000,45,5.396939930555557,nan,False,0
11,0.015,0.9,16000,46,5.357264791666666,nan,False,0
11,0.015,0.9,256000,42,6.2836539931972775,nan,False,0
11,0.015,0.9,256000,43,6.305540210884354,nan,False,0
11,0.015,0.9,256000,44,6.289504278911564,nan,False,0
11,0.015,0.9,256000,45,6.2787508707483,nan,False,0
11,0.015,0.9,256000,46,6.3376306530612245,nan,False,0
11,0.015,0.9,4000,42,4.794131606060605,nan,False,0
11,0.015,0.9,4000,43,4.784304984848485,nan,False,0
11,0.015,0.9,4000,44,4.79685278030303,nan,False,0
11,0.015,0.9,4000,45,4.865229674242424,nan,False,0
11,0.015,0.9,4000,46,4.7636955151515155,nan,False,0
11,0.015,0.9,64000,42,5.8220422380952375,nan,False,0
11,0.015,0.9,64000,43,5.797693482993198,nan,False,0
11,0.015,0.9,64000,44,5.868003061224491,nan,False,0
11,0.015,0.9,64000,45,5.8168968163265315,nan,False,0
11,0.015,0.9,64000,46,5.800330857142857,nan,False,0
11,0.016,0.95,1000,42,4.1607450083333335,nan,False,0
11,0.016,0.95,1000,43,4.20747975,nan,False,0
11,0.016,0.95,1000,44,4.21895035,nan,False,0
11,0.016,0.95,1000,45,4.165635483333334,nan,False,0
11,0.016,0.95,1000,46,4.158785583333334,nan,False,0
11,0.016,0.95,16000,42,5.372916930555555,nan,False,0
11,0.016,0.95,16000,43,5.404645569444445,nan,False,0
11,0.016,0.95,16000,44,5.401119513888889,nan,False,0
11,0.016,0.95,16000,45,5.352023201388889,nan,False,0
11,0.016,0.95,16000,46,5.348159923611111,nan,False,0
11,0.016,0.95,4000,42,4.792414257575757,nan,False,0
11,0.016,0.95,4000,43,4.7889447121212125,nan,False,0
11,0.016,0.95,4000,44,4.819192795454546,nan,False,0
11,0.016,0.95,4000,45,4.854166810606061,nan,False,0
11,0.016,0.95,4000,46,4.794619969696969,nan,False,0
11,0.016,0.995,1000,42,4.173736558333333,nan,False,0
11,0.016,0.995,1000,43,4.217667435897436,nan,False,0
11,0.016,0.995,1000,44,4.207128308333333,nan,False,0
11,0.016,0.995,1000,45,4.162485558333333,nan,False,0
11,0.016,0.995,1000,46,4.160878641666667,nan,False,0
11,0.016,0.995,16000,42,5.397294180555556,nan,False,0
11,0.016,0.995,16000,43,5.373824777777778,nan,False,0
11,0.016,0.995,16000,44,5.393648354166667,nan,False,0
11,0.016,0.995,16000,45,5.38108854861111,nan,False,0
11,0.016,0.995,16000,46,5.318488041666667,nan,False,0
11,0.016,0.995,4000,42,4.801565568181819,nan,False,0
11,0.016,0.995,4000,43,4.81246834090909,nan,False,0
11,0.016,0.995,4000,44,4.827464128787879,nan,False,0
11,0.016,0.995,4000,45,4.883782272727274,nan,False,0
11,0.016,0.995,4000,46,4.813849893939394,nan,False,0
11,0.016,0.999,1000,42,4.195287179487178,nan,False,0
11,0.016,0.999,1000,43,4.169476256410256,nan,False,0
11,0.016,0.999,1000,44,4.186623256410257,nan,False,0
11,0.016,0.999,1000,45,4.208728393162393,nan,False,0
11,0.016,0.999,1000,46,4.153564564102564,nan,False,0
11,0.016,0.999,16000,42,5.387779127659574,nan,False,0
11,0.016,0.999,16000,43,5.42092220567376,nan,False,0
11,0.016,0.999,16000,44,5.467776049645391,nan,False,0
11,0.016,0.999,16000,45,5.408482028368795,nan,False,0
11,0.016,0.999,16000,46,5.407590156028368,nan,False,0
11,0.016,0.999,4000,42,4.7969006518518515,nan,False,0
11,0.016,0.999,4000,43,4.764810727272728,nan,False,0
11,0.016,0.999,4000,44,4.775704060606061,nan,False,0
11,0.016,0.999,4000,45,4.911820409090909,nan,False,0
11,0.016,0.999,4000,46,4.788982696296297,nan,False,0
11,0.016,0.99,1000,42,4.1894813583333335,nan,False,0
11,0.016,0.99,1000,43,4.2223607083333325,nan,False,0
11,0.016,0.99,1000,44,4.240899982905982,nan,False,0
11,0.016,0.99,1000,45,4.194463170940171,nan,False,0
11,0.016,0.99,1000,46,4.153943166666666,nan,False,0
11,0.016,0.99,16000,42,5.391786055555556,nan,False,0
11,0.016,0.99,16000,43,5.390725618055555,nan,False,0
11,0.016,0.99,16000,44,5.408874326388889,nan,False,0
11,0.016,0.99,16000,45,5.357235076388889,nan,False,0
11,0.016,0.99,16000,46,5.340477631944445,nan,False,0
11,0.016,0.99,4000,42,4.800264424242425,nan,False,0
11,0.016,0.99,4000,43,4.810086166666665,nan,False,0
11,0.016,0.99,4000,44,4.804654560606061,nan,False,0
11,0.016,0.99,4000,45,4.86234428030303,nan,False,0
11,0.016,0.99,4000,46,4.811120272727273,nan,False,0
11,0.016,0.9,1000,42,4.183515441666667,nan,False,0
11,0.016,0.9,1000,43,4.221544846153845,nan,False,0
11,0.016,0.9,1000,44,4.180095341666666,nan,False,0
11,0.016,0.9,1000,45,4.159793258333333,nan,False,0
11,0.016,0.9,1000,46,4.1182122,nan,False,0
11,0.016,0.9,16000,42,5.340942716312057,nan,False,0
11,0.016,0.9,16000,43,5.357245843971631,nan,False,0
11,0.016,0.9,16000,44,5.372266936170212,nan,False,0
11,0.016,0.9,16000,45,5.338276127659576,nan,False,0
11,0.016,0.9,16000,46,5.401927958333334,nan,False,0
11,0.016,0.9,4000,42,4.78194246969697,nan,False,0
11,0.016,0.9,4000,43,4.776680469696969,nan,False,0
11,0.016,0.9,4000,44,4.845469969696969,nan,False,0
11,0.016,0.9,4000,45,4.8567168787878785,nan,False,0
11,0.016,0.9,4000,46,4.819408454545455,nan,False,0
11,0.03,0.95,1000,42,4.2007548833333335,nan,False,0
11,0.03,0.95,1000,43,4.1680358119658125,nan,False,0
11,0.03,0.95,1000,44,4.180018982905984,nan,False,0
11,0.03,0.95,1000,45,4.211837991666667,nan,False,0
11,0.03,0.95,1000,46,4.154915991666667,nan,False,0
11,0.03,0.95,16000,42,5.319147865248227,nan,False,0
11,0.03,0.95,16000,43,5.320973439716313,nan,False,0
11,0.03,0.95,16000,44,5.344828035460994,nan,False,0
11,0.03,0.95,16000,45,5.296981326241135,nan,False,0
11,0.03,0.95,16000,46,5.337721527777778,nan,False,0
11,0.03,0.95,4000,42,4.768697681818183,nan,False,0
11,0.03,0.95,4000,43,4.766255893939395,nan,False,0
11,0.03,0.95,4000,44,4.802408590909091,nan,False,0
11,0.03,0.95,4000,45,4.82414056060606,nan,False,0
11,0.03,0.95,4000,46,4.7801318030303035,nan,False,0
11,0.03,0.95,64000,42,5.862103129251701,nan,False,0
11,0.03,0.95,64000,43,5.866753040816327,nan,False,0
11,0.03,0.95,64000,44,5.906334469387754,nan,False,0
11,0.03,0.95,64000,45,5.8560079251700685,nan,False,0
11,0.03,0.95,64000,46,5.818986190476191,nan,False,0
11,0.03,0.995,1000,42,4.183714794871795,nan,False,0
11,0.03,0.995,1000,43,4.172840025641025,nan,False,0
11,0.03,0.995,1000,44,4.198915435897437,nan,False,0
11,0.03,0.995,1000,45,4.160642581196581,nan,False,0
11,0.03,0.995,1000,46,4.132994965811966,nan,False,0
11,0.03,0.995,16000,42,5.452553326241134,nan,False,0
11,0.03,0.995,16000,43,5.441870773049645,nan,False,0
11,0.03,0.995,16000,44,5.452168382978724,nan,False,0
11,0.03,0.995,16000,45,5.372084729166667,nan,False,0
11,0.03,0.995,16000,46,5.398019106382979,nan,False,0
11,0.03,0.995,4000,42,4.754266814814814,nan,False,0
11,0.03,0.995,4000,43,4.795627484848485,nan,False,0
11,0.03,0.995,4000,44,4.804409545454546,nan,False,0
11,0.03,0.995,4000,45,4.846605189393939,nan,False,0
11,0.03,0.995,4000,46,4.822755568181819,nan,False,0
11,0.03,0.995,64000,42,5.824282229166667,nan,False,0
11,0.03,0.995,64000,43,5.831753041666666,nan,False,0
11,0.03,0.995,64000,44,5.9014651111111105,nan,False,0
11,0.03,0.995,64000,45,5.8381373125,nan,False,0
11,0.03,0.995,64000,46,5.903197850340136,nan,False,0
11,0.03,0.999,1000,42,4.146396846153848,nan,False,0
11,0.03,0.999,1000,43,4.140295239316238,nan,False,0
11,0.03,0.999,1000,44,4.235418632478632,nan,False,0
11,0.03,0.999,1000,45,4.197186188034188,nan,False,0
11,0.03,0.999,1000,46,4.194836076923076,nan,False,0
11,0.03,0.999,16000,42,5.45741068115942,nan,False,0
11,0.03,0.999,16000,43,5.429638985507247,nan,False,0
11,0.03,0.999,16000,44,5.469045166666667,nan,False,0
11,0.03,0.999,16000,45,5.426078521739131,nan,False,0
11,0.03,0.999,16000,46,5.391868049645391,nan,False,0
11,0.03,0.999,4000,42,4.791971734848485,nan,False,0
11,0.03,0.999,4000,43,4.78462780620155,nan,False,0
11,0.03,0.999,4000,44,4.896287204545454,nan,False,0
11,0.03,0.999,4000,45,4.867921705426357,nan,False,0
11,0.03,0.999,4000,46,4.785394984848486,nan,False,0
11,0.03,0.999,64000,42,5.910196881944444,nan,False,0
11,0.03,0.999,64000,43,5.887309763888889,nan,False,0
11,0.03,0.999,64000,44,5.938498333333334,nan,False,0
11,0.03,0.999,64000,45,5.94289904861111,nan,False,0
11,0.03,0.999,64000,46,5.903677916666666,nan,False,0
11,0.03,0.99,1000,42,4.159765606837605,nan,False,0
11,0.03,0.99,1000,43,4.207930777777778,nan,False,0
11,0.03,0.99,1000,44,4.201788743589744,nan,False,0
11,0.03,0.99,1000,45,4.181328717948717,nan,False,0
11,0.03,0.99,1000,46,4.136133076923076,nan,False,0
11,0.03,0.99,16000,42,5.438035021276596,nan,False,0
11,0.03,0.99,16000,43,5.455543673758866,nan,False,0
11,0.03,0.99,16000,44,5.468493078014185,nan,False,0
11,0.03,0.99,16000,45,5.454099397163121,nan,False,0
11,0.03,0.99,16000,46,5.382962390070923,nan,False,0
11,0.03,0.99,4000,42,4.79306178030303,nan,False,0
11,0.03,0.99,4000,43,4.792955750000001,nan,False,0
11,0.03,0.99,4000,44,4.824830643939394,nan,False,0
11,0.03,0.99,4000,45,4.868696575757576,nan,False,0
11,0.03,0.99,4000,46,4.798712757575758,nan,False,0
11,0.03,0.99,64000,42,5.836109493055556,nan,False,0
11,0.03,0.99,64000,43,5.829676798611111,nan,False,0
11,0.03,0.99,64000,44,5.891361875,nan,False,0
11,0.03,0.99,64000,45,5.839642868055556,nan,False,0
11,0.03,0.99,64000,46,5.828709916666667,nan,False,0
11,0.03,0.9,1000,42,4.1849014833333325,nan,False,0
11,0.03,0.9,1000,43,4.198511408333333,nan,False,0
11,0.03,0.9,1000,44,4.195216158333333,nan,False,0
11,0.03,0.9,1000,45,4.1746597916666675,nan,False,0
11,0.03,0.9,1000,46,4.1396762250000005,nan,False,0
11,0.03,0.9,16000,42,5.359298574468085,nan,False,0
11,0.03,0.9,16000,43,5.363401638297873,nan,False,0
11,0.03,0.9,16000,44,5.416138709219859,nan,False,0
11,0.03,0.9,16000,45,5.393028730496454,nan,False,0
11,0.03,0.9,16000,46,5.356266964539007,nan,False,0
11,0.03,0.9,4000,42,4.769053272727272,nan,False,0
11,0.03,0.9,4000,43,4.779796886363636,nan,False,0
11,0.03,0.9,4000,44,4.770626628787879,nan,False,0
11,0.03,0.9,4000,45,4.774221257575758,nan,False,0
11,0.03,0.9,4000,46,4.801389757575757,nan,False,0
11,0.03,0.9,64000,42,5.900448278911564,nan,False,0
11,0.03,0.9,64000,43,5.860366173611111,nan,False,0
11,0.03,0.9,64000,44,5.880050458333333,nan,False,0
11,0.03,0.9,64000,45,5.834297902777777,nan,False,0
11,0.03,0.9,64000,46,5.910333904761905,nan,False,0
11,0.05,0.95,1000,42,4.18234729059829,nan,False,0
11,0.05,0.95,1000,43,4.176862216666666,nan,False,0
11,0.05,0.95,1000,44,4.21658335042735,nan,False,0
11,0.05,0.95,1000,45,4.151468085470086,nan,False,0
11,0.05,0.95,1000,46,4.134954875,nan,False,0
11,0.05,0.95,16000,42,5.351326709219858,nan,False,0
11,0.05,0.95,16000,43,5.389563056737589,nan,False,0
11,0.05,0.95,16000,44,5.427967297872341,nan,False,0
11,0.05,0.95,16000,45,5.322419503546099,nan,False,0
11,0.05,0.95,16000,46,5.33125635460993,nan,False,0
11,0.05,0.95,4000,42,4.748452787878788,nan,False,0
11,0.05,0.95,4000,43,4.761967484848484,nan,False,0
11,0.05,0.95,4000,44,4.818354703703704,nan,False,0
11,0.05,0.95,4000,45,4.787268484848486,nan,False,0
11,0.05,0.95,4000,46,4.7692020681818175,nan,False,0
11,0.05,0.95,64000,42,5.872830819444445,nan,False,0
11,0.05,0.95,64000,43,5.838552777777778,nan,False,0
11,0.05,0.95,64000,44,5.962889013888888,nan,False,0
11,0.05,0.95,64000,45,5.8819379791666675,nan,False,0
11,0.05,0.95,64000,46,5.8665999513888885,nan,False,0
11,0.05,0.995,1000,42,4.166766307692308,nan,False,0
11,0.05,0.995,1000,43,4.154940692307692,nan,False,0
11,0.05,0.995,1000,44,4.168322974358974,nan,False,0
11,0.05,0.995,1000,45,4.169871733333333,nan,False,0
11,0.05,0.995,1000,46,4.152608766666666,nan,False,0
11,0.05,0.995,16000,42,5.35600729710145,nan,False,0
11,0.05,0.995,16000,43,5.346841893617021,nan,False,0
11,0.05,0.995,16000,44,5.399083478260869,nan,False,0
11,0.05,0.995,16000,45,5.372021,nan,False,0
11,0.05,0.995,16000,46,5.420492269503547,nan,False,0
11,0.05,0.995,4000,42,4.7635493409090905,nan,False,0
11,0.05,0.995,4000,43,4.790591848484848,nan,False,0
11,0.05,0.995,4000,44,4.794681045454545,nan,False,0
11,0.05,0.995,4000,45,4.8466054772727265,nan,False,0
11,0.05,0.995,4000,46,4.790260454545455,nan,False,0
11,0.05,0.995,64000,42,5.809991789115648,nan,False,0
11,0.05,0.995,64000,43,5.810403877551021,nan,False,0
11,0.05,0.995,64000,44,5.888072557823128,nan,False,0
11,0.05,0.995,64000,45,5.741651659722223,nan,False,0
11,0.05,0.995,64000,46,5.778363850340135,nan,False,0
11,0.05,0.999,1000,42,4.165495786324787,nan,False,0
11,0.05,0.999,1000,43,4.183616000000001,nan,False,0
11,0.05,0.999,1000,44,4.194706572649573,nan,False,0
11,0.05,0.999,1000,45,4.162302196581197,nan,False,0
11,0.05,0.999,1000,46,4.191749760683761,nan,False,0
11,0.05,0.999,16000,42,5.416344755555556,nan,False,0
11,0.05,0.999,16000,43,5.414660948148148,nan,False,0
11,0.05,0.999,16000,44,5.481854557971014,nan,False,0
11,0.05,0.999,16000,45,5.410034725925926,nan,False,0
11,0.05,0.999,16000,46,5.41426634057971,nan,False,0
11,0.05,0.999,4000,42,4.788970286821705,nan,False,0
11,0.05,0.999,4000,43,4.7452403565891474,nan,False,0
11,0.05,0.999,4000,44,4.866339840909091,nan,False,0
11,0.05,0.999,4000,45,4.879180162790697,nan,False,0
11,0.05,0.999,4000,46,4.829976401515151,nan,False,0
11,0.05,0.999,64000,42,5.894860645390072,nan,False,0
11,0.05,0.999,64000,43,5.881065170212767,nan,False,0
11,0.05,0.999,64000,44,5.950395893617022,nan,False,0
11,0.05,0.999,64000,45,5.873635226950356,nan,False,0
11,0.05,0.999,64000,46,5.835737402777778,nan,False,0
11,0.05,0.99,1000,42,4.168727358974359,nan,False,0
11,0.05,0.99,1000,43,4.165659760683761,nan,False,0
11,0.05,0.99,1000,44,4.183137700854702,nan,False,0
11,0.05,0.99,1000,45,4.179711683333333,nan,False,0
11,0.05,0.99,1000,46,4.146793141666667,nan,False,0
11,0.05,0.99,16000,42,5.384674688405797,nan,False,0
11,0.05,0.99,16000,43,5.378220297101449,nan,False,0
11,0.05,0.99,16000,44,5.417178869565218,nan,False,0
11,0.05,0.99,16000,45,5.3541335072463765,nan,False,0
11,0.05,0.99,16000,46,5.280010553191489,nan,False,0
11,0.05,0.99,4000,42,4.777162348484849,nan,False,0
11,0.05,0.99,4000,43,4.8043003560606055,nan,False,0
11,0.05,0.99,4000,44,4.805505522727273,nan,False,0
11,0.05,0.99,4000,45,4.82872287121212,nan,False,0
11,0.05,0.99,4000,46,4.80652271969697,nan,False,0
11,0.05,0.99,64000,42,5.805992714285714,nan,False,0
11,0.05,0.99,64000,43,5.832128149659863,nan,False,0
11,0.05,0.99,64000,44,5.894986857142858,nan,False,0
11,0.05,0.99,64000,45,5.8613970340136055,nan,False,0
11,0.05,0.99,64000,46,5.837914836734694,nan,False,0
11,0.05,0.9,1000,42,4.163101282051283,nan,False,0
11,0.05,0.9,1000,43,4.171011,nan,False,0
11,0.05,0.9,1000,44,4.1746876495726495,nan,False,0
11,0.05,0.9,1000,45,4.134703239316239,nan,False,0
11,0.05,0.9,1000,46,4.098676283333333,nan,False,0
11,0.05,0.9,16000,42,5.393228985815603,nan,False,0
11,0.05,0.9,16000,43,5.415324460992908,nan,False,0
11,0.05,0.9,16000,44,5.432720794326241,nan,False,0
11,0.05,0.9,16000,45,5.407170836879432,nan,False,0
11,0.05,0.9,16000,46,5.403180425531916,nan,False,0
11,0.05,0.9,4000,42,4.752029363636364,nan,False,0
11,0.05,0.9,4000,43,4.742590628787879,nan,False,0
11,0.05,0.9,4000,44,4.781006560606062,nan,False,0
11,0.05,0.9,4000,45,4.795253515151515,nan,False,0
11,0.05,0.9,4000,46,4.757005462121213,nan,False,0
11,0.05,0.9,64000,42,5.921322381944445,nan,False,0
11,0.05,0.9,64000,43,5.906797118055555,nan,False,0
11,0.05,0.9,64000,44,5.8833295177304965,nan,False,0
11,0.05,0.9,64000,45,5.941183944444444,nan,False,0
11,0.05,0.9,64000,46,5.9519345625,nan,False,0
11,0.064,0.95,1000,42,4.173460649572649,nan,False,0
11,0.064,0.95,1000,43,4.1399641916666665,nan,False,0
11,0.064,0.95,1000,44,4.222123974358975,nan,False,0
11,0.064,0.95,1000,45,4.163615025641025,nan,False,0
11,0.064,0.95,1000,46,4.1476862991453,nan,False,0
11,0.064,0.95,4000,42,4.737670484848485,nan,False,0
11,0.064,0.95,4000,43,4.758240212121212,nan,False,0
11,0.064,0.95,4000,44,4.7665251363636365,nan,False,0
11,0.064,0.95,4000,45,4.86829568939394,nan,False,0
11,0.064,0.95,4000,46,4.755189901515152,nan,False,0
11,0.064,0.995,1000,42,4.17576985,nan,False,0
11,0.064,0.995,1000,43,4.183131983333333,nan,False,0
11,0.064,0.995,1000,44,4.137448675213675,nan,False,0
11,0.064,0.995,1000,45,4.143342258333334,nan,False,0
11,0.064,0.995,1000,46,4.145932683333333,nan,False,0
11,0.064,0.995,4000,42,4.755419462121212,nan,False,0
11,0.064,0.995,4000,43,4.797850621212121,nan,False,0
11,0.064,0.995,4000,44,4.797790946969697,nan,False,0
11,0.064,0.995,4000,45,4.8581108030303035,nan,False,0
11,0.064,0.995,4000,46,4.793976348484849,nan,False,0
11,0.064,0.999,1000,42,4.1406177692307695,nan,False,0
11,0.064,0.999,1000,43,4.261833376068377,nan,False,0
11,0.064,0.999,1000,44,4.200124683760684,nan,False,0
11,0.064,0.999,1000,45,4.118426717948718,nan,False,0
11,0.064,0.999,1000,46,4.184319230769231,nan,False,0
11,0.064,0.999,4000,42,4.877529643410853,nan,False,0
11,0.064,0.999,4000,43,4.812029166666666,nan,False,0
11,0.064,0.999,4000,44,4.835986899224807,nan,False,0
11,0.064,0.999,4000,45,4.842271751937984,nan,False,0
11,0.064,0.999,4000,46,4.78707276744186,nan,False,0
11,0.064,0.99,1000,42,4.167967975000001,nan,False,0
11,0.064,0.99,1000,43,4.158148558333333,nan,False,0
11,0.064,0.99,1000,44,4.2029631,nan,False,0
11,0.064,0.99,1000,45,4.16969535,nan,False,0
11,0.064,0.99,1000,46,4.117345675,nan,False,0
11,0.064,0.99,4000,42,4.782780462121212,nan,False,0
11,0.064,0.99,4000,43,4.759749984848485,nan,False,0
11,0.064,0.99,4000,44,4.818196053030304,nan,False,0
11,0.064,0.99,4000,45,4.814255477272726,nan,False,0
11,0.064,0.99,4000,46,4.789512795454545,nan,False,0
11,0.064,0.9,1000,42,4.147346266666666,nan,False,0
11,0.064,0.9,1000,43,4.161772441666666,nan,False,0
11,0.064,0.9,1000,44,4.170790931623932,nan,False,0
11,0.064,0.9,1000,45,4.143101333333333,nan,False,0
11,0.064,0.9,1000,46,4.1153551833333335,nan,False,0
11,0.064,0.9,4000,42,4.7170286363636365,nan,False,0
11,0.064,0.9,4000,43,4.730161310606061,nan,False,0
11,0.064,0.9,4000,44,4.769862893939395,nan,False,0
11,0.064,0.9,4000,45,4.793876151515151,nan,False,0
11,0.064,0.9,4000,46,4.748958651515152,nan,False,0
11,0.0,0.95,1000,42,3.850136037878788,nan,False,0
11,0.0,0.95,1000,43,3.8439507803030297,nan,False,0
11,0.0,0.95,1000,44,3.9279226136363636,nan,False,0
11,0.0,0.95,1000,45,3.895901075757575,nan,False,0
11,0.0,0.95,1000,46,3.8692844015151517,nan,False,0
11,0.0,0.95,16000,42,4.723606532163743,nan,False,0
11,0.0,0.95,16000,43,4.723707115151515,nan,False,0
11,0.0,0.95,16000,44,4.722331702380953,nan,False,0
11,0.0,0.95,16000,45,4.707762707602339,nan,False,0
11,0.0,0.95,16000,46,4.678899023391813,nan,False,0
11,0.0,0.95,256000,42,5.3676874111111115,nan,False,0
11,0.0,0.95,256000,43,5.3934357722222215,nan,False,0
11,0.0,0.95,256000,44,5.436703049180328,nan,False,0
11,0.0,0.95,256000,45,5.395979055555555,nan,False,0
11,0.0,0.95,256000,46,5.4150727055555565,nan,False,0
11,0.0,0.95,4000,42,4.296377614379085,nan,False,0
11,0.0,0.95,4000,43,4.3052256987179485,nan,False,0
11,0.0,0.95,4000,44,4.327570730769231,nan,False,0
11,0.0,0.95,4000,45,4.326230274509803,nan,False,0
11,0.0,0.95,4000,46,4.298125405228758,nan,False,0
11,0.0,0.95,64000,42,5.039256960451977,nan,False,0
11,0.0,0.95,64000,43,5.03443,nan,False,0
11,0.0,0.95,64000,44,5.111620107344632,nan,False,0
11,0.0,0.95,64000,45,5.071600124293786,nan,False,0
11,0.0,0.95,64000,46,5.063641338888888,nan,False,0
11,0.0,0.995,1000,42,4.131645731707317,nan,False,0
11,0.0,0.995,1000,43,4.137934666666666,nan,False,0
11,0.0,0.995,1000,44,4.096188544715447,nan,False,0
11,0.0,0.995,1000,45,4.119534975609756,nan,False,0
11,0.0,0.995,1000,46,4.010602146341463,nan,False,0
11,0.0,0.995,16000,42,5.048893176100629,nan,False,2
11,0.0,0.995,16000,43,4.99559137654321,nan,False,2
11,0.0,0.995,16000,44,4.916901709090909,nan,False,2
11,0.0,0.995,16000,45,4.864330327272727,nan,False,2
11,0.0,0.995,16000,46,4.991605427672956,nan,False,2
11,0.0,0.995,256000,42,5.334203531250001,nan,False,2
11,0.0,0.995,256000,43,4.711933444444445,nan,False,2
11,0.0,0.995,256000,44,5.186922208955224,nan,False,2
11,0.0,0.995,256000,45,5.570008666666666,nan,False,2
11,0.0,0.995,256000,46,5.236909297435898,nan,False,2
11,0.0,0.995,4000,42,4.537597142857143,nan,False,2
11,0.0,0.995,4000,43,4.603770166666667,nan,False,2
11,0.0,0.995,4000,44,4.6056451205673765,nan,False,0
11,0.0,0.995,4000,45,4.521088486111111,nan,False,2
11,0.0,0.995,4000,46,4.543873486111111,nan,False,2
11,0.0,0.995,64000,42,5.14921905,nan,False,2
11,0.0,0.995,64000,43,4.921286740740742,nan,False,2
11,0.0,0.995,64000,44,5.200072553672317,nan,False,2
11,0.0,0.995,64000,45,5.118742272222222,nan,False,2
11,0.0,0.995,64000,46,5.190590740112994,nan,False,2
11,0.0,0.999,1000,42,2.7739570944444436,nan,False,2
11,0.0,0.999,1000,43,2.418642423809523,nan,False,2
11,0.0,0.999,1000,44,2.963153886904762,nan,False,2
11,0.0,0.999,1000,45,2.334168962962963,nan,False,2
11,0.0,0.999,1000,46,2.002029034883721,nan,False,2
11,0.0,0.999,16000,42,0.6212576666666667,1.682249,True,2
11,0.0,0.999,16000,43,0.6521906666666667,1.629747,True,2
11,0.0,0.999,16000,44,0.6275173333333334,1.627025,True,2
11,0.0,0.999,16000,45,0.7121593333333335,1.685216,True,2
11,0.0,0.999,16000,46,0.6489903333333333,1.553115,True,2
11,0.0,0.999,256000,42,0.663502,1.681601,True,2
11,0.0,0.999,256000,43,0.6725443333333333,1.678479,True,2
11,0.0,0.999,256000,44,0.6526673333333334,1.675798,True,2
11,0.0,0.999,256000,45,0.645021,1.677413,True,2
11,0.0,0.999,256000,46,0.655723,1.67709,True,2
11,0.0,0.999,4000,42,0.6848823333333334,1.57244,True,2
11,0.0,0.999,4000,43,0.5488063333333333,1.669975,True,2
11,0.0,0.999,4000,44,0.5032666666666666,1.781456,True,2
11,0.0,0.999,4000,45,0.6477026666666666,1.530684,True,2
11,0.0,0.999,4000,46,0.581785,1.55754,True,2
11,0.0,0.999,64000,42,0.6547113333333333,1.643414,True,2
11,0.0,0.999,64000,43,0.6542866666666666,1.645574,True,2
11,0.0,0.999,64000,44,0.662046,1.652308,True,2
11,0.0,0.999,64000,45,0.6502046666666668,1.643013,True,2
11,0.0,0.999,64000,46,0.5996853333333333,1.640815,True,2
11,0.0,0.99,1000,42,3.182214357575757,nan,False,2
11,0.0,0.99,1000,43,3.6254607361111106,nan,False,2
11,0.0,0.99,1000,44,3.4581078599999997,nan,False,2
11,0.0,0.99,1000,45,3.254070823899371,nan,False,2
11,0.0,0.99,1000,46,3.448054806666667,nan,False,2
11,0.0,0.99,16000,42,2.813340333333333,1.216834,True,2
11,0.0,0.99,16000,43,2.9764316666666666,1.216834,True,2
11,0.0,0.99,16000,44,2.8174006666666664,1.214036,True,2
11,0.0,0.99,16000,45,2.930468,1.163126,True,2
11,0.0,0.99,16000,46,2.978729,1.216379,True,2
11,0.0,0.99,256000,42,2.9277453333333336,1.196208,True,4
11,0.0,0.99,256000,43,2.930887,1.200756,True,4
11,0.0,0.99,256000,44,2.9124533333333336,1.196207,True,4
11,0.0,0.99,256000,45,2.916410333333333,1.196223,True,4
11,0.0,0.99,256000,46,2.9105623333333335,1.196223,True,4
11,0.0,0.99,4000,42,3.365610401960784,nan,False,2
11,0.0,0.99,4000,43,3.4495039494949498,nan,False,2
11,0.0,0.99,4000,44,2.5407903333333333,1.285179,True,2
11,0.0,0.99,4000,45,2.64221,1.286301,True,2
11,0.0,0.99,4000,46,2.5117973333333334,1.286301,True,2
11,0.0,0.99,64000,42,2.989215,1.199011,True,2
11,0.0,0.99,64000,43,2.8618403333333333,1.202656,True,2
11,0.0,0.99,64000,44,2.9200433333333335,1.259499,True,4
11,0.0,0.99,64000,45,2.9091023333333332,1.199117,True,2
11,0.0,0.99,64000,46,2.9002466666666664,1.202656,True,2
11,0.0,0.9,1000,42,3.964704279069767,nan,False,0
11,0.0,0.9,1000,43,4.013055480620155,nan,False,0
11,0.0,0.9,1000,44,3.9989019147286826,nan,False,0
11,0.0,0.9,1000,45,4.012546720930232,nan,False,0
11,0.0,0.9,1000,46,3.9687391705426354,nan,False,0
11,0.0,0.9,16000,42,5.022602275641026,nan,False,0
11,0.0,0.9,16000,43,5.030373756410256,nan,False,0
11,0.0,0.9,16000,44,5.051673500000001,nan,False,0
11,0.0,0.9,16000,45,5.052633051282052,nan,False,0
11,0.0,0.9,16000,46,4.956082264150944,nan,False,0
11,0.0,0.9,256000,42,5.812862589285714,nan,False,0
11,0.0,0.9,256000,43,5.814536297619048,nan,False,0
11,0.0,0.9,256000,44,5.826813357142858,nan,False,0
11,0.0,0.9,256000,45,5.81906261904762,nan,False,0
11,0.0,0.9,256000,46,5.826839267857143,nan,False,0
11,0.0,0.9,4000,42,4.496739612244898,nan,False,0
11,0.0,0.9,4000,43,4.488147136054422,nan,False,0
11,0.0,0.9,4000,44,4.512527231292517,nan,False,0
11,0.0,0.9,4000,45,4.541249319727891,nan,False,0
11,0.0,0.9,4000,46,4.510662183673468,nan,False,0
11,0.0,0.9,64000,42,5.419256412121212,nan,False,0
11,0.0,0.9,64000,43,5.407448733333333,nan,False,0
11,0.0,0.9,64000,44,5.44912269090909,nan,False,0
11,0.0,0.9,64000,45,5.424572818181818,nan,False,0
11,0.0,0.9,64000,46,5.401399193939393,nan,False,0
12,0.001,0.999,1000,42,4.212954754385965,nan,False,0
12,0.001,0.999,1000,43,4.146775,nan,False,0
12,0.001,0.999,1000,44,4.212462461538461,nan,False,0
12,0.001,0.999,1000,45,4.201319236842106,nan,False,0
12,0.001,0.999,1000,46,4.217638605263159,nan,False,0
12,0.001,0.999,16000,42,5.376919808510637,nan,False,0
12,0.001,0.999,16000,43,5.287608895833333,nan,False,2
12,0.001,0.999,16000,44,5.3248331180555555,nan,False,1
12,0.001,0.999,16000,45,5.312005472222221,nan,False,2
12,0.001,0.999,16000,46,5.327493503546099,nan,False,0
12,0.001,0.999,4000,42,4.743643848484849,nan,False,0
12,0.001,0.999,4000,43,4.785086492424242,nan,False,0
12,0.001,0.999,4000,44,4.775297311111111,nan,False,0
12,0.001,0.999,4000,45,4.772128772727272,nan,False,0
12,0.001,0.999,4000,46,4.783221570370371,nan,False,0
12,0.004,0.995,1000,42,4.000295095238095,nan,False,2
12,0.004,0.995,1000,43,3.956660365079365,nan,False,2
12,0.004,0.995,1000,44,3.989158674796748,nan,False,2
12,0.004,0.995,1000,45,3.7112073407407404,nan,False,2
12,0.004,0.995,1000,46,3.895253821705426,nan,False,2
12,0.004,0.995,16000,42,3.377822333333333,1.272979,True,2
12,0.004,0.995,16000,43,3.86032590952381,nan,False,2
12,0.004,0.995,16000,44,3.5205246666666667,1.33235,True,2
12,0.004,0.995,16000,45,3.2053356666666666,1.393974,True,2
12,0.004,0.995,16000,46,3.8954521159420294,nan,False,2
12,0.004,0.995,4000,42,4.088965777777779,nan,False,2
12,0.004,0.995,4000,43,4.0415248969696975,nan,False,2
12,0.004,0.995,4000,44,3.977504375,nan,False,2
12,0.004,0.995,4000,45,4.1669805660377355,nan,False,2
12,0.004,0.995,4000,46,3.865957965517241,nan,False,2
12,0.004,0.999,1000,42,4.202277247863248,nan,False,0
12,0.004,0.999,1000,43,4.212072912280701,nan,False,0
12,0.004,0.999,1000,44,4.158558102564102,nan,False,0
12,0.004,0.999,1000,45,4.1712336754385975,nan,False,0
12,0.004,0.999,1000,46,4.204674948717948,nan,False,0
12,0.004,0.999,16000,42,5.407070638297872,nan,False,0
12,0.004,0.999,16000,43,5.443772872340426,nan,False,0
12,0.004,0.999,16000,44,5.373281340277778,nan,False,1
12,0.004,0.999,16000,45,5.4133428865248225,nan,False,0
12,0.004,0.999,16000,46,5.323042965277778,nan,False,1
12,0.004,0.999,4000,42,4.834940196969697,nan,False,0
12,0.004,0.999,4000,43,4.7642370666666665,nan,False,0
12,0.004,0.999,4000,44,4.759304840909091,nan,False,0
12,0.004,0.999,4000,45,4.811874431818182,nan,False,0
12,0.004,0.999,4000,46,4.833009295454545,nan,False,0
12,0.005,0.999,1000,42,4.167319128205128,nan,False,0
12,0.005,0.999,1000,43,4.246805096491227,nan,False,0
12,0.005,0.999,1000,44,4.187536401709401,nan,False,0
12,0.005,0.999,1000,45,4.170501316666667,nan,False,0
12,0.005,0.999,1000,46,4.235944666666667,nan,False,0
12,0.005,0.999,16000,42,5.383436524822695,nan,False,0
12,0.005,0.999,16000,43,5.390290815602838,nan,False,0
12,0.005,0.999,16000,44,5.3518501249999995,nan,False,1
12,0.005,0.999,16000,45,5.428579929078015,nan,False,0
12,0.005,0.999,16000,46,5.398661418439716,nan,False,0
12,0.005,0.999,256000,42,6.36663518367347,nan,False,0
12,0.005,0.999,256000,43,6.4484686190476195,nan,False,0
12,0.005,0.999,256000,44,6.445219813333335,nan,False,2
12,0.005,0.999,256000,45,6.407459273333333,nan,False,2
12,0.005,0.999,256000,46,6.390974458333333,nan,False,0
12,0.005,0.999,4000,42,4.748433590909091,nan,False,0
12,0.005,0.999,4000,43,4.748540459259259,nan,False,1
12,0.005,0.999,4000,44,4.807983066666667,nan,False,0
12,0.005,0.999,4000,45,4.870949537878788,nan,False,0
12,0.005,0.999,4000,46,4.7907197272727275,nan,False,0
12,0.005,0.999,64000,42,5.92547094557823,nan,False,0
12,0.005,0.999,64000,43,5.90317523611111,nan,False,0
12,0.005,0.999,64000,44,5.950680768707484,nan,False,0
12,0.005,0.999,64000,45,5.901757673469388,nan,False,1
12,0.005,0.999,64000,46,5.915997409722222,nan,False,0
12,0.015,0.95,1000,42,4.217064947368421,nan,False,0
12,0.015,0.95,1000,43,4.254640070175438,nan,False,0
12,0.015,0.95,1000,44,4.251929780701754,nan,False,0
12,0.015,0.95,1000,45,4.2074527982456145,nan,False,0
12,0.015,0.95,1000,46,4.215494041666667,nan,False,0
12,0.015,0.95,16000,42,5.472522021739131,nan,False,0
12,0.015,0.95,16000,43,5.47186104347826,nan,False,0
12,0.015,0.95,16000,44,5.478140963768115,nan,False,0
12,0.015,0.95,16000,45,5.4304229855072474,nan,False,0
12,0.015,0.95,16000,46,5.423535811594204,nan,False,0
12,0.015,0.95,4000,42,4.807656937984496,nan,False,0
12,0.015,0.95,4000,43,4.794274007751938,nan,False,0
12,0.015,0.95,4000,44,4.834751534883721,nan,False,0
12,0.015,0.95,4000,45,4.857196744186045,nan,False,0
12,0.015,0.95,4000,46,4.819697868217054,nan,False,0
12,0.015,0.95,64000,42,5.961053354166666,nan,False,0
12,0.015,0.95,64000,43,5.930633638888889,nan,False,0
12,0.015,0.95,64000,44,5.981352881944445,nan,False,0
12,0.015,0.95,64000,45,5.899552780141845,nan,False,0
12,0.015,0.95,64000,46,5.932502729166667,nan,False,0
12,0.015,0.995,1000,42,4.237900692982455,nan,False,0
12,0.015,0.995,1000,43,4.250846427350427,nan,False,0
12,0.015,0.995,1000,44,4.2626935438596485,nan,False,0
12,0.015,0.995,1000,45,4.188308811965813,nan,False,0
12,0.015,0.995,1000,46,4.176629427350427,nan,False,0
12,0.015,0.995,16000,42,5.44170752173913,nan,False,0
12,0.015,0.995,16000,43,5.451065586956521,nan,False,0
12,0.015,0.995,16000,44,5.469852695652174,nan,False,0
12,0.015,0.995,16000,45,5.471550253623188,nan,False,0
12,0.015,0.995,16000,46,5.437412268115942,nan,False,0
12,0.015,0.995,4000,42,4.813806317829458,nan,False,0
12,0.015,0.995,4000,43,4.825728782945736,nan,False,0
12,0.015,0.995,4000,44,4.862234434108528,nan,False,0
12,0.015,0.995,4000,45,4.897860488372093,nan,False,0
12,0.015,0.995,4000,46,4.829283705426357,nan,False,0
12,0.015,0.995,64000,42,5.846278791666667,nan,False,0
12,0.015,0.995,64000,43,5.844559569444445,nan,False,0
12,0.015,0.995,64000,44,5.935412284722223,nan,False,0
12,0.015,0.995,64000,45,5.9116691249999995,nan,False,0
12,0.015,0.995,64000,46,5.864031937499999,nan,False,0
12,0.015,0.99,1000,42,4.2342391228070175,nan,False,0
12,0.015,0.99,1000,43,4.270107201754386,nan,False,0
12,0.015,0.99,1000,44,4.247435589743589,nan,False,0
12,0.015,0.99,1000,45,4.197999500000002,nan,False,0
12,0.015,0.99,1000,46,4.210992061403509,nan,False,0
12,0.015,0.99,16000,42,5.451668492753623,nan,False,0
12,0.015,0.99,16000,43,5.480630500000001,nan,False,0
12,0.015,0.99,16000,44,5.477165789855071,nan,False,0
12,0.015,0.99,16000,45,5.452229333333333,nan,False,0
12,0.015,0.99,16000,46,5.421560246376811,nan,False,0
12,0.015,0.99,4000,42,4.8328062868217065,nan,False,0
12,0.015,0.99,4000,43,4.825834317829457,nan,False,0
12,0.015,0.99,4000,44,4.850096124031008,nan,False,0
12,0.015,0.99,4000,45,4.875232403100775,nan,False,0
12,0.015,0.99,4000,46,4.83346696124031,nan,False,0
12,0.015,0.99,64000,42,5.869454791666667,nan,False,0
12,0.015,0.99,64000,43,5.8803101875,nan,False,0
12,0.015,0.99,64000,44,5.965423826388888,nan,False,0
12,0.015,0.99,64000,45,5.875598881944444,nan,False,0
12,0.015,0.99,64000,46,5.8754710277777775,nan,False,0
12,0.015,0.9,1000,42,4.228922315789473,nan,False,0
12,0.015,0.9,1000,43,4.249448368421053,nan,False,0
12,0.015,0.9,1000,44,4.225605153846154,nan,False,0
12,0.015,0.9,1000,45,4.220690394736843,nan,False,0
12,0.015,0.9,1000,46,4.188464710526316,nan,False,0
12,0.015,0.9,16000,42,5.4430795035461,nan,False,0
12,0.015,0.9,16000,43,5.434844418439717,nan,False,0
12,0.015,0.9,16000,44,5.46232004255319,nan,False,0
12,0.015,0.9,16000,45,5.420662390070921,nan,False,0
12,0.015,0.9,16000,46,5.394910085106384,nan,False,0
12,0.015,0.9,4000,42,4.833381031007751,nan,False,0
12,0.015,0.9,4000,43,4.807040798449613,nan,False,0
12,0.015,0.9,4000,44,4.831417170542636,nan,False,0
12,0.015,0.9,4000,45,4.85799915503876,nan,False,0
12,0.015,0.9,4000,46,4.830432372093023,nan,False,0
12,0.015,0.9,64000,42,5.994467513888888,nan,False,0
12,0.015,0.9,64000,43,6.003425923611111,nan,False,0
12,0.015,0.9,64000,44,5.941108141843973,nan,False,0
12,0.015,0.9,64000,45,5.897797439716312,nan,False,0
12,0.015,0.9,64000,46,5.992911145833332,nan,False,0
12,0.016,0.95,1000,42,4.261941854700855,nan,False,0
12,0.016,0.95,1000,43,4.22056395614035,nan,False,0
12,0.016,0.95,1000,44,4.245859763157895,nan,False,0
12,0.016,0.95,1000,45,4.170200324786325,nan,False,0
12,0.016,0.95,1000,46,4.150314205128205,nan,False,0
12,0.016,0.95,4000,42,4.821863333333334,nan,False,0
12,0.016,0.95,4000,43,4.819890937984496,nan,False,0
12,0.016,0.95,4000,44,4.861885418604651,nan,False,0
12,0.016,0.95,4000,45,4.856954279069767,nan,False,0
12,0.016,0.95,4000,46,4.834450813953489,nan,False,0
12,0.016,0.995,1000,42,4.2070112649572655,nan,False,0
12,0.016,0.995,1000,43,4.218696205128204,nan,False,0
12,0.016,0.995,1000,44,4.281992403508772,nan,False,0
12,0.016,0.995,1000,45,4.211986877192982,nan,False,0
12,0.016,0.995,1000,46,4.19382550877193,nan,False,0
12,0.016,0.995,4000,42,4.814737279069767,nan,False,0
12,0.016,0.995,4000,43,4.825349426356589,nan,False,0
12,0.016,0.995,4000,44,4.851612558139535,nan,False,0
12,0.016,0.995,4000,45,4.884243186046512,nan,False,0
12,0.016,0.995,4000,46,4.84799280620155,nan,False,0
12,0.016,0.99,1000,42,4.213076061403509,nan,False,0
12,0.016,0.99,1000,43,4.250369359649123,nan,False,0
12,0.016,0.99,1000,44,4.26274205263158,nan,False,0
12,0.016,0.99,1000,45,4.22171294736842,nan,False,0
12,0.016,0.99,1000,46,4.147841341880342,nan,False,0
12,0.016,0.99,4000,42,4.801889604651163,nan,False,0
12,0.016,0.99,4000,43,4.825011403100775,nan,False,0
12,0.016,0.99,4000,44,4.86280646511628,nan,False,0
12,0.016,0.99,4000,45,4.865977162790698,nan,False,0
12,0.016,0.99,4000,46,4.854749364341085,nan,False,0
12,0.016,0.9,1000,42,4.248494581196581,nan,False,0
12,0.016,0.9,1000,43,4.245534289473684,nan,False,0
12,0.016,0.9,1000,44,4.251403421052632,nan,False,0
12,0.016,0.9,1000,45,4.27046070940171,nan,False,0
12,0.016,0.9,1000,46,4.193187254385965,nan,False,0
12,0.016,0.9,16000,42,5.436581992907802,nan,False,0
12,0.016,0.9,16000,43,5.460156971631206,nan,False,0
12,0.016,0.9,16000,44,5.4477710496453895,nan,False,0
12,0.016,0.9,16000,45,5.476347808510638,nan,False,0
12,0.016,0.9,16000,46,5.409002617021276,nan,False,0
12,0.016,0.9,4000,42,4.79823427131783,nan,False,0
12,0.016,0.9,4000,43,4.814586542635658,nan,False,0
12,0.016,0.9,4000,44,4.859433341085271,nan,False,0
12,0.016,0.9,4000,45,4.870693333333333,nan,False,0
12,0.016,0.9,4000,46,4.799268945736434,nan,False,0
12,0.03,0.95,1000,42,4.228255820512821,nan,False,0
12,0.03,0.95,1000,43,4.248023991452992,nan,False,0
12,0.03,0.95,1000,44,4.220453464912281,nan,False,0
12,0.03,0.95,1000,45,4.2022192478632485,nan,False,0
12,0.03,0.95,1000,46,4.1928275726495725,nan,False,0
12,0.03,0.95,16000,42,5.504175971014492,nan,False,0
12,0.03,0.95,16000,43,5.3805098478260875,nan,False,0
12,0.03,0.95,16000,44,5.395893652173913,nan,False,0
12,0.03,0.95,16000,45,5.443219879432624,nan,False,0
12,0.03,0.95,16000,46,5.413108049645389,nan,False,0
12,0.03,0.95,4000,42,4.795792441860465,nan,False,0
12,0.03,0.95,4000,43,4.79231219379845,nan,False,0
12,0.03,0.95,4000,44,4.8154060542635655,nan,False,0
12,0.03,0.95,4000,45,4.8733106124031,nan,False,0
12,0.03,0.95,4000,46,4.80372472868217,nan,False,0
12,0.03,0.95,64000,42,5.876205097222223,nan,False,0
12,0.03,0.95,64000,43,5.846351972222223,nan,False,0
12,0.03,0.95,64000,44,5.931499090277778,nan,False,0
12,0.03,0.95,64000,45,5.908607048611111,nan,False,0
12,0.03,0.95,64000,46,5.883615986111111,nan,False,0
12,0.03,0.995,1000,42,4.254133846153847,nan,False,0
12,0.03,0.995,1000,43,4.231867131578947,nan,False,0
12,0.03,0.995,1000,44,4.244915421052632,nan,False,0
12,0.03,0.995,1000,45,4.251856487179487,nan,False,0
12,0.03,0.995,1000,46,4.184539052631579,nan,False,0
12,0.03,0.995,16000,42,5.463327036231883,nan,False,0
12,0.03,0.995,16000,43,5.476430471014493,nan,False,0
12,0.03,0.995,16000,44,5.461699376811595,nan,False,0
12,0.03,0.995,16000,45,5.443581688405797,nan,False,0
12,0.03,0.995,16000,46,5.426683094202899,nan,False,0
12,0.03,0.995,4000,42,4.8385547984496124,nan,False,0
12,0.03,0.995,4000,43,4.79684088372093,nan,False,0
12,0.03,0.995,4000,44,4.814598635658914,nan,False,0
12,0.03,0.995,4000,45,4.8898425813953486,nan,False,0
12,0.03,0.995,4000,46,4.796972387596899,nan,False,0
12,0.03,0.995,64000,42,5.904555152777777,nan,False,0
12,0.03,0.995,64000,43,5.925061215277778,nan,False,0
12,0.03,0.995,64000,44,5.998196333333333,nan,False,0
12,0.03,0.995,64000,45,5.968141611111112,nan,False,0
12,0.03,0.995,64000,46,5.903463201388888,nan,False,0
12,0.03,0.999,1000,42,4.238010140350877,nan,False,0
12,0.03,0.999,1000,43,4.264636210526317,nan,False,0
12,0.03,0.999,1000,44,4.230745228070175,nan,False,0
12,0.03,0.999,1000,45,4.211540307017543,nan,False,0
12,0.03,0.999,1000,46,4.254039815789474,nan,False,0
12,0.03,0.999,16000,42,5.484888659420291,nan,False,0
12,0.03,0.999,16000,43,5.445418022222222,nan,False,0
12,0.03,0.999,16000,44,5.447017874074074,nan,False,0
12,0.03,0.999,16000,45,5.485591474074074,nan,False,0
12,0.03,0.999,16000,46,5.441737955555555,nan,False,0
12,0.03,0.999,4000,42,4.89799188372093,nan,False,0
12,0.03,0.999,4000,43,4.788724387596898,nan,False,0
12,0.03,0.999,4000,44,4.876145100775193,nan,False,0
12,0.03,0.999,4000,45,4.84188819379845,nan,False,0
12,0.03,0.999,4000,46,4.880185139534884,nan,False,0
12,0.03,0.999,64000,42,5.899391978723405,nan,False,0
12,0.03,0.999,64000,43,5.962968134751774,nan,False,0
12,0.03,0.999,64000,44,5.987940773049645,nan,False,0
12,0.03,0.999,64000,45,5.884697226950353,nan,False,0
12,0.03,0.999,64000,46,5.974175163120568,nan,False,0
12,0.03,0.99,1000,42,4.260565256410256,nan,False,0
12,0.03,0.99,1000,43,4.2654610683760685,nan,False,0
12,0.03,0.99,1000,44,4.21853753508772,nan,False,0
12,0.03,0.99,1000,45,4.257986598290599,nan,False,0
12,0.03,0.99,1000,46,4.191231564102564,nan,False,0
12,0.03,0.99,16000,42,5.4547325,nan,False,0
12,0.03,0.99,16000,43,5.48852634057971,nan,False,0
12,0.03,0.99,16000,44,5.517270557971014,nan,False,0
12,0.03,0.99,16000,45,5.46909352173913,nan,False,0
12,0.03,0.99,16000,46,5.4306149999999995,nan,False,0
12,0.03,0.99,4000,42,4.8095533953488365,nan,False,0
12,0.03,0.99,4000,43,4.824293930232558,nan,False,0
12,0.03,0.99,4000,44,4.83902407751938,nan,False,0
12,0.03,0.99,4000,45,4.8855183953488375,nan,False,0
12,0.03,0.99,4000,46,4.832240968992248,nan,False,0
12,0.03,0.99,64000,42,5.849562375886525,nan,False,0
12,0.03,0.99,64000,43,5.844100014184398,nan,False,0
12,0.03,0.99,64000,44,5.900689829787234,nan,False,0
12,0.03,0.99,64000,45,5.880842382978723,nan,False,0
12,0.03,0.99,64000,46,5.900247680851064,nan,False,0
12,0.03,0.9,1000,42,4.207839658119657,nan,False,0
12,0.03,0.9,1000,43,4.223693666666667,nan,False,0
12,0.03,0.9,1000,44,4.258848008771929,nan,False,0
12,0.03,0.9,1000,45,4.179771401709402,nan,False,0
12,0.03,0.9,1000,46,4.182556606837608,nan,False,0
12,0.03,0.9,16000,42,5.33488552173913,nan,False,0
12,0.03,0.9,16000,43,5.389721253623188,nan,False,0
12,0.03,0.9,16000,44,5.407370608695653,nan,False,0
12,0.03,0.9,16000,45,5.394562615942029,nan,False,0
12,0.03,0.9,16000,46,5.405911815602838,nan,False,0
12,0.03,0.9,4000,42,4.791155914728682,nan,False,0
12,0.03,0.9,4000,43,4.840647249999999,nan,False,0
12,0.03,0.9,4000,44,4.865835590909091,nan,False,0
12,0.03,0.9,4000,45,4.8367905813953485,nan,False,0
12,0.03,0.9,4000,46,4.798944271317828,nan,False,0
12,0.03,0.9,64000,42,5.886536569444445,nan,False,0
12,0.03,0.9,64000,43,5.878283034722223,nan,False,0
12,0.03,0.9,64000,44,5.873235078014184,nan,False,0
12,0.03,0.9,64000,45,5.9150575000000005,nan,False,0
12,0.03,0.9,64000,46,5.925952055555555,nan,False,0
12,0.05,0.95,1000,42,4.161472179487178,nan,False,0
12,0.05,0.95,1000,43,4.210316923076922,nan,False,0
12,0.05,0.95,1000,44,4.193013376068376,nan,False,0
12,0.05,0.95,1000,45,4.178928820512821,nan,False,0
12,0.05,0.95,1000,46,4.183519719298246,nan,False,0
12,0.05,0.95,16000,42,5.441316862318842,nan,False,0
12,0.05,0.95,16000,43,5.429306253623189,nan,False,0
12,0.05,0.95,16000,44,5.452411826086957,nan,False,0
12,0.05,0.95,16000,45,5.399997869565217,nan,False,0
12,0.05,0.95,16000,46,5.4089437608695645,nan,False,0
12,0.05,0.95,4000,42,4.771928255813953,nan,False,0
12,0.05,0.95,4000,43,4.843982075757577,nan,False,0
12,0.05,0.95,4000,44,4.816853992248062,nan,False,0
12,0.05,0.95,4000,45,4.848381155038759,nan,False,0
12,0.05,0.95,4000,46,4.760187658914728,nan,False,0
12,0.05,0.95,64000,42,5.879870056737588,nan,False,0
12,0.05,0.95,64000,43,5.936695943262411,nan,False,0
12,0.05,0.95,64000,44,5.9516881702127655,nan,False,0
12,0.05,0.95,64000,45,5.907147829787234,nan,False,0
12,0.05,0.95,64000,46,5.928257978723405,nan,False,0
12,0.05,0.995,1000,42,4.207756111111111,nan,False,0
12,0.05,0.995,1000,43,4.201944070175438,nan,False,0
12,0.05,0.995,1000,44,4.231222385964912,nan,False,0
12,0.05,0.995,1000,45,4.197844384615385,nan,False,0
12,0.05,0.995,1000,46,4.18406511965812,nan,False,0
12,0.05,0.995,16000,42,5.3693351304347825,nan,False,0
12,0.05,0.995,16000,43,5.422903851851852,nan,False,0
12,0.05,0.995,16000,44,5.474189746376811,nan,False,0
12,0.05,0.995,16000,45,5.374090992753623,nan,False,0
12,0.05,0.995,16000,46,5.45748334057971,nan,False,0
12,0.05,0.995,4000,42,4.826349798449613,nan,False,0
12,0.05,0.995,4000,43,4.814546651162791,nan,False,0
12,0.05,0.995,4000,44,4.844423372093023,nan,False,0
12,0.05,0.995,4000,45,4.876660627906977,nan,False,0
12,0.05,0.995,4000,46,4.835923782945737,nan,False,0
12,0.05,0.995,64000,42,5.906795106382979,nan,False,0
12,0.05,0.995,64000,43,5.935662375886525,nan,False,0
12,0.05,0.995,64000,44,6.022024212765958,nan,False,0
12,0.05,0.995,64000,45,5.8939186875,nan,False,0
12,0.05,0.995,64000,46,5.902397021276596,nan,False,0
12,0.05,0.999,1000,42,4.191950623931623,nan,False,0
12,0.05,0.999,1000,43,4.272317728070175,nan,False,0
12,0.05,0.999,1000,44,4.273471149122807,nan,False,0
12,0.05,0.999,1000,45,4.125416572649573,nan,False,0
12,0.05,0.999,1000,46,4.153507271929825,nan,False,0
12,0.05,0.999,16000,42,5.3824624592592585,nan,False,0
12,0.05,0.999,16000,43,5.475033210144927,nan,False,0
12,0.05,0.999,16000,44,5.4361696,nan,False,0
12,0.05,0.999,16000,45,5.3890673555555555,nan,False,0
12,0.05,0.999,16000,46,5.415043898550724,nan,False,0
12,0.05,0.999,4000,42,4.878524317460318,nan,False,0
12,0.05,0.999,4000,43,4.83187323015873,nan,False,0
12,0.05,0.999,4000,44,4.8502042945736425,nan,False,0
12,0.05,0.999,4000,45,4.856060472868216,nan,False,0
12,0.05,0.999,4000,46,4.848395984126984,nan,False,0
12,0.05,0.999,64000,42,5.8901645035460986,nan,False,0
12,0.05,0.999,64000,43,5.928789687943262,nan,False,0
12,0.05,0.999,64000,44,5.936096531914893,nan,False,0
12,0.05,0.999,64000,45,5.9382821594202895,nan,False,0
12,0.05,0.999,64000,46,5.923969127659575,nan,False,0
12,0.05,0.99,1000,42,4.216684965811966,nan,False,0
12,0.05,0.99,1000,43,4.228527623931623,nan,False,0
12,0.05,0.99,1000,44,4.242991461538462,nan,False,0
12,0.05,0.99,1000,45,4.205085700854701,nan,False,0
12,0.05,0.99,1000,46,4.189806487179488,nan,False,0
12,0.05,0.99,16000,42,5.406941814814814,nan,False,0
12,0.05,0.99,16000,43,5.420393185185185,nan,False,0
12,0.05,0.99,16000,44,5.423459133333334,nan,False,0
12,0.05,0.99,16000,45,5.425198140740742,nan,False,0
12,0.05,0.99,16000,46,5.438537760869565,nan,False,0
12,0.05,0.99,4000,42,4.81332915503876,nan,False,0
12,0.05,0.99,4000,43,4.814176604651164,nan,False,0
12,0.05,0.99,4000,44,4.825921519379845,nan,False,0
12,0.05,0.99,4000,45,4.868090565891473,nan,False,0
12,0.05,0.99,4000,46,4.796990147286821,nan,False,0
12,0.05,0.99,64000,42,5.852025479166667,nan,False,0
12,0.05,0.99,64000,43,5.92766389361702,nan,False,0
12,0.05,0.99,64000,44,5.999892900709219,nan,False,0
12,0.05,0.99,64000,45,5.892025631205674,nan,False,0
12,0.05,0.99,64000,46,5.923951290780143,nan,False,0
12,0.05,0.9,1000,42,4.153549384615385,nan,False,0
12,0.05,0.9,1000,43,4.25094417948718,nan,False,0
12,0.05,0.9,1000,44,4.213327921052631,nan,False,0
12,0.05,0.9,1000,45,4.209185752136752,nan,False,0
12,0.05,0.9,1000,46,4.209446367521367,nan,False,0
12,0.05,0.9,16000,42,5.461041289855073,nan,False,0
12,0.05,0.9,16000,43,5.516429101449275,nan,False,0
12,0.05,0.9,16000,44,5.510480528985507,nan,False,0
12,0.05,0.9,16000,45,5.470984695652175,nan,False,0
12,0.05,0.9,16000,46,5.406198702898551,nan,False,0
12,0.05,0.9,4000,42,4.769050449612402,nan,False,0
12,0.05,0.9,4000,43,4.812383712121212,nan,False,0
12,0.05,0.9,4000,44,4.820976558139535,nan,False,0
12,0.05,0.9,4000,45,4.837410682170542,nan,False,0
12,0.05,0.9,4000,46,4.837793356060606,nan,False,0
12,0.05,0.9,64000,42,5.991588191489361,nan,False,0
12,0.05,0.9,64000,43,5.969440099290781,nan,False,0
12,0.05,0.9,64000,44,5.960188021276596,nan,False,0
12,0.05,0.9,64000,45,5.9938765957446805,nan,False,0
12,0.05,0.9,64000,46,5.954430014184397,nan,False,0
12,0.064,0.95,1000,42,4.146701256410258,nan,False,0
12,0.064,0.95,1000,43,4.221206105263157,nan,False,0
12,0.064,0.95,1000,44,4.216750596491229,nan,False,0
12,0.064,0.95,1000,45,4.187744438596491,nan,False,0
12,0.064,0.95,1000,46,4.157783754385964,nan,False,0
12,0.064,0.95,4000,42,4.757527945736434,nan,False,0
12,0.064,0.95,4000,43,4.83875078030303,nan,False,0
12,0.064,0.95,4000,44,4.802799844961241,nan,False,0
12,0.064,0.95,4000,45,4.838904992248062,nan,False,0
12,0.064,0.95,4000,46,4.765708565891472,nan,False,0
12,0.064,0.995,1000,42,4.200935923076922,nan,False,0
12,0.064,0.995,1000,43,4.182155912280702,nan,False,0
12,0.064,0.995,1000,44,4.193571614035089,nan,False,0
12,0.064,0.995,1000,45,4.183442598290599,nan,False,0
12,0.064,0.995,1000,46,4.171697384615385,nan,False,0
12,0.064,0.995,4000,42,4.8221765271317825,nan,False,0
12,0.064,0.995,4000,43,4.839552728682171,nan,False,0
12,0.064,0.995,4000,44,4.8243433255813954,nan,False,0
12,0.064,0.995,4000,45,4.892097604651163,nan,False,0
12,0.064,0.995,4000,46,4.823730875968992,nan,False,0
12,0.064,0.999,1000,42,4.208827728070176,nan,False,0
12,0.064,0.999,1000,43,4.31091644736842,nan,False,0
12,0.064,0.999,1000,44,4.26104152631579,nan,False,0
12,0.064,0.999,1000,45,4.244671201754387,nan,False,0
12,0.064,0.999,1000,46,4.208616271929825,nan,False,0
12,0.064,0.999,4000,42,4.915225825396826,nan,False,0
12,0.064,0.999,4000,43,4.780028880952381,nan,False,0
12,0.064,0.999,4000,44,4.8738550555555555,nan,False,0
12,0.064,0.999,4000,45,4.968995119047619,nan,False,0
12,0.064,0.999,4000,46,4.848922178294573,nan,False,0
12,0.064,0.99,1000,42,4.171581905982906,nan,False,0
12,0.064,0.99,1000,43,4.209812666666667,nan,False,0
12,0.064,0.99,1000,44,4.2269034957264955,nan,False,0
12,0.064,0.99,1000,45,4.2126765384615386,nan,False,0
12,0.064,0.99,1000,46,4.175736102564102,nan,False,0
12,0.064,0.99,4000,42,4.800520131782946,nan,False,0
12,0.064,0.99,4000,43,4.83111431007752,nan,False,0
12,0.064,0.99,4000,44,4.852123937984496,nan,False,0
12,0.064,0.99,4000,45,4.8644783333333335,nan,False,0
12,0.064,0.99,4000,46,4.821645519379844,nan,False,0
12,0.064,0.9,1000,42,4.194753034188034,nan,False,0
12,0.064,0.9,1000,43,4.214786111111112,nan,False,0
12,0.064,0.9,1000,44,4.220667239316239,nan,False,0
12,0.064,0.9,1000,45,4.189544299145299,nan,False,0
12,0.064,0.9,1000,46,4.161660931623931,nan,False,0
12,0.064,0.9,4000,42,4.821838833333333,nan,False,0
12,0.064,0.9,4000,43,4.764919542635658,nan,False,0
12,0.064,0.9,4000,44,4.786679248062015,nan,False,0
12,0.064,0.9,4000,45,4.831448856060606,nan,False,0
12,0.064,0.9,4000,46,4.846437348484849,nan,False,0
12,0.0,0.95,1000,42,4.011080642857142,nan,False,0
12,0.0,0.95,1000,43,4.017003203252033,nan,False,0
12,0.0,0.95,1000,44,4.052288365079366,nan,False,0
12,0.0,0.95,1000,45,4.0147124065040645,nan,False,0
12,0.0,0.95,1000,46,4.00999030952381,nan,False,0
12,0.0,0.95,16000,42,4.924583389937108,nan,False,0
12,0.0,0.95,16000,43,4.9371548238993705,nan,False,0
12,0.0,0.95,16000,44,4.884312895061729,nan,False,0
12,0.0,0.95,16000,45,4.921369245283019,nan,False,0
12,0.0,0.95,16000,46,4.875494352201258,nan,False,0
12,0.0,0.95,256000,42,5.605456097701149,nan,False,0
12,0.0,0.95,256000,43,5.60466183908046,nan,False,0
12,0.0,0.95,256000,44,5.599969959770116,nan,False,0
12,0.0,0.95,256000,45,5.601597005747127,nan,False,0
12,0.0,0.95,256000,46,5.606351994252873,nan,False,0
12,0.0,0.95,4000,42,4.475402142857142,nan,False,0
12,0.0,0.95,4000,43,4.464094829931972,nan,False,0
12,0.0,0.95,4000,44,4.478441224489796,nan,False,0
12,0.0,0.95,4000,45,4.525834972789116,nan,False,0
12,0.0,0.95,4000,46,4.503378448979593,nan,False,0
12,0.0,0.95,64000,42,5.274062,nan,False,0
12,0.0,0.95,64000,43,5.272660356725146,nan,False,0
12,0.0,0.95,64000,44,5.307762134502925,nan,False,0
12,0.0,0.95,64000,45,5.266253508771929,nan,False,0
12,0.0,0.95,64000,46,5.23130749122807,nan,False,0
12,0.0,0.995,1000,42,3.2859056025641027,nan,False,2
12,0.0,0.995,1000,43,3.3678942745098035,nan,False,2
12,0.0,0.995,1000,44,3.2903266282051287,nan,False,2
12,0.0,0.995,1000,45,3.5317405347222226,nan,False,2
12,0.0,0.995,1000,46,3.48428693877551,nan,False,2
12,0.0,0.995,16000,42,1.9846253333333335,1.270039,True,2
12,0.0,0.995,16000,43,2.0414613333333334,1.273449,True,2
12,0.0,0.995,16000,44,1.9084723333333333,1.214018,True,2
12,0.0,0.995,16000,45,2.1032733333333336,1.273092,True,2
12,0.0,0.995,16000,46,1.8903773333333334,1.268399,True,2
12,0.0,0.995,256000,42,2.0692296666666667,1.263474,True,4
12,0.0,0.995,256000,43,2.050832333333333,1.263458,True,4
12,0.0,0.995,256000,44,2.035656,1.263392,True,4
12,0.0,0.995,256000,45,2.0235453333333333,1.26333,True,4
12,0.0,0.995,256000,46,2.0368443333333333,1.263374,True,4
12,0.0,0.995,4000,42,1.8500123333333331,1.231315,True,2
12,0.0,0.995,4000,43,2.135772,1.287269,True,2
12,0.0,0.995,4000,44,1.782159,1.282572,True,2
12,0.0,0.995,4000,45,1.8591333333333333,1.284106,True,2
12,0.0,0.995,4000,46,2.1122813333333332,1.284106,True,2
12,0.0,0.995,64000,42,2.001377666666667,1.26173,True,3
12,0.0,0.995,64000,43,2.1212463333333336,1.257395,True,2
12,0.0,0.995,64000,44,1.9937646666666666,1.25749,True,4
12,0.0,0.995,64000,45,2.011844333333333,1.261503,True,4
12,0.0,0.995,64000,46,2.0248536666666666,1.257486,True,4
12,0.0,0.999,1000,42,3.404688465277778,nan,False,2
12,0.0,0.999,1000,43,3.4478234964539003,nan,False,2
12,0.0,0.999,1000,44,3.4697228510638287,nan,False,2
12,0.0,0.999,1000,45,3.3944468503401364,nan,False,2
12,0.0,0.999,1000,46,2.3389444882629107,nan,False,2
12,0.0,0.999,16000,42,0.7171946666666668,1.470612,True,2
12,0.0,0.999,16000,43,0.642855,1.446185,True,2
12,0.0,0.999,16000,44,0.6852376666666666,1.501925,True,2
12,0.0,0.999,16000,45,0.7265126666666667,1.492583,True,2
12,0.0,0.999,16000,46,0.7166746666666667,1.448046,True,2
12,0.0,0.999,256000,42,0.6884096666666667,1.466272,True,2
12,0.0,0.999,256000,43,0.7152173333333334,1.465272,True,2
12,0.0,0.999,256000,44,0.7085826666666667,1.465735,True,2
12,0.0,0.999,256000,45,0.6979833333333333,1.463727,True,2
12,0.0,0.999,256000,46,0.7048160000000001,1.465019,True,2
12,0.0,0.999,4000,42,0.575558,1.447696,True,2
12,0.0,0.999,4000,43,0.7856926666666667,1.389285,True,2
12,0.0,0.999,4000,44,0.6928016666666666,1.395452,True,2
12,0.0,0.999,4000,45,0.5945633333333333,1.418982,True,2
12,0.0,0.999,4000,46,0.6672896666666667,1.445271,True,2
12,0.0,0.999,64000,42,0.6823956666666667,1.446663,True,2
12,0.0,0.999,64000,43,0.6627673333333334,1.443632,True,2
12,0.0,0.999,64000,44,0.7157923333333334,1.444294,True,2
12,0.0,0.999,64000,45,0.6800496666666667,1.45247,True,2
12,0.0,0.999,64000,46,0.6975606666666666,1.449944,True,2
12,0.0,0.99,1000,42,4.160270632478633,nan,False,0
12,0.0,0.99,1000,43,4.200096841666666,nan,False,0
12,0.0,0.99,1000,44,4.220732216666666,nan,False,0
12,0.0,0.99,1000,45,4.213108333333333,nan,False,0
12,0.0,0.99,1000,46,4.17271095,nan,False,0
12,0.0,0.99,16000,42,5.310425639455782,nan,False,0
12,0.0,0.99,16000,43,5.25479872,nan,False,0
12,0.0,0.99,16000,44,5.267665833333334,nan,False,0
12,0.0,0.99,16000,45,5.231660546666667,nan,False,0
12,0.0,0.99,16000,46,5.2258952800000005,nan,False,0
12,0.0,0.99,256000,42,6.049826006060606,nan,False,0
12,0.0,0.99,256000,43,6.020398320987653,nan,False,0
12,0.0,0.99,256000,44,6.033763539393939,nan,False,2
12,0.0,0.99,256000,45,6.044908793939393,nan,False,2
12,0.0,0.99,256000,46,6.066193260606061,nan,False,0
12,0.0,0.99,4000,42,4.731986202898551,nan,False,0
12,0.0,0.99,4000,43,4.738945644927536,nan,False,0
12,0.0,0.99,4000,44,4.763739905797102,nan,False,0
12,0.0,0.99,4000,45,4.735673195652174,nan,False,0
12,0.0,0.99,4000,46,4.740784239130435,nan,False,0
12,0.0,0.99,64000,42,5.70041927672956,nan,False,1
12,0.0,0.99,64000,43,5.66491251572327,nan,False,1
12,0.0,0.99,64000,44,5.729471352201257,nan,False,0
12,0.0,0.99,64000,45,5.665659384615385,nan,False,0
12,0.0,0.99,64000,46,5.658564987421383,nan,False,2
12,0.0,0.9,1000,42,4.13072643902439,nan,False,0
12,0.0,0.9,1000,43,4.1167315916666665,nan,False,0
12,0.0,0.9,1000,44,4.098444796747968,nan,False,0
12,0.0,0.9,1000,45,4.112696048780489,nan,False,0
12,0.0,0.9,1000,46,4.045448081300813,nan,False,0
12,0.0,0.9,16000,42,5.132726913333333,nan,False,0
12,0.0,0.9,16000,43,5.136517226666666,nan,False,0
12,0.0,0.9,16000,44,5.16673402,nan,False,0
12,0.0,0.9,16000,45,5.135276140000001,nan,False,0
12,0.0,0.9,16000,46,5.144403091503268,nan,False,0
12,0.0,0.9,256000,42,5.952355808641976,nan,False,0
12,0.0,0.9,256000,43,5.938732722222223,nan,False,0
12,0.0,0.9,256000,44,5.93692672839506,nan,False,0
12,0.0,0.9,256000,45,5.930340790123458,nan,False,0
12,0.0,0.9,256000,46,5.942814635802468,nan,False,0
12,0.0,0.9,4000,42,4.60087736231884,nan,False,0
12,0.0,0.9,4000,43,4.6040101811594205,nan,False,0
12,0.0,0.9,4000,44,4.648361384057971,nan,False,0
12,0.0,0.9,4000,45,4.6610981956521735,nan,False,0
12,0.0,0.9,4000,46,4.604028927536232,nan,False,0
12,0.0,0.9,64000,42,5.503612786163522,nan,False,0
12,0.0,0.9,64000,43,5.510597490566037,nan,False,0
12,0.0,0.9,64000,44,5.579727201257862,nan,False,0
12,0.0,0.9,64000,45,5.503039666666667,nan,False,0
12,0.0,0.9,64000,46,5.519881710691823,nan,False,0
2,0.001,0.95,1000,42,1.0026855142857147,nan,False,2
2,0.001,0.95,1000,43,1.0262608991228073,nan,False,0
2,0.001,0.95,1000,44,1.0248552222222223,nan,False,0
2,0.001,0.95,1000,45,1.0461767592592592,nan,False,0
2,0.001,0.95,1000,46,1.0538244178403755,nan,False,2
2,0.001,0.95,16000,42,1.0807795875706214,nan,False,0
2,0.001,0.95,16000,43,1.0897148418079097,nan,False,0
2,0.001,0.95,16000,44,1.0764943446327684,nan,False,0
2,0.001,0.95,16000,45,1.078930141242938,nan,False,0
2,0.001,0.95,16000,46,1.0885143333333331,nan,False,0
2,0.001,0.95,4000,42,1.0815985208333334,nan,False,0
2,0.001,0.95,4000,43,1.0611608541666666,nan,False,0
2,0.001,0.95,4000,44,1.0832109427083334,nan,False,0
2,0.001,0.95,4000,45,1.0674237760416667,nan,False,0
2,0.001,0.95,4000,46,1.0503463794871795,nan,False,0
2,0.001,0.995,1000,42,1.064869076190476,nan,False,0
2,0.001,0.995,1000,43,1.1751837333333335,nan,False,0
2,0.001,0.995,1000,44,1.1357699666666665,nan,False,0
2,0.001,0.995,1000,45,1.1922951285714283,nan,False,0
2,0.001,0.995,1000,46,1.1143461714285714,nan,False,0
2,0.001,0.995,16000,42,1.148395175141243,nan,False,0
2,0.001,0.995,16000,43,1.1520396666666668,nan,False,0
2,0.001,0.995,16000,44,1.1665062994350284,nan,False,0
2,0.001,0.995,16000,45,1.1502349774011298,nan,False,0
2,0.001,0.995,16000,46,1.1485359548022598,nan,False,0
2,0.001,0.995,4000,42,1.1398046302083333,nan,False,0
2,0.001,0.995,4000,43,1.14782509375,nan,False,0
2,0.001,0.995,4000,44,1.163297734375,nan,False,0
2,0.001,0.995,4000,45,1.158929203125,nan,False,0
2,0.001,0.995,4000,46,1.1487269114583334,nan,False,0
2,0.001,0.999,1000,42,1.0903665694444444,nan,False,2
2,0.001,0.999,1000,43,1.0933074490740742,nan,False,2
2,0.001,0.999,1000,44,1.1201048873239434,nan,False,1
2,0.001,0.999,1000,45,1.1246719571428572,nan,False,2
2,0.001,0.999,1000,46,1.0340283464912283,nan,False,0
2,0.001,0.999,16000,42,1.080527836158192,nan,False,0
2,0.001,0.999,16000,43,1.0771904689265537,nan,False,0
2,0.001,0.999,16000,44,1.0766774915254238,nan,False,0
2,0.001,0.999,16000,45,1.0740921,nan,False,0
2,0.001,0.999,16000,46,1.0716143276836159,nan,False,0
2,0.001,0.999,4000,42,1.077830609375,nan,False,1
2,0.001,0.999,4000,43,1.0747281534391537,nan,False,1
2,0.001,0.999,4000,44,1.0877071302083334,nan,False,0
2,0.001,0.999,4000,45,1.0521691128205128,nan,False,0
2,0.001,0.999,4000,46,1.0796546562499998,nan,False,0
2,0.001,0.99,1000,42,1.0581900628019325,nan,False,0
2,0.001,0.99,1000,43,1.0569239999999998,nan,False,0
2,0.001,0.99,1000,44,1.085599366197183,nan,False,0
2,0.001,0.99,1000,45,1.0918288212560388,nan,False,0
2,0.001,0.99,1000,46,1.1056793999999999,nan,False,0
2,0.001,0.99,16000,42,1.1275667514124292,nan,False,0
2,0.001,0.99,16000,43,1.1190310395480225,nan,False,0
2,0.001,0.99,16000,44,1.1107900621468927,nan,False,0
2,0.001,0.99,16000,45,1.1272456384180791,nan,False,0
2,0.001,0.99,16000,46,1.1144620790960453,nan,False,0
2,0.001,0.99,4000,42,1.112801046875,nan,False,0
2,0.001,0.99,4000,43,1.1307378489583333,nan,False,0
2,0.001,0.99,4000,44,1.122103390625,nan,False,0
2,0.001,0.99,4000,45,1.1199666666666666,nan,False,0
2,0.001,0.99,4000,46,1.1467180208333334,nan,False,0
2,0.001,0.9,1000,42,1.0542103288288287,nan,False,0
2,0.001,0.9,1000,43,1.077602253521127,nan,False,0
2,0.001,0.9,1000,44,1.0332521018518517,nan,False,0
2,0.001,0.9,1000,45,1.0576443377777778,nan,False,0
2,0.001,0.9,1000,46,1.0202475644444444,nan,False,0
2,0.001,0.9,16000,42,1.0895684463276838,nan,False,0
2,0.001,0.9,16000,43,1.087774548022599,nan,False,0
2,0.001,0.9,16000,44,1.0895597627118643,nan,False,0
2,0.001,0.9,16000,45,1.087599242937853,nan,False,0
2,0.001,0.9,16000,46,1.0840947401129943,nan,False,0
2,0.001,0.9,4000,42,1.0819127604166667,nan,False,0
2,0.001,0.9,4000,43,1.0857755677083332,nan,False,0
2,0.001,0.9,4000,44,1.06203734375,nan,False,0
2,0.001,0.9,4000,45,1.0817736875000001,nan,False,0
2,0.001,0.9,4000,46,1.0825813333333334,nan,False,0
2,0.004,0.95,1000,42,1.038461089201878,nan,False,0
2,0.004,0.95,1000,43,1.0774022522522524,nan,False,4
2,0.004,0.95,1000,44,1.0317589279279278,nan,False,0
2,0.004,0.95,1000,45,1.029964293859649,nan,False,0
2,0.004,0.95,1000,46,1.0474119351851854,nan,False,0
2,0.004,0.95,16000,42,1.0729779378531072,nan,False,0
2,0.004,0.95,16000,43,1.0709679887005648,nan,False,0
2,0.004,0.95,16000,44,1.0850352033898305,nan,False,0
2,0.004,0.95,16000,45,1.0691648666666667,nan,False,0
2,0.004,0.95,16000,46,1.09114602259887,nan,False,0
2,0.004,0.95,4000,42,1.0751583020833335,nan,False,0
2,0.004,0.95,4000,43,1.0610137760416667,nan,False,0
2,0.004,0.95,4000,44,1.0536252604166667,nan,False,0
2,0.004,0.95,4000,45,1.0532821822916667,nan,False,0
2,0.004,0.95,4000,46,1.054418234375,nan,False,0
2,0.004,0.995,1000,42,1.055628835680751,nan,False,2
2,0.004,0.995,1000,43,1.1009600904761907,nan,False,0
2,0.004,0.995,1000,44,1.085354238095238,nan,False,2
2,0.004,0.995,1000,45,1.1118040142857142,nan,False,0
2,0.004,0.995,1000,46,1.1263484571428573,nan,False,0
2,0.004,0.995,16000,42,1.0863303777777775,nan,False,0
2,0.004,0.995,16000,43,1.1125799827586207,nan,False,0
2,0.004,0.995,16000,44,1.107428700564972,nan,False,0
2,0.004,0.995,16000,45,1.1028949707602338,nan,False,0
2,0.004,0.995,16000,46,1.1068473333333335,nan,False,0
2,0.004,0.995,4000,42,1.1072086510416668,nan,False,0
2,0.004,0.995,4000,43,1.1134599946236559,nan,False,0
2,0.004,0.995,4000,44,1.1327471435897434,nan,False,0
2,0.004,0.995,4000,45,1.076532117948718,nan,False,0
2,0.004,0.995,4000,46,1.0960023489583333,nan,False,0
2,0.004,0.999,1000,42,1.0683383142857141,nan,False,2
2,0.004,0.999,1000,43,1.0868168564814813,nan,False,1
2,0.004,0.999,1000,44,1.0582671990740742,nan,False,0
2,0.004,0.999,1000,45,1.057210816091954,nan,False,1
2,0.004,0.999,1000,46,1.043018625,nan,False,0
2,0.004,0.999,16000,42,1.0759708777777777,nan,False,0
2,0.004,0.999,16000,43,1.0746792655367232,nan,False,0
2,0.004,0.999,16000,44,1.0798823333333334,nan,False,0
2,0.004,0.999,16000,45,1.0711984689265537,nan,False,0
2,0.004,0.999,16000,46,1.0871561129943503,nan,False,1
2,0.004,0.999,4000,42,1.079678296875,nan,False,0
2,0.004,0.999,4000,43,1.1104649850746267,nan,False,0
2,0.004,0.999,4000,44,1.0637217979797982,nan,False,0
2,0.004,0.999,4000,45,1.0730693846153845,nan,False,0
2,0.004,0.999,4000,46,1.0932055179487181,nan,False,0
2,0.004,0.99,1000,42,1.1047847666666668,nan,False,0
2,0.004,0.99,1000,43,1.1191181159420287,nan,False,0
2,0.004,0.99,1000,44,1.0755325023474176,nan,False,0
2,0.004,0.99,1000,45,1.0900575748792272,nan,False,0
2,0.004,0.99,1000,46,1.0537581142857144,nan,False,0
2,0.004,0.99,16000,42,1.1333538926553672,nan,False,0
2,0.004,0.99,16000,43,1.1314793107344632,nan,False,0
2,0.004,0.99,16000,44,1.135608163841808,nan,False,0
2,0.004,0.99,16000,45,1.1310269209039547,nan,False,0
2,0.004,0.99,16000,46,1.1224177062146892,nan,False,0
2,0.004,0.99,4000,42,1.10796028125,nan,False,0
2,0.004,0.99,4000,43,1.1314771822916665,nan,False,0
2,0.004,0.99,4000,44,1.1395894479166666,nan,False,0
2,0.004,0.99,4000,45,1.122081578125,nan,False,0
2,0.004,0.99,4000,46,1.1178302864583332,nan,False,0
2,0.004,0.9,1000,42,1.027053490740741,nan,False,2
2,0.004,0.9,1000,43,0.9980872533333335,nan,False,0
2,0.004,0.9,1000,44,1.0335603425925928,nan,False,0
2,0.004,0.9,1000,45,1.047462875,nan,False,0
2,0.004,0.9,1000,46,1.0403843196347031,nan,False,0
2,0.004,0.9,16000,42,1.0979821016949152,nan,False,0
2,0.004,0.9,16000,43,1.0941977853107343,nan,False,0
2,0.004,0.9,16000,44,1.0996727909604522,nan,False,0
2,0.004,0.9,16000,45,1.0950957401129944,nan,False,0
2,0.004,0.9,16000,46,1.1016652316384181,nan,False,0
2,0.004,0.9,4000,42,1.0810310572916668,nan,False,0
2,0.004,0.9,4000,43,1.077827515625,nan,False,0
2,0.004,0.9,4000,44,1.0641927864583334,nan,False,0
2,0.004,0.9,4000,45,1.0735643541666668,nan,False,0
2,0.004,0.9,4000,46,1.074837890625,nan,False,0
2,0.005,0.95,1000,42,1.0637752876712327,nan,False,0
2,0.005,0.95,1000,43,1.0285175599999998,nan,False,0
2,0.005,0.95,1000,44,1.0340184095238096,nan,False,0
2,0.005,0.95,1000,45,1.0632019155555557,nan,False,2
2,0.005,0.95,1000,46,1.0495098638497655,nan,False,0
2,0.005,0.95,16000,42,1.0928429717514123,nan,False,0
2,0.005,0.95,16000,43,1.0858729774011298,nan,False,0
2,0.005,0.95,16000,44,1.0828792542372883,nan,False,0
2,0.005,0.95,16000,45,1.0966715819209039,nan,False,0
2,0.005,0.95,16000,46,1.0930062203389832,nan,False,0
2,0.005,0.95,256000,42,1.097605908496732,nan,False,0
2,0.005,0.95,256000,43,1.0984663137254902,nan,False,0
2,0.005,0.95,256000,44,1.0959797058823528,nan,False,0
2,0.005,0.95,256000,45,1.0980390849673203,nan,False,0
2,0.005,0.95,256000,46,1.0988602222222223,nan,False,0
2,0.005,0.95,4000,42,1.0757729333333332,nan,False,0
2,0.005,0.95,4000,43,1.0626548802083333,nan,False,0
2,0.005,0.95,4000,44,1.0819935625000001,nan,False,0
2,0.005,0.95,4000,45,1.097045546875,nan,False,0
2,0.005,0.95,4000,46,1.0621590989583334,nan,False,0
2,0.005,0.95,64000,42,1.094396012121212,nan,False,0
2,0.005,0.95,64000,43,1.0946348909090908,nan,False,0
2,0.005,0.95,64000,44,1.0977884484848486,nan,False,0
2,0.005,0.95,64000,45,1.0952956484848484,nan,False,0
2,0.005,0.95,64000,46,1.0928258303030303,nan,False,0
2,0.005,0.995,1000,42,1.1245581220657281,nan,False,0
2,0.005,0.995,1000,43,1.0864304835680754,nan,False,0
2,0.005,0.995,1000,44,1.1005633714285716,nan,False,0
2,0.005,0.995,1000,45,1.1818885265700483,nan,False,0
2,0.005,0.995,1000,46,1.087820288557214,nan,False,0
2,0.005,0.995,16000,42,1.111603327683616,nan,False,0
2,0.005,0.995,16000,43,1.110093604519774,nan,False,0
2,0.005,0.995,16000,44,1.1188799548022599,nan,False,0
2,0.005,0.995,16000,45,1.0986646549707602,nan,False,0
2,0.005,0.995,16000,46,1.1104884463276838,nan,False,0
2,0.005,0.995,256000,42,1.1128581503267974,nan,False,0
2,0.005,0.995,256000,43,1.1128689999999999,nan,False,0
2,0.005,0.995,256000,44,1.114188568627451,nan,False,0
2,0.005,0.995,256000,45,1.1169147320261439,nan,False,0
2,0.005,0.995,256000,46,1.116365300653595,nan,False,0
2,0.005,0.995,4000,42,1.1222642395833333,nan,False,0
2,0.005,0.995,4000,43,1.1179380410256412,nan,False,0
2,0.005,0.995,4000,44,1.1022120666666666,nan,False,0
2,0.005,0.995,4000,45,1.1046464923076924,nan,False,0
2,0.005,0.995,4000,46,1.114605134408602,nan,False,0
2,0.005,0.995,64000,42,1.119423135802469,nan,False,0
2,0.005,0.995,64000,43,1.1140954382716048,nan,False,0
2,0.005,0.995,64000,44,1.1101120185185187,nan,False,0
2,0.005,0.995,64000,45,1.120094111111111,nan,False,0
2,0.005,0.995,64000,46,1.111501549382716,nan,False,0
2,0.005,0.999,1000,42,1.0060522333333335,nan,False,0
2,0.005,0.999,1000,43,1.1130551574074075,nan,False,1
2,0.005,0.999,1000,44,1.1030227685185185,nan,False,2
2,0.005,0.999,1000,45,1.1270215362318843,nan,False,2
2,0.005,0.999,1000,46,1.1026779082125604,nan,False,0
2,0.005,0.999,16000,42,1.1376097183908045,nan,False,2
2,0.005,0.999,16000,43,1.1227688275862069,nan,False,1
2,0.005,0.999,16000,44,1.120784212643678,nan,False,1
2,0.005,0.999,16000,45,1.1271899540229884,nan,False,1
2,0.005,0.999,16000,46,1.1159667873563217,nan,False,1
2,0.005,0.999,256000,42,1.16432312,nan,False,2
2,0.005,0.999,256000,43,1.1598668266666667,nan,False,2
2,0.005,0.999,256000,44,1.1556005933333333,nan,False,2
2,0.005,0.999,256000,45,1.1567252933333334,nan,False,2
2,0.005,0.999,256000,46,1.1577546266666667,nan,False,2
2,0.005,0.999,4000,42,1.1313335238095237,nan,False,1
2,0.005,0.999,4000,43,1.0903589010416668,nan,False,1
2,0.005,0.999,4000,44,1.1497767989417993,nan,False,2
2,0.005,0.999,4000,45,1.1092128624338626,nan,False,2
2,0.005,0.999,4000,46,1.1244603174603174,nan,False,2
2,0.005,0.999,64000,42,1.1296925925925925,nan,False,2
2,0.005,0.999,64000,43,1.14427412962963,nan,False,2
2,0.005,0.999,64000,44,1.1387242160493825,nan,False,2
2,0.005,0.999,64000,45,1.143144364197531,nan,False,2
2,0.005,0.999,64000,46,1.140471648148148,nan,False,2
2,0.005,0.99,1000,42,1.0851098405797104,nan,False,0
2,0.005,0.99,1000,43,1.1123356999999998,nan,False,0
2,0.005,0.99,1000,44,1.067896273148148,nan,False,0
2,0.005,0.99,1000,45,1.073554561904762,nan,False,2
2,0.005,0.99,1000,46,1.0584710285714285,nan,False,0
2,0.005,0.99,16000,42,1.120398096045198,nan,False,0
2,0.005,0.99,16000,43,1.1124877853107347,nan,False,0
2,0.005,0.99,16000,44,1.109047242937853,nan,False,0
2,0.005,0.99,16000,45,1.115301129943503,nan,False,0
2,0.005,0.99,16000,46,1.1033085367231639,nan,False,0
2,0.005,0.99,256000,42,1.1163043782051283,nan,False,0
2,0.005,0.99,256000,43,1.1119194294871797,nan,False,0
2,0.005,0.99,256000,44,1.1131976602564104,nan,False,0
2,0.005,0.99,256000,45,1.114457391025641,nan,False,0
2,0.005,0.99,256000,46,1.1170120064102564,nan,False,0
2,0.005,0.99,4000,42,1.0962111666666667,nan,False,0
2,0.005,0.99,4000,43,1.1188852395833333,nan,False,0
2,0.005,0.99,4000,44,1.1155078958333333,nan,False,0
2,0.005,0.99,4000,45,1.1030910989583336,nan,False,0
2,0.005,0.99,4000,46,1.1235329531249998,nan,False,0
2,0.005,0.99,64000,42,1.1106779757575758,nan,False,0
2,0.005,0.99,64000,43,1.110936715151515,nan,False,0
2,0.005,0.99,64000,44,1.111867715151515,nan,False,0
2,0.005,0.99,64000,45,1.1177683515151515,nan,False,0
2,0.005,0.99,64000,46,1.1051960666666667,nan,False,0
2,0.005,0.9,1000,42,1.029061226851852,nan,False,0
2,0.005,0.9,1000,43,1.056289536796537,nan,False,0
2,0.005,0.9,1000,44,1.0634414647887322,nan,False,0
2,0.005,0.9,1000,45,1.0561488666666663,nan,False,0
2,0.005,0.9,1000,46,1.0316371369863013,nan,False,0
2,0.005,0.9,16000,42,1.1048054406779662,nan,False,0
2,0.005,0.9,16000,43,1.0987800169491524,nan,False,0
2,0.005,0.9,16000,44,1.1076018079096046,nan,False,0
2,0.005,0.9,16000,45,1.1019338474576272,nan,False,0
2,0.005,0.9,16000,46,1.1253361016949153,nan,False,0
2,0.005,0.9,256000,42,1.1261870849673203,nan,False,0
2,0.005,0.9,256000,43,1.127997607843137,nan,False,0
2,0.005,0.9,256000,44,1.1263481307189542,nan,False,0
2,0.005,0.9,256000,45,1.1287628954248368,nan,False,0
2,0.005,0.9,256000,46,1.127095549019608,nan,False,0
2,0.005,0.9,4000,42,1.0514685104166666,nan,False,0
2,0.005,0.9,4000,43,1.0779665833333332,nan,False,0
2,0.005,0.9,4000,44,1.0942939427083334,nan,False,0
2,0.005,0.9,4000,45,1.0854826979166667,nan,False,0
2,0.005,0.9,4000,46,1.0939056822916666,nan,False,0
2,0.005,0.9,64000,42,1.1156337939393939,nan,False,0
2,0.005,0.9,64000,43,1.1098028606060608,nan,False,0
2,0.005,0.9,64000,44,1.1162414181818183,nan,False,0
2,0.005,0.9,64000,45,1.115748,nan,False,0
2,0.005,0.9,64000,46,1.1128243393939392,nan,False,0
2,0.015,0.95,1000,42,1.0026855142857147,nan,False,2
2,0.015,0.95,1000,43,1.0262608991228073,nan,False,0
2,0.015,0.95,1000,44,1.0248552222222223,nan,False,0
2,0.015,0.95,1000,45,1.0461767592592592,nan,False,0
2,0.015,0.95,1000,46,1.0563621830985912,nan,False,0
2,0.015,0.95,16000,42,1.0773244745762711,nan,False,0
2,0.015,0.95,16000,43,1.080359593220339,nan,False,0
2,0.015,0.95,16000,44,1.0832491073446326,nan,False,0
2,0.015,0.95,16000,45,1.0890346384180791,nan,False,0
2,0.015,0.95,16000,46,1.0784466497175142,nan,False,0
2,0.015,0.95,256000,42,1.0884436339869281,nan,False,0
2,0.015,0.95,256000,43,1.0891411633986927,nan,False,0
2,0.015,0.95,256000,44,1.0864783594771241,nan,False,0
2,0.015,0.95,256000,45,1.0887878758169933,nan,False,0
2,0.015,0.95,256000,46,1.0853512091503266,nan,False,0
2,0.015,0.95,4000,42,1.0671202916666664,nan,False,0
2,0.015,0.95,4000,43,1.0611608541666666,nan,False,0
2,0.015,0.95,4000,44,1.0832109427083334,nan,False,0
2,0.015,0.95,4000,45,1.0495132291666667,nan,False,0
2,0.015,0.95,4000,46,1.0503463794871795,nan,False,0
2,0.015,0.95,64000,42,1.0903131454545454,nan,False,0
2,0.015,0.95,64000,43,1.086708103030303,nan,False,0
2,0.015,0.95,64000,44,1.0824012666666667,nan,False,0
2,0.015,0.95,64000,45,1.085254321212121,nan,False,0
2,0.015,0.95,64000,46,1.0844706909090909,nan,False,0
2,0.015,0.995,1000,42,1.1554986571428572,nan,False,0
2,0.015,0.995,1000,43,1.157365871428571,nan,False,0
2,0.015,0.995,1000,44,1.1543958285714289,nan,False,0
2,0.015,0.995,1000,45,1.1865683857142857,nan,False,0
2,0.015,0.995,1000,46,1.0957911142857142,nan,False,0
2,0.015,0.995,16000,42,1.1468767175141243,nan,False,0
2,0.015,0.995,16000,43,1.154117717514124,nan,False,0
2,0.015,0.995,16000,44,1.1526405310734464,nan,False,0
2,0.015,0.995,16000,45,1.1633671581920904,nan,False,0
2,0.015,0.995,16000,46,1.1402552033898303,nan,False,0
2,0.015,0.995,256000,42,1.1538182564102564,nan,False,0
2,0.015,0.995,256000,43,1.1521705576923076,nan,False,0
2,0.015,0.995,256000,44,1.1533476666666667,nan,False,0
2,0.015,0.995,256000,45,1.1551462628205127,nan,False,0
2,0.015,0.995,256000,46,1.1539524901960785,nan,False,0
2,0.015,0.995,4000,42,1.1292026302083333,nan,False,0
2,0.015,0.995,4000,43,1.1487720520833333,nan,False,0
2,0.015,0.995,4000,44,1.1460123072916668,nan,False,0
2,0.015,0.995,4000,45,1.1656871216931215,nan,False,0
2,0.015,0.995,4000,46,1.1229261875,nan,False,0
2,0.015,0.995,64000,42,1.1529541393939393,nan,False,0
2,0.015,0.995,64000,43,1.1495603090909092,nan,False,0
2,0.015,0.995,64000,44,1.1545172181818184,nan,False,0
2,0.015,0.995,64000,45,1.1512406303030303,nan,False,0
2,0.015,0.995,64000,46,1.1568261575757575,nan,False,0
2,0.015,0.999,1000,42,1.1364561835748794,nan,False,1
2,0.015,0.999,1000,43,1.1385975619047617,nan,False,0
2,0.015,0.999,1000,44,1.0947455753424657,nan,False,2
2,0.015,0.999,1000,45,1.1262577058823533,nan,False,1
2,0.015,0.999,1000,46,1.060080497652582,nan,False,0
2,0.015,0.999,16000,42,1.1076234367816091,nan,False,1
2,0.015,0.999,16000,43,1.0887129039548025,nan,False,1
2,0.015,0.999,16000,44,1.112535581920904,nan,False,1
2,0.015,0.999,16000,45,1.11292441954023,nan,False,1
2,0.015,0.999,16000,46,1.1050236327683616,nan,False,2
2,0.015,0.999,256000,42,1.13845084,nan,False,2
2,0.015,0.999,256000,43,1.13646424,nan,False,2
2,0.015,0.999,256000,44,1.1351036200000002,nan,False,2
2,0.015,0.999,256000,45,1.1396879066666665,nan,False,2
2,0.015,0.999,256000,46,1.1411806533333333,nan,False,2
2,0.015,0.999,4000,42,1.1362218730158729,nan,False,2
2,0.015,0.999,4000,43,1.0897206984126986,nan,False,1
2,0.015,0.999,4000,44,1.0787187777777776,nan,False,0
2,0.015,0.999,4000,45,1.0891721640211642,nan,False,0
2,0.015,0.999,4000,46,1.0778208232323234,nan,False,0
2,0.015,0.999,64000,42,1.124889827160494,nan,False,2
2,0.015,0.999,64000,43,1.111990187878788,nan,False,2
2,0.015,0.999,64000,44,1.1186599696969697,nan,False,2
2,0.015,0.999,64000,45,1.130801315151515,nan,False,2
2,0.015,0.999,64000,46,1.1195597407407407,nan,False,2
2,0.015,0.99,1000,42,1.0534783857142858,nan,False,0
2,0.015,0.99,1000,43,1.0560686995305164,nan,False,0
2,0.015,0.99,1000,44,1.1172475619047617,nan,False,0
2,0.015,0.99,1000,45,1.034373652777778,nan,False,0
2,0.015,0.99,1000,46,1.0598924835680752,nan,False,0
2,0.015,0.99,16000,42,1.0998076779661017,nan,False,0
2,0.015,0.99,16000,43,1.1013702259887006,nan,False,0
2,0.015,0.99,16000,44,1.098021858757062,nan,False,0
2,0.015,0.99,16000,45,1.0979562655367232,nan,False,0
2,0.015,0.99,16000,46,1.0942933050847456,nan,False,0
2,0.015,0.99,256000,42,1.1065079102564102,nan,False,0
2,0.015,0.99,256000,43,1.1075363333333335,nan,False,0
2,0.015,0.99,256000,44,1.109623814102564,nan,False,0
2,0.015,0.99,256000,45,1.1074714166666666,nan,False,0
2,0.015,0.99,256000,46,1.110589641025641,nan,False,0
2,0.015,0.99,4000,42,1.1057495,nan,False,0
2,0.015,0.99,4000,43,1.08297428125,nan,False,0
2,0.015,0.99,4000,44,1.1238893541666668,nan,False,0
2,0.015,0.99,4000,45,1.0917047552083332,nan,False,0
2,0.015,0.99,4000,46,1.0903813802083335,nan,False,0
2,0.015,0.99,64000,42,1.105062581818182,nan,False,0
2,0.015,0.99,64000,43,1.1005013454545456,nan,False,0
2,0.015,0.99,64000,44,1.1069182242424243,nan,False,0
2,0.015,0.99,64000,45,1.1043024121212122,nan,False,0
2,0.015,0.99,64000,46,1.105690787878788,nan,False,0
2,0.015,0.9,1000,42,1.0515778732394367,nan,False,2
2,0.015,0.9,1000,43,1.0489482612612613,nan,False,0
2,0.015,0.9,1000,44,1.0529159342723007,nan,False,0
2,0.015,0.9,1000,45,1.076676288888889,nan,False,2
2,0.015,0.9,1000,46,1.0502866948356806,nan,False,0
2,0.015,0.9,16000,42,1.1038580508474576,nan,False,0
2,0.015,0.9,16000,43,1.1001811129943502,nan,False,0
2,0.015,0.9,16000,44,1.0957441073446326,nan,False,0
2,0.015,0.9,16000,45,1.0918951186440677,nan,False,0
2,0.015,0.9,16000,46,1.097343384180791,nan,False,0
2,0.015,0.9,256000,42,1.117042594771242,nan,False,0
2,0.015,0.9,256000,43,1.1181584771241828,nan,False,0
2,0.015,0.9,256000,44,1.1193554117647058,nan,False,0
2,0.015,0.9,256000,45,1.1205091895424837,nan,False,0
2,0.015,0.9,256000,46,1.1169194183006534,nan,False,0
2,0.015,0.9,4000,42,1.0838910260416665,nan,False,0
2,0.015,0.9,4000,43,1.0705352604166667,nan,False,0
2,0.015,0.9,4000,44,1.0850355833333332,nan,False,0
2,0.015,0.9,4000,45,1.0955187604166667,nan,False,0
2,0.015,0.9,4000,46,1.087776109375,nan,False,0
2,0.015,0.9,64000,42,1.1061770787878789,nan,False,0
2,0.015,0.9,64000,43,1.0999824000000002,nan,False,0
2,0.015,0.9,64000,44,1.0994204,nan,False,0
2,0.015,0.9,64000,45,1.1008828727272724,nan,False,0
2,0.015,0.9,64000,46,1.1008346484848484,nan,False,0
2,0.016,0.95,1000,42,1.1029615745614034,nan,False,0
2,0.016,0.95,1000,43,1.0302467719298245,nan,False,0
2,0.016,0.95,1000,44,1.0173603999999998,nan,False,2
2,0.016,0.95,1000,45,1.0261708952380952,nan,False,0
2,0.016,0.95,1000,46,0.9991296891891892,nan,False,0
2,0.016,0.95,16000,42,1.0701723559322036,nan,False,0
2,0.016,0.95,16000,43,1.0910754689265536,nan,False,0
2,0.016,0.95,16000,44,1.0700660722222222,nan,False,0
2,0.016,0.95,16000,45,1.0774503333333334,nan,False,0
2,0.016,0.95,16000,46,1.0810873220338983,nan,False,0
2,0.016,0.95,4000,42,1.084876416666667,nan,False,0
2,0.016,0.95,4000,43,1.0661494270833334,nan,False,0
2,0.016,0.95,4000,44,1.0460678854166667,nan,False,0
2,0.016,0.95,4000,45,1.053901517948718,nan,False,0
2,0.016,0.95,4000,46,1.0669380989583335,nan,False,0
2,0.016,0.995,1000,42,1.1673708550724635,nan,False,0
2,0.016,0.995,1000,43,1.1013947095238095,nan,False,0
2,0.016,0.995,1000,44,1.185557423809524,nan,False,0
2,0.016,0.995,1000,45,1.129060842857143,nan,False,0
2,0.016,0.995,1000,46,1.195781604761905,nan,False,0
2,0.016,0.995,16000,42,1.165359824858757,nan,False,0
2,0.016,0.995,16000,43,1.1463741920903954,nan,False,0
2,0.016,0.995,16000,44,1.1638291355932207,nan,False,0
2,0.016,0.995,16000,45,1.1657819830508478,nan,False,0
2,0.016,0.995,16000,46,1.1764635197740114,nan,False,0
2,0.016,0.995,4000,42,1.153444203125,nan,False,0
2,0.016,0.995,4000,43,1.1367075989583333,nan,False,0
2,0.016,0.995,4000,44,1.1697237552083335,nan,False,0
2,0.016,0.995,4000,45,1.1721337187499998,nan,False,0
2,0.016,0.995,4000,46,1.1442791875,nan,False,0
2,0.016,0.999,1000,42,1.0344129589041096,nan,False,0
2,0.016,0.999,1000,43,1.0969990273972603,nan,False,0
2,0.016,0.999,1000,44,1.0599029483568074,nan,False,0
2,0.016,0.999,1000,45,1.0867158584474885,nan,False,0
2,0.016,0.999,1000,46,1.0448813888888888,nan,False,0
2,0.016,0.999,16000,42,1.0819036214689266,nan,False,0
2,0.016,0.999,16000,43,1.0704070677966102,nan,False,0
2,0.016,0.999,16000,44,1.088806858757062,nan,False,0
2,0.016,0.999,16000,45,1.0995437966101695,nan,False,0
2,0.016,0.999,16000,46,1.1031360000000001,nan,False,0
2,0.016,0.999,4000,42,1.1070821058201057,nan,False,2
2,0.016,0.999,4000,43,1.0565325625,nan,False,0
2,0.016,0.999,4000,44,1.097062494791667,nan,False,0
2,0.016,0.999,4000,45,1.1140597916666666,nan,False,0
2,0.016,0.999,4000,46,1.1232834973544974,nan,False,0
2,0.016,0.99,1000,42,1.0662668937198063,nan,False,0
2,0.016,0.99,1000,43,1.1094890761904763,nan,False,0
2,0.016,0.99,1000,44,1.1097701999999998,nan,False,0
2,0.016,0.99,1000,45,1.134234985714286,nan,False,0
2,0.016,0.99,1000,46,1.0815460985915495,nan,False,0
2,0.016,0.99,16000,42,1.1273643446327686,nan,False,0
2,0.016,0.99,16000,43,1.1323464180790959,nan,False,0
2,0.016,0.99,16000,44,1.1272310338983051,nan,False,0
2,0.016,0.99,16000,45,1.1255645875706215,nan,False,0
2,0.016,0.99,16000,46,1.1238766440677965,nan,False,0
2,0.016,0.99,4000,42,1.0746336927083333,nan,False,0
2,0.016,0.99,4000,43,1.1295560208333333,nan,False,0
2,0.016,0.99,4000,44,1.1315106770833334,nan,False,0
2,0.016,0.99,4000,45,1.1122670520833333,nan,False,0
2,0.016,0.99,4000,46,1.1392116770833334,nan,False,0
2,0.016,0.9,1000,42,1.0262823380952382,nan,False,2
2,0.016,0.9,1000,43,1.0576447762557077,nan,False,2
2,0.016,0.9,1000,44,1.0460396301369863,nan,False,0
2,0.016,0.9,1000,45,1.0311522175925925,nan,False,0
2,0.016,0.9,1000,46,1.0121429436619716,nan,False,0
2,0.016,0.9,16000,42,1.0936763389830506,nan,False,0
2,0.016,0.9,16000,43,1.0960202372881356,nan,False,0
2,0.016,0.9,16000,44,1.1024185310734462,nan,False,0
2,0.016,0.9,16000,45,1.0905204180790962,nan,False,0
2,0.016,0.9,16000,46,1.0921334293785312,nan,False,0
2,0.016,0.9,4000,42,1.0575558020833333,nan,False,0
2,0.016,0.9,4000,43,1.090821359375,nan,False,0
2,0.016,0.9,4000,44,1.0942609739583333,nan,False,0
2,0.016,0.9,4000,45,1.0810280104166667,nan,False,0
2,0.016,0.9,4000,46,1.0715416093749999,nan,False,0
2,0.03,0.95,1000,42,1.0735950585585585,nan,False,0
2,0.03,0.95,1000,43,1.0345628173515982,nan,False,0
2,0.03,0.95,1000,44,1.050588368888889,nan,False,0
2,0.03,0.95,1000,45,1.0756604647887327,nan,False,0
2,0.03,0.95,1000,46,1.007081800925926,nan,False,0
2,0.03,0.95,16000,42,1.0796633559322033,nan,False,0
2,0.03,0.95,16000,43,1.0942672372881357,nan,False,0
2,0.03,0.95,16000,44,1.0908148757062148,nan,False,0
2,0.03,0.95,16000,45,1.1058834067796608,nan,False,0
2,0.03,0.95,16000,46,1.099215858757062,nan,False,0
2,0.03,0.95,4000,42,1.0698323645833332,nan,False,0
2,0.03,0.95,4000,43,1.0641334687500001,nan,False,0
2,0.03,0.95,4000,44,1.0818533750000001,nan,False,0
2,0.03,0.95,4000,45,1.0877377760416667,nan,False,0
2,0.03,0.95,4000,46,1.0685274947916668,nan,False,0
2,0.03,0.95,64000,42,1.1061539393939392,nan,False,0
2,0.03,0.95,64000,43,1.105540818181818,nan,False,0
2,0.03,0.95,64000,44,1.0996079212121213,nan,False,0
2,0.03,0.95,64000,45,1.1007797272727273,nan,False,0
2,0.03,0.95,64000,46,1.101837509090909,nan,False,0
2,0.03,0.995,1000,42,1.0679388647342996,nan,False,0
2,0.03,0.995,1000,43,1.128579114285714,nan,False,0
2,0.03,0.995,1000,44,1.1419234106280192,nan,False,0
2,0.03,0.995,1000,45,1.1120706380952383,nan,False,0
2,0.03,0.995,1000,46,1.1331651739130435,nan,False,0
2,0.03,0.995,16000,42,1.1531771242937854,nan,False,0
2,0.03,0.995,16000,43,1.1555801807909605,nan,False,0
2,0.03,0.995,16000,44,1.147248802259887,nan,False,0
2,0.03,0.995,16000,45,1.1478390790960453,nan,False,0
2,0.03,0.995,16000,46,1.1667191468926552,nan,False,0
2,0.03,0.995,4000,42,1.1315223541666666,nan,False,0
2,0.03,0.995,4000,43,1.1371494010416665,nan,False,0
2,0.03,0.995,4000,44,1.1413111197916668,nan,False,0
2,0.03,0.995,4000,45,1.1800706510416668,nan,False,0
2,0.03,0.995,4000,46,1.1471783177083332,nan,False,0
2,0.03,0.995,64000,42,1.1549399333333332,nan,False,0
2,0.03,0.995,64000,43,1.1540773333333334,nan,False,0
2,0.03,0.995,64000,44,1.158402103030303,nan,False,0
2,0.03,0.995,64000,45,1.1455660666666667,nan,False,0
2,0.03,0.995,64000,46,1.1455880484848486,nan,False,0
2,0.03,0.999,1000,42,1.0734367887323941,nan,False,0
2,0.03,0.999,1000,43,1.0945672083333333,nan,False,1
2,0.03,0.999,1000,44,1.0994617401960785,nan,False,1
2,0.03,0.999,1000,45,1.0526793828828829,nan,False,0
2,0.03,0.999,1000,46,1.1457859248826294,nan,False,2
2,0.03,0.999,16000,42,1.0956131242937852,nan,False,1
2,0.03,0.999,16000,43,1.1083825480225988,nan,False,1
2,0.03,0.999,16000,44,1.1054200112994352,nan,False,1
2,0.03,0.999,16000,45,1.102156361581921,nan,False,1
2,0.03,0.999,16000,46,1.1061774067796613,nan,False,1
2,0.03,0.999,4000,42,1.1290805132275132,nan,False,0
2,0.03,0.999,4000,43,1.090547343915344,nan,False,2
2,0.03,0.999,4000,44,1.1163308802083334,nan,False,1
2,0.03,0.999,4000,45,1.1127498095238095,nan,False,1
2,0.03,0.999,4000,46,1.0767313227513229,nan,False,0
2,0.03,0.999,64000,42,1.1246747160493828,nan,False,2
2,0.03,0.999,64000,43,1.1364428580246915,nan,False,2
2,0.03,0.999,64000,44,1.140885771604938,nan,False,2
2,0.03,0.999,64000,45,1.140353611111111,nan,False,2
2,0.03,0.999,64000,46,1.1268322716049382,nan,False,2
2,0.03,0.99,1000,42,1.061536366197183,nan,False,0
2,0.03,0.99,1000,43,1.087236376190476,nan,False,0
2,0.03,0.99,1000,44,1.052694661904762,nan,False,0
2,0.03,0.99,1000,45,1.0881827391304348,nan,False,0
2,0.03,0.99,1000,46,1.036280519047619,nan,False,0
2,0.03,0.99,16000,42,1.1046772937853109,nan,False,0
2,0.03,0.99,16000,43,1.1060574011299433,nan,False,0
2,0.03,0.99,16000,44,1.1102942768361581,nan,False,0
2,0.03,0.99,16000,45,1.1068578926553672,nan,False,0
2,0.03,0.99,16000,46,1.1061858305084744,nan,False,0
2,0.03,0.99,4000,42,1.1271546822916667,nan,False,0
2,0.03,0.99,4000,43,1.0915579791666667,nan,False,0
2,0.03,0.99,4000,44,1.1012591927083335,nan,False,0
2,0.03,0.99,4000,45,1.1030901197916665,nan,False,0
2,0.03,0.99,4000,46,1.092043890625,nan,False,0
2,0.03,0.99,64000,42,1.1020626424242423,nan,False,0
2,0.03,0.99,64000,43,1.1119813515151513,nan,False,0
2,0.03,0.99,64000,44,1.1135066848484847,nan,False,0
2,0.03,0.99,64000,45,1.112615890909091,nan,False,0
2,0.03,0.99,64000,46,1.1074691212121213,nan,False,0
2,0.03,0.9,1000,42,1.0105030833333335,nan,False,0
2,0.03,0.9,1000,43,0.9719054155844155,nan,False,0
2,0.03,0.9,1000,44,1.0579653849765258,nan,False,0
2,0.03,0.9,1000,45,1.022981666666667,nan,False,0
2,0.03,0.9,1000,46,1.0582854741784036,nan,False,0
2,0.03,0.9,16000,42,1.096707197740113,nan,False,0
2,0.03,0.9,16000,43,1.091731802259887,nan,False,0
2,0.03,0.9,16000,44,1.0814255988700563,nan,False,0
2,0.03,0.9,16000,45,1.0960925536723163,nan,False,0
2,0.03,0.9,16000,46,1.0915174689265537,nan,False,0
2,0.03,0.9,4000,42,1.06193571875,nan,False,0
2,0.03,0.9,4000,43,1.0673194947916667,nan,False,0
2,0.03,0.9,4000,44,1.0692382153846154,nan,False,0
2,0.03,0.9,4000,45,1.0857878020833334,nan,False,0
2,0.03,0.9,4000,46,1.0586524427083335,nan,False,0
2,0.03,0.9,64000,42,1.0952093272727272,nan,False,0
2,0.03,0.9,64000,43,1.0950432787878788,nan,False,0
2,0.03,0.9,64000,44,1.0954765757575755,nan,False,0
2,0.03,0.9,64000,45,1.0935639454545454,nan,False,0
2,0.03,0.9,64000,46,1.0981123696969697,nan,False,0
2,0.05,0.95,1000,42,1.1043444780701754,nan,False,0
2,0.05,0.95,1000,43,1.0329433055555555,nan,False,0
2,0.05,0.95,1000,44,1.0732987962962963,nan,False,0
2,0.05,0.95,1000,45,1.0411313684210526,nan,False,0
2,0.05,0.95,1000,46,1.0012359269406392,nan,False,0
2,0.05,0.95,16000,42,1.0798753333333333,nan,False,0
2,0.05,0.95,16000,43,1.0745555819209038,nan,False,0
2,0.05,0.95,16000,44,1.0733576327683616,nan,False,0
2,0.05,0.95,16000,45,1.08246095480226,nan,False,0
2,0.05,0.95,16000,46,1.073490384180791,nan,False,0
2,0.05,0.95,4000,42,1.08182896875,nan,False,0
2,0.05,0.95,4000,43,1.06865775,nan,False,0
2,0.05,0.95,4000,44,1.0691392447916668,nan,False,0
2,0.05,0.95,4000,45,1.0519668072916666,nan,False,0
2,0.05,0.95,4000,46,1.0667913385416665,nan,False,0
2,0.05,0.95,64000,42,1.0824194848484847,nan,False,0
2,0.05,0.95,64000,43,1.080224793939394,nan,False,0
2,0.05,0.95,64000,44,1.0809002787878785,nan,False,0
2,0.05,0.95,64000,45,1.0830623333333333,nan,False,0
2,0.05,0.95,64000,46,1.0752375454545455,nan,False,0
2,0.05,0.995,1000,42,1.0845957333333334,nan,False,0
2,0.05,0.995,1000,43,1.0949220714285712,nan,False,0
2,0.05,0.995,1000,44,1.1297056047619047,nan,False,0
2,0.05,0.995,1000,45,1.0891277333333331,nan,False,0
2,0.05,0.995,1000,46,1.1304061095238094,nan,False,0
2,0.05,0.995,16000,42,1.1458152937853106,nan,False,0
2,0.05,0.995,16000,43,1.1502104180790962,nan,False,0
2,0.05,0.995,16000,44,1.129278152542373,nan,False,0
2,0.05,0.995,16000,45,1.126410451977401,nan,False,0
2,0.05,0.995,16000,46,1.1388674858757062,nan,False,0
2,0.05,0.995,4000,42,1.1367334791666668,nan,False,0
2,0.05,0.995,4000,43,1.1167945,nan,False,0
2,0.05,0.995,4000,44,1.1122804583333334,nan,False,0
2,0.05,0.995,4000,45,1.1274740833333334,nan,False,0
2,0.05,0.995,4000,46,1.171738306878307,nan,False,0
2,0.05,0.995,64000,42,1.147128389937107,nan,False,0
2,0.05,0.995,64000,43,1.1361047515151517,nan,False,0
2,0.05,0.995,64000,44,1.1445439212121211,nan,False,0
2,0.05,0.995,64000,45,1.1412600484848485,nan,False,0
2,0.05,0.995,64000,46,1.1350959811320753,nan,False,0
2,0.05,0.999,1000,42,1.1506813192488266,nan,False,1
2,0.05,0.999,1000,43,1.0951724444444446,nan,False,2
2,0.05,0.999,1000,44,1.144333422535211,nan,False,2
2,0.05,0.999,1000,45,1.0948829619047618,nan,False,2
2,0.05,0.999,1000,46,1.0807052857142858,nan,False,2
2,0.05,0.999,16000,42,1.1008874237288133,nan,False,0
2,0.05,0.999,16000,43,1.1113532994350281,nan,False,1
2,0.05,0.999,16000,44,1.1066285310734463,nan,False,0
2,0.05,0.999,16000,45,1.1063773954802258,nan,False,2
2,0.05,0.999,16000,46,1.1229474802259887,nan,False,2
2,0.05,0.999,4000,42,1.120622515625,nan,False,2
2,0.05,0.999,4000,43,1.1294262666666666,nan,False,0
2,0.05,0.999,4000,44,1.119486626262626,nan,False,1
2,0.05,0.999,4000,45,1.0986034973544974,nan,False,1
2,0.05,0.999,4000,46,1.1055990895522387,nan,False,1
2,0.05,0.999,64000,42,1.1615263888888887,nan,False,2
2,0.05,0.999,64000,43,1.1732627345679012,nan,False,2
2,0.05,0.999,64000,44,1.1664812962962963,nan,False,2
2,0.05,0.999,64000,45,1.1791352777777777,nan,False,2
2,0.05,0.999,64000,46,1.1526539272727272,nan,False,2
2,0.05,0.99,1000,42,1.074092550724638,nan,False,0
2,0.05,0.99,1000,43,1.0812262129629628,nan,False,2
2,0.05,0.99,1000,44,1.1063047714285716,nan,False,0
2,0.05,0.99,1000,45,1.0458772666666667,nan,False,0
2,0.05,0.99,1000,46,1.0988562816901404,nan,False,0
2,0.05,0.99,16000,42,1.1087232316384181,nan,False,0
2,0.05,0.99,16000,43,1.1112866723163843,nan,False,0
2,0.05,0.99,16000,44,1.1039108666666666,nan,False,0
2,0.05,0.99,16000,45,1.1036344971751413,nan,False,0
2,0.05,0.99,16000,46,1.0991087627118645,nan,False,0
2,0.05,0.99,4000,42,1.0986515364583334,nan,False,0
2,0.05,0.99,4000,43,1.1007344114583333,nan,False,0
2,0.05,0.99,4000,44,1.1003727916666666,nan,False,0
2,0.05,0.99,4000,45,1.1090777395833333,nan,False,0
2,0.05,0.99,4000,46,1.1180951354166666,nan,False,0
2,0.05,0.99,64000,42,1.1111424465408806,nan,False,0
2,0.05,0.99,64000,43,1.1176463272727273,nan,False,0
2,0.05,0.99,64000,44,1.1137530666666668,nan,False,0
2,0.05,0.99,64000,45,1.1172942060606061,nan,False,0
2,0.05,0.99,64000,46,1.1182710303030303,nan,False,0
2,0.05,0.9,1000,42,1.0494353999999997,nan,False,0
2,0.05,0.9,1000,43,0.9873774888888888,nan,False,0
2,0.05,0.9,1000,44,1.0482988356164382,nan,False,0
2,0.05,0.9,1000,45,1.055945397260274,nan,False,0
2,0.05,0.9,1000,46,1.0542327824074076,nan,False,0
2,0.05,0.9,16000,42,1.0868271355932202,nan,False,0
2,0.05,0.9,16000,43,1.0917263163841806,nan,False,0
2,0.05,0.9,16000,44,1.0870846949152542,nan,False,0
2,0.05,0.9,16000,45,1.0945612937853106,nan,False,0
2,0.05,0.9,16000,46,1.0916476892655367,nan,False,0
2,0.05,0.9,4000,42,1.0861126875,nan,False,0
2,0.05,0.9,4000,43,1.075775953125,nan,False,0
2,0.05,0.9,4000,44,1.079613953125,nan,False,0
2,0.05,0.9,4000,45,1.0425181458333332,nan,False,0
2,0.05,0.9,4000,46,1.0507256041666666,nan,False,0
2,0.05,0.9,64000,42,1.0999607636363637,nan,False,0
2,0.05,0.9,64000,43,1.0964484242424246,nan,False,0
2,0.05,0.9,64000,44,1.0959838909090909,nan,False,0
2,0.05,0.9,64000,45,1.094342181818182,nan,False,0
2,0.05,0.9,64000,46,1.0942684909090907,nan,False,0
2,0.064,0.95,1000,42,1.041108175925926,nan,False,0
2,0.064,0.95,1000,43,1.0324415251141554,nan,False,0
2,0.064,0.95,1000,44,1.0367829999999998,nan,False,2
2,0.064,0.95,1000,45,1.0155228796296296,nan,False,0
2,0.064,0.95,1000,46,1.0544316249999999,nan,False,2
2,0.064,0.95,4000,42,1.0631104635416666,nan,False,0
2,0.064,0.95,4000,43,1.0775233333333332,nan,False,0
2,0.064,0.95,4000,44,1.063599625,nan,False,0
2,0.064,0.95,4000,45,1.071587317948718,nan,False,0
2,0.064,0.95,4000,46,1.039261476923077,nan,False,0
2,0.064,0.995,1000,42,1.0916662571428573,nan,False,0
2,0.064,0.995,1000,43,1.0629182380952382,nan,False,0
2,0.064,0.995,1000,44,1.1533932173913044,nan,False,0
2,0.064,0.995,1000,45,1.0773855821596248,nan,False,0
2,0.064,0.995,1000,46,1.1127865619047619,nan,False,0
2,0.064,0.995,4000,42,1.1090630052083332,nan,False,0
2,0.064,0.995,4000,43,1.1242474739583335,nan,False,0
2,0.064,0.995,4000,44,1.1094501979166667,nan,False,0
2,0.064,0.995,4000,45,1.12243003125,nan,False,0
2,0.064,0.995,4000,46,1.1198616145833333,nan,False,0
2,0.064,0.999,1000,42,1.0946784714285713,nan,False,2
2,0.064,0.999,1000,43,1.173402681372549,nan,False,2
2,0.064,0.999,1000,44,1.1835654009661833,nan,False,2
2,0.064,0.999,1000,45,1.1476400938967137,nan,False,0
2,0.064,0.999,1000,46,1.2328303529411766,nan,False,2
2,0.064,0.999,4000,42,1.1744128783068786,nan,False,2
2,0.064,0.999,4000,43,1.1604635291005294,nan,False,2
2,0.064,0.999,4000,44,1.1586850215053766,nan,False,1
2,0.064,0.999,4000,45,1.1383734179894176,nan,False,2
2,0.064,0.999,4000,46,1.1807593915343912,nan,False,2
2,0.064,0.99,1000,42,1.0865837840375587,nan,False,0
2,0.064,0.99,1000,43,1.0665060095238095,nan,False,0
2,0.064,0.99,1000,44,1.0940143623188405,nan,False,0
2,0.064,0.99,1000,45,1.059882133333333,nan,False,0
2,0.064,0.99,1000,46,1.1191425285714287,nan,False,0
2,0.064,0.99,4000,42,1.0850706822916667,nan,False,0
2,0.064,0.99,4000,43,1.1131264583333333,nan,False,0
2,0.064,0.99,4000,44,1.1063905468750002,nan,False,0
2,0.064,0.99,4000,45,1.1068253802083332,nan,False,0
2,0.064,0.99,4000,46,1.1358081510416667,nan,False,0
2,0.064,0.9,1000,42,1.0957792676056342,nan,False,0
2,0.064,0.9,1000,43,1.0027646065573772,nan,False,0
2,0.064,0.9,1000,44,1.0759164380952382,nan,False,0
2,0.064,0.9,1000,45,1.029985744292237,nan,False,0
2,0.064,0.9,1000,46,1.0444491461187215,nan,False,0
2,0.064,0.9,4000,42,1.059768453125,nan,False,0
2,0.064,0.9,4000,43,1.086018140625,nan,False,0
2,0.064,0.9,4000,44,1.0610301041666665,nan,False,0
2,0.064,0.9,4000,45,1.0840624427083334,nan,False,0
2,0.064,0.9,4000,46,1.0798785729166667,nan,False,0
2,0.0,0.95,1000,42,1.2457182809523808,nan,False,0
2,0.0,0.95,1000,43,1.2313513333333335,nan,False,0
2,0.0,0.95,1000,44,1.2487680676328503,nan,False,0
2,0.0,0.95,1000,45,1.2729985809523807,nan,False,0
2,0.0,0.95,1000,46,1.260176961352657,nan,False,0
2,0.0,0.95,16000,42,1.3175033722222222,nan,False,0
2,0.0,0.95,16000,43,1.3295451388888888,nan,False,0
2,0.0,0.95,16000,44,1.3271147388888886,nan,False,0
2,0.0,0.95,16000,45,1.340453084745763,nan,False,1
2,0.0,0.95,16000,46,1.3205351611111107,nan,False,0
2,0.0,0.95,256000,42,1.3376042307692304,nan,False,1
2,0.0,0.95,256000,43,1.3394743269230769,nan,False,1
2,0.0,0.95,256000,44,1.3387956025641026,nan,False,1
2,0.0,0.95,256000,45,1.3387384615384614,nan,False,1
2,0.0,0.95,256000,46,1.3366186794871795,nan,False,1
2,0.0,0.95,4000,42,1.2957815312499998,nan,False,0
2,0.0,0.95,4000,43,1.3189641770833334,nan,False,0
2,0.0,0.95,4000,44,1.2789809114583333,nan,False,0
2,0.0,0.95,4000,45,1.284737,nan,False,0
2,0.0,0.95,4000,46,1.2867455989583334,nan,False,0
2,0.0,0.95,64000,42,1.3266484484848482,nan,False,1
2,0.0,0.95,64000,43,1.3276512242424243,nan,False,1
2,0.0,0.95,64000,44,1.3332835393939393,nan,False,1
2,0.0,0.95,64000,45,1.3400319818181818,nan,False,1
2,0.0,0.95,64000,46,1.3329443939393937,nan,False,1
2,0.0,0.995,1000,42,1.168286257142857,nan,False,0
2,0.0,0.995,1000,43,1.1784635523809526,nan,False,0
2,0.0,0.995,1000,44,1.1513982333333332,nan,False,0
2,0.0,0.995,1000,45,1.2044323142857145,nan,False,0
2,0.0,0.995,1000,46,1.1350019571428571,nan,False,0
2,0.0,0.995,16000,42,1.1912790282485877,nan,False,0
2,0.0,0.995,16000,43,1.190509514124294,nan,False,0
2,0.0,0.995,16000,44,1.2002905706214688,nan,False,0
2,0.0,0.995,16000,45,1.195378824858757,nan,False,0
2,0.0,0.995,16000,46,1.19615595480226,nan,False,0
2,0.0,0.995,256000,42,1.1882133589743589,nan,False,0
2,0.0,0.995,256000,43,1.1892798525641026,nan,False,0
2,0.0,0.995,256000,44,1.1872581217948717,nan,False,0
2,0.0,0.995,256000,45,1.1914053076923077,nan,False,0
2,0.0,0.995,256000,46,1.19060075,nan,False,0
2,0.0,0.995,4000,42,1.1868910677083333,nan,False,0
2,0.0,0.995,4000,43,1.1596560364583333,nan,False,0
2,0.0,0.995,4000,44,1.1970576718750001,nan,False,0
2,0.0,0.995,4000,45,1.1560818645833333,nan,False,0
2,0.0,0.995,4000,46,1.1905633697916667,nan,False,0
2,0.0,0.995,64000,42,1.1900619575757576,nan,False,0
2,0.0,0.995,64000,43,1.1901466547619048,nan,False,0
2,0.0,0.995,64000,44,1.1877798154761905,nan,False,0
2,0.0,0.995,64000,45,1.1902341818181819,nan,False,0
2,0.0,0.995,64000,46,1.1954427575757578,nan,False,0
2,0.0,0.999,1000,42,1.1266452850241544,nan,False,2
2,0.0,0.999,1000,43,1.163455957746479,nan,False,1
2,0.0,0.999,1000,44,1.0600365416666666,nan,False,1
2,0.0,0.999,1000,45,1.10456017370892,nan,False,2
2,0.0,0.999,1000,46,1.1945389624413147,nan,False,0
2,0.0,0.999,16000,42,1.1179172931034482,nan,False,1
2,0.0,0.999,16000,43,1.1149758965517242,nan,False,2
2,0.0,0.999,16000,44,1.1097222068965515,nan,False,1
2,0.0,0.999,16000,45,1.141304890804598,nan,False,2
2,0.0,0.999,16000,46,1.1129477643678158,nan,False,1
2,0.0,0.999,256000,42,1.1608840799999998,nan,False,2
2,0.0,0.999,256000,43,1.1617942666666665,nan,False,2
2,0.0,0.999,256000,44,1.1609100266666668,nan,False,2
2,0.0,0.999,256000,45,1.1601048600000001,nan,False,2
2,0.0,0.999,256000,46,1.1640880933333335,nan,False,2
2,0.0,0.999,4000,42,1.127267275132275,nan,False,1
2,0.0,0.999,4000,43,1.096788962962963,nan,False,1
2,0.0,0.999,4000,44,1.130710492063492,nan,False,0
2,0.0,0.999,4000,45,1.116382796875,nan,False,1
2,0.0,0.999,4000,46,1.0732960423280422,nan,False,1
2,0.0,0.999,64000,42,1.138423117283951,nan,False,2
2,0.0,0.999,64000,43,1.139356475308642,nan,False,2
2,0.0,0.999,64000,44,1.141732135802469,nan,False,2
2,0.0,0.999,64000,45,1.1489864074074074,nan,False,2
2,0.0,0.999,64000,46,1.1498608703703703,nan,False,2
2,0.0,0.99,1000,42,1.2498863188405795,nan,False,0
2,0.0,0.99,1000,43,1.211162104761905,nan,False,0
2,0.0,0.99,1000,44,1.2460630333333333,nan,False,0
2,0.0,0.99,1000,45,1.2052705857142856,nan,False,0
2,0.0,0.99,1000,46,1.1678733476190475,nan,False,0
2,0.0,0.99,16000,42,1.250380661111111,nan,False,0
2,0.0,0.99,16000,43,1.2450494666666665,nan,False,0
2,0.0,0.99,16000,44,1.2542516388888887,nan,False,0
2,0.0,0.99,16000,45,1.2490019611111114,nan,False,0
2,0.0,0.99,16000,46,1.25460375,nan,False,0
2,0.0,0.99,256000,42,1.2505414358974358,nan,False,0
2,0.0,0.99,256000,43,1.2496601282051283,nan,False,0
2,0.0,0.99,256000,44,1.2488122756410256,nan,False,0
2,0.0,0.99,256000,45,1.2456329871794873,nan,False,0
2,0.0,0.99,256000,46,1.2514441474358975,nan,False,0
2,0.0,0.99,4000,42,1.2484517552083334,nan,False,0
2,0.0,0.99,4000,43,1.2810568177083335,nan,False,0
2,0.0,0.99,4000,44,1.2360099479166666,nan,False,0
2,0.0,0.99,4000,45,1.2489700260416665,nan,False,0
2,0.0,0.99,4000,46,1.2117657187500002,nan,False,0
2,0.0,0.99,64000,42,1.2442724181818183,nan,False,0
2,0.0,0.99,64000,43,1.254942511904762,nan,False,0
2,0.0,0.99,64000,44,1.251684357142857,nan,False,0
2,0.0,0.99,64000,45,1.2388278484848483,nan,False,0
2,0.0,0.99,64000,46,1.2457830242424242,nan,False,0
2,0.0,0.9,1000,42,1.2353325217391302,nan,False,0
2,0.0,0.9,1000,43,1.313846942857143,nan,False,0
2,0.0,0.9,1000,44,1.2350592047619045,nan,False,0
2,0.0,0.9,1000,45,1.2472715476190475,nan,False,0
2,0.0,0.9,1000,46,1.2931504734299517,nan,False,0
2,0.0,0.9,16000,42,1.3799423444444447,nan,False,1
2,0.0,0.9,16000,43,1.3832989152542374,nan,False,1
2,0.0,0.9,16000,44,1.3467333559322032,nan,False,0
2,0.0,0.9,16000,45,1.3570638248587568,nan,False,0
2,0.0,0.9,16000,46,1.3608684971751412,nan,False,1
2,0.0,0.9,256000,42,1.3776397884615383,nan,False,1
2,0.0,0.9,256000,43,1.3762647500000003,nan,False,1
2,0.0,0.9,256000,44,1.382971378205128,nan,False,1
2,0.0,0.9,256000,45,1.3830180320512824,nan,False,1
2,0.0,0.9,256000,46,1.3807457243589742,nan,False,1
2,0.0,0.9,4000,42,1.3206654635416668,nan,False,0
2,0.0,0.9,4000,43,1.3713988125,nan,False,0
2,0.0,0.9,4000,44,1.3691095833333333,nan,False,0
2,0.0,0.9,4000,45,1.344593484375,nan,False,0
2,0.0,0.9,4000,46,1.3235306979166668,nan,False,0
2,0.0,0.9,64000,42,1.3710920181818185,nan,False,1
2,0.0,0.9,64000,43,1.3734108606060607,nan,False,1
2,0.0,0.9,64000,44,1.3809946303030305,nan,False,1
2,0.0,0.9,64000,45,1.3707387090909091,nan,False,1
2,0.0,0.9,64000,46,1.3825307575757573,nan,False,1
3,0.001,0.95,1000,42,1.8553836060606061,nan,False,2
3,0.001,0.95,1000,43,1.9256866190476194,nan,False,2
3,0.001,0.95,1000,44,2.0526014152046783,nan,False,2
3,0.001,0.95,1000,45,1.9512940645161294,nan,False,2
3,0.001,0.95,1000,46,2.025074949152543,nan,False,2
3,0.001,0.95,16000,42,2.153847148809524,nan,False,2
3,0.001,0.95,16000,43,2.1379258035714286,nan,False,2
3,0.001,0.95,16000,44,2.146589494047619,nan,False,2
3,0.001,0.95,16000,45,2.092564613095238,nan,False,2
3,0.001,0.95,16000,46,2.142051107142857,nan,False,2
3,0.001,0.95,4000,42,2.067460398907104,nan,False,2
3,0.001,0.95,4000,43,2.174557426229508,nan,False,2
3,0.001,0.95,4000,44,2.1494119166666668,nan,False,2
3,0.001,0.95,4000,45,2.2222854316939893,nan,False,2
3,0.001,0.95,4000,46,2.1037136502732237,nan,False,2
3,0.001,0.995,1000,42,1.0193743333333334,3.98946,True,2
3,0.001,0.995,1000,43,1.0564616666666666,3.693416,True,2
3,0.001,0.995,1000,44,1.0738433333333335,3.524244,True,2
3,0.001,0.995,1000,45,1.0824333333333334,3.683128,True,2
3,0.001,0.995,1000,46,1.0260673333333334,3.526775,True,2
3,0.001,0.995,16000,42,1.082864,3.76089,True,2
3,0.001,0.995,16000,43,1.0986026666666666,3.563396,True,2
3,0.001,0.995,16000,44,1.0846756666666666,3.556687,True,2
3,0.001,0.995,16000,45,1.1015046666666668,3.569411,True,2
3,0.001,0.995,16000,46,1.1151266666666666,3.567167,True,2
3,0.001,0.995,4000,42,1.0930913333333334,3.479629,True,2
3,0.001,0.995,4000,43,1.0958423333333334,3.463548,True,2
3,0.001,0.995,4000,44,1.0806653333333334,3.580894,True,2
3,0.001,0.995,4000,45,1.1048176666666667,3.738049,True,2
3,0.001,0.995,4000,46,1.112503,3.470225,True,2
3,0.001,0.999,1000,42,1.6773239358974361,nan,False,2
3,0.001,0.999,1000,43,1.7395006515151514,nan,False,2
3,0.001,0.999,1000,44,1.1060377599999998,nan,False,2
3,0.001,0.999,1000,45,1.1171770816326532,nan,False,2
3,0.001,0.999,1000,46,1.0891297304964538,nan,False,2
3,0.001,0.999,16000,42,1.034124,9.104009,True,2
3,0.001,0.999,16000,43,1.098481185185185,nan,False,4
3,0.001,0.999,16000,44,1.128995485380117,nan,False,2
3,0.001,0.999,16000,45,1.0935182125603868,nan,False,2
3,0.001,0.999,16000,46,1.1442422916666666,nan,False,4
3,0.001,0.999,4000,42,1.0486421463414632,nan,False,2
3,0.001,0.999,4000,43,1.0904860222222224,nan,False,2
3,0.001,0.999,4000,44,1.1322273236714975,nan,False,4
3,0.001,0.999,4000,45,1.02936166,nan,False,2
3,0.001,0.999,4000,46,1.2054130430107528,nan,False,2
3,0.001,0.99,1000,42,1.0283446666666667,3.503842,True,2
3,0.001,0.99,1000,43,1.1665546666666666,2.92678,True,2
3,0.001,0.99,1000,44,1.148354,2.910613,True,2
3,0.001,0.99,1000,45,1.1503873333333334,2.917296,True,2
3,0.001,0.99,1000,46,1.1049306666666665,2.991832,True,2
3,0.001,0.99,16000,42,1.143092,3.114531,True,2
3,0.001,0.99,16000,43,1.1416083333333333,2.972406,True,2
3,0.001,0.99,16000,44,1.129958,3.066765,True,2
3,0.001,0.99,16000,45,1.1299836666666667,3.071528,True,2
3,0.001,0.99,16000,46,1.1387693333333333,3.062193,True,2
3,0.001,0.99,4000,42,1.1433820000000001,3.143462,True,2
3,0.001,0.99,4000,43,1.1242956666666668,3.02354,True,2
3,0.001,0.99,4000,44,1.140668,2.949398,True,2
3,0.001,0.99,4000,45,1.1675553333333333,2.904985,True,2
3,0.001,0.99,4000,46,1.1578673333333336,2.922441,True,2
3,0.001,0.9,1000,42,2.7046071578947366,nan,False,0
3,0.001,0.9,1000,43,2.7980547523809527,nan,False,0
3,0.001,0.9,1000,44,2.5822061282051285,nan,False,0
3,0.001,0.9,1000,45,2.6989832407407404,nan,False,0
3,0.001,0.9,1000,46,2.742087243243243,nan,False,0
3,0.001,0.9,16000,42,3.6947206845238094,nan,False,0
3,0.001,0.9,16000,43,3.620766375,nan,False,0
3,0.001,0.9,16000,44,3.600107732142857,nan,False,0
3,0.001,0.9,16000,45,3.6128941726190473,nan,False,0
3,0.001,0.9,16000,46,3.625927369047619,nan,False,0
3,0.001,0.9,4000,42,3.1703339999999995,nan,False,0
3,0.001,0.9,4000,43,3.2146649666666667,nan,False,0
3,0.001,0.9,4000,44,3.2581043197278903,nan,False,0
3,0.001,0.9,4000,45,3.210603431372549,nan,False,0
3,0.001,0.9,4000,46,3.223616104575163,nan,False,0
3,0.004,0.95,1000,42,3.0894842555555555,nan,False,0
3,0.004,0.95,1000,43,3.122850066666666,nan,False,0
3,0.004,0.95,1000,44,3.038776731182796,nan,False,0
3,0.004,0.95,1000,45,3.0740324166666673,nan,False,0
3,0.004,0.95,1000,46,3.069651935483871,nan,False,0
3,0.004,0.95,16000,42,4.237915367346939,nan,False,0
3,0.004,0.95,16000,43,4.249555557823129,nan,False,0
3,0.004,0.95,16000,44,4.201640435374149,nan,False,0
3,0.004,0.95,16000,45,4.213908891156462,nan,False,0
3,0.004,0.95,16000,46,4.229665319727891,nan,False,0
3,0.004,0.95,4000,42,3.648585412698413,nan,False,0
3,0.004,0.95,4000,43,3.650241666666667,nan,False,0
3,0.004,0.95,4000,44,3.640206730158729,nan,False,0
3,0.004,0.95,4000,45,3.6626971240310073,nan,False,0
3,0.004,0.95,4000,46,3.648954174603175,nan,False,0
3,0.004,0.995,1000,42,1.0333053333333335,3.644592,True,2
3,0.004,0.995,1000,43,1.088424,3.454262,True,2
3,0.004,0.995,1000,44,1.0808456666666666,3.967487,True,2
3,0.004,0.995,1000,45,1.1047343333333333,3.436082,True,2
3,0.004,0.995,1000,46,1.0384896666666668,3.470231,True,2
3,0.004,0.995,16000,42,1.0858286666666668,3.46845,True,2
3,0.004,0.995,16000,43,1.0721146666666665,3.444295,True,2
3,0.004,0.995,16000,44,1.0720816666666666,3.542485,True,2
3,0.004,0.995,16000,45,1.0578783333333333,3.667644,True,2
3,0.004,0.995,16000,46,1.0470843333333333,3.615737,True,2
3,0.004,0.995,4000,42,1.100791,3.39325,True,2
3,0.004,0.995,4000,43,1.1043053333333332,3.442179,True,2
3,0.004,0.995,4000,44,1.0820726666666667,3.470793,True,2
3,0.004,0.995,4000,45,1.028589,3.783124,True,2
3,0.004,0.995,4000,46,1.086616,3.494702,True,2
3,0.004,0.999,1000,42,1.7230136436781607,nan,False,2
3,0.004,0.999,1000,43,1.2561666515151515,nan,False,2
3,0.004,0.999,1000,44,1.845023388888889,nan,False,2
3,0.004,0.999,1000,45,1.2538831851851853,nan,False,2
3,0.004,0.999,1000,46,1.6229233600000004,nan,False,2
3,0.004,0.999,16000,42,1.1347650624999999,nan,False,2
3,0.004,0.999,16000,43,1.1294629565217391,nan,False,4
3,0.004,0.999,16000,44,1.0621356666666666,9.158917,True,4
3,0.004,0.999,16000,45,1.1212940833333331,nan,False,4
3,0.004,0.999,16000,46,1.1223726225490196,nan,False,4
3,0.004,0.999,4000,42,1.2244125303030307,nan,False,2
3,0.004,0.999,4000,43,1.096208245614035,nan,False,2
3,0.004,0.999,4000,44,1.0845440903954802,nan,False,2
3,0.004,0.999,4000,45,1.138616487562189,nan,False,2
3,0.004,0.999,4000,46,1.10214507960199,nan,False,2
3,0.004,0.99,1000,42,1.030168,3.075611,True,2
3,0.004,0.99,1000,43,1.1606736666666666,2.938998,True,2
3,0.004,0.99,1000,44,1.1348193333333334,3.094794,True,2
3,0.004,0.99,1000,45,1.1718753333333334,3.032735,True,2
3,0.004,0.99,1000,46,1.1509559999999999,2.979602,True,2
3,0.004,0.99,16000,42,1.1519296666666665,2.950468,True,2
3,0.004,0.99,16000,43,1.135096,3.069096,True,2
3,0.004,0.99,16000,44,1.1332509999999998,2.974986,True,2
3,0.004,0.99,16000,45,1.1289803333333335,3.076269,True,2
3,0.004,0.99,16000,46,1.1433853333333335,2.949561,True,2
3,0.004,0.99,4000,42,1.1445093333333334,2.814913,True,2
3,0.004,0.99,4000,43,1.1413966666666668,3.037882,True,2
3,0.004,0.99,4000,44,1.1428660000000002,2.88812,True,2
3,0.004,0.99,4000,45,1.088019,3.017888,True,2
3,0.004,0.99,4000,46,1.1446183333333335,3.043656,True,2
3,0.004,0.9,1000,42,3.2105850459770116,nan,False,0
3,0.004,0.9,1000,43,3.2473887530864203,nan,False,0
3,0.004,0.9,1000,44,3.1947520714285718,nan,False,0
3,0.004,0.9,1000,45,3.183780738095238,nan,False,0
3,0.004,0.9,1000,46,3.1673511309523805,nan,False,0
3,0.004,0.9,16000,42,4.44235320289855,nan,False,0
3,0.004,0.9,16000,43,4.460525347826087,nan,False,0
3,0.004,0.9,16000,44,4.468002385185185,nan,False,0
3,0.004,0.9,16000,45,4.455534413043478,nan,False,0
3,0.004,0.9,16000,46,4.440013579710145,nan,False,0
3,0.004,0.9,4000,42,3.8242890085470096,nan,False,0
3,0.004,0.9,4000,43,3.799379547008547,nan,False,0
3,0.004,0.9,4000,44,3.7744973,nan,False,0
3,0.004,0.9,4000,45,3.863902196581197,nan,False,0
3,0.004,0.9,4000,46,3.7973686153846153,nan,False,0
3,0.005,0.95,1000,42,3.096896922222222,nan,False,0
3,0.005,0.95,1000,43,3.051478086021506,nan,False,0
3,0.005,0.95,1000,44,3.162852057471264,nan,False,0
3,0.005,0.95,1000,45,3.089448333333333,nan,False,0
3,0.005,0.95,1000,46,2.9799920625,nan,False,0
3,0.005,0.95,16000,42,4.24910887755102,nan,False,0
3,0.005,0.95,16000,43,4.2012525918367345,nan,False,0
3,0.005,0.95,16000,44,4.246148666666666,nan,False,0
3,0.005,0.95,16000,45,4.170727523809524,nan,False,0
3,0.005,0.95,16000,46,4.1977363605442175,nan,False,0
3,0.005,0.95,256000,42,4.68714162585034,nan,False,0
3,0.005,0.95,256000,43,4.732151442176871,nan,False,0
3,0.005,0.95,256000,44,4.735042013605443,nan,False,0
3,0.005,0.95,256000,45,4.722878979591837,nan,False,0
3,0.005,0.95,256000,46,4.7231406530612245,nan,False,0
3,0.005,0.95,4000,42,3.6516745121951217,nan,False,0
3,0.005,0.95,4000,43,3.6275272539682546,nan,False,0
3,0.005,0.95,4000,44,3.6199001031746034,nan,False,0
3,0.005,0.95,4000,45,3.636628666666666,nan,False,0
3,0.005,0.95,4000,46,3.6443411746031753,nan,False,0
3,0.005,0.95,64000,42,4.625256006410256,nan,False,0
3,0.005,0.95,64000,43,4.61507126923077,nan,False,0
3,0.005,0.95,64000,44,4.67527551923077,nan,False,0
3,0.005,0.95,64000,45,4.655064467948718,nan,False,0
3,0.005,0.95,64000,46,4.613242288461539,nan,False,0
3,0.005,0.995,1000,42,1.0957389999999998,3.421718,True,2
3,0.005,0.995,1000,43,1.0873456666666665,3.735181,True,2
3,0.005,0.995,1000,44,1.0551596666666665,3.706186,True,2
3,0.005,0.995,1000,45,1.1048873333333333,3.359055,True,2
3,0.005,0.995,1000,46,1.0961696666666667,3.374043,True,2
3,0.005,0.995,16000,42,1.0842029999999998,3.560345,True,2
3,0.005,0.995,16000,43,1.0974186666666668,3.428222,True,2
3,0.005,0.995,16000,44,1.0970236666666666,3.426145,True,2
3,0.005,0.995,16000,45,1.0611953333333333,3.693638,True,2
3,0.005,0.995,16000,46,1.1057693333333334,3.547125,True,2
3,0.005,0.995,256000,42,1.0864476666666667,3.566278,True,2
3,0.005,0.995,256000,43,1.0863369999999999,3.568239,True,2
3,0.005,0.995,256000,44,1.0831993333333332,3.566839,True,2
3,0.005,0.995,256000,45,1.0855389999999998,3.662596,True,2
3,0.005,0.995,256000,46,1.0851323333333334,3.565649,True,2
3,0.005,0.995,4000,42,1.0661103333333333,3.455995,True,2
3,0.005,0.995,4000,43,1.0663263333333333,3.603966,True,2
3,0.005,0.995,4000,44,1.1061686666666668,3.60917,True,2
3,0.005,0.995,4000,45,1.083300333333333,3.481832,True,2
3,0.005,0.995,4000,46,1.0920763333333332,3.50204,True,2
3,0.005,0.995,64000,42,1.0897626666666667,3.609412,True,2
3,0.005,0.995,64000,43,1.0878456666666667,3.517922,True,2
3,0.005,0.995,64000,44,1.0848923333333333,3.510095,True,2
3,0.005,0.995,64000,45,1.0787703333333332,3.602942,True,2
3,0.005,0.995,64000,46,1.0799196666666668,3.612673,True,2
3,0.005,0.999,1000,42,1.2103674242424243,nan,False,2
3,0.005,0.999,1000,43,1.7244220467836258,nan,False,2
3,0.005,0.999,1000,44,1.7907883405797103,nan,False,2
3,0.005,0.999,1000,45,1.7682668843537415,nan,False,2
3,0.005,0.999,1000,46,1.1912487999999999,nan,False,2
3,0.005,0.999,16000,42,1.0403233333333333,9.386765,True,2
3,0.005,0.999,16000,43,1.1704439076923079,nan,False,4
3,0.005,0.999,16000,44,1.128279186868687,nan,False,2
3,0.005,0.999,16000,45,1.021883,9.697358,True,2
3,0.005,0.999,16000,46,1.0646283435897437,nan,False,2
3,0.005,0.999,256000,42,1.156683,9.457486,True,2
3,0.005,0.999,256000,43,1.1497256666666666,9.412178,True,2
3,0.005,0.999,256000,44,1.1269096666666665,9.824112,True,2
3,0.005,0.999,256000,45,1.1702703333333333,9.638926,True,2
3,0.005,0.999,256000,46,1.1570900000000002,9.580343,True,2
3,0.005,0.999,4000,42,1.1492856666666666,nan,False,2
3,0.005,0.999,4000,43,1.1157187487179487,nan,False,2
3,0.005,0.999,4000,44,1.1495506666666668,nan,False,2
3,0.005,0.999,4000,45,1.123826816091954,nan,False,2
3,0.005,0.999,4000,46,1.0682613636363636,nan,False,2
3,0.005,0.999,64000,42,1.0559933333333333,9.511807,True,2
3,0.005,0.999,64000,43,1.0409810000000002,9.992707,True,2
3,0.005,0.999,64000,44,1.0635126666666668,10.0529,True,2
3,0.005,0.999,64000,45,1.0587410000000002,9.413997,True,2
3,0.005,0.999,64000,46,1.060495,9.590578,True,2
3,0.005,0.99,1000,42,1.0628226666666667,3.152725,True,2
3,0.005,0.99,1000,43,1.4242413333333335,nan,False,2
3,0.005,0.99,1000,44,1.058293,3.025846,True,2
3,0.005,0.99,1000,45,1.1508386666666666,3.056073,True,2
3,0.005,0.99,1000,46,1.1029226666666665,2.874648,True,2
3,0.005,0.99,16000,42,1.1486910000000001,2.943752,True,2
3,0.005,0.99,16000,43,1.1335913333333334,2.973197,True,2
3,0.005,0.99,16000,44,1.146094,3.057707,True,2
3,0.005,0.99,16000,45,1.1494579999999999,2.98044,True,2
3,0.005,0.99,16000,46,1.1334276666666667,3.074533,True,2
3,0.005,0.99,256000,42,1.1406096666666665,2.99359,True,2
3,0.005,0.99,256000,43,1.1407643333333333,3.13816,True,2
3,0.005,0.99,256000,44,1.1407816666666666,2.991236,True,2
3,0.005,0.99,256000,45,1.1340373333333333,2.995064,True,2
3,0.005,0.99,256000,46,1.1381883333333331,2.996458,True,2
3,0.005,0.99,4000,42,1.123464,3.022638,True,2
3,0.005,0.99,4000,43,1.135262,3.112533,True,2
3,0.005,0.99,4000,44,1.1301050000000001,3.060738,True,2
3,0.005,0.99,4000,45,1.1267563333333335,3.002136,True,2
3,0.005,0.99,4000,46,1.133099,3.145105,True,2
3,0.005,0.99,64000,42,1.1376403333333334,2.982402,True,2
3,0.005,0.99,64000,43,1.140042,2.984912,True,2
3,0.005,0.99,64000,44,1.1286749999999999,2.985403,True,2
3,0.005,0.99,64000,45,1.1385753333333333,2.987219,True,2
3,0.005,0.99,64000,46,1.1395346666666668,2.99178,True,2
3,0.005,0.9,1000,42,3.1372850666666667,nan,False,0
3,0.005,0.9,1000,43,3.2317667654320985,nan,False,0
3,0.005,0.9,1000,44,3.270400938271605,nan,False,0
3,0.005,0.9,1000,45,3.215810416666667,nan,False,0
3,0.005,0.9,1000,46,3.159363885057471,nan,False,0
3,0.005,0.9,16000,42,4.432757427536232,nan,False,0
3,0.005,0.9,16000,43,4.449123797101449,nan,False,0
3,0.005,0.9,16000,44,4.471444623188406,nan,False,0
3,0.005,0.9,16000,45,4.445531028985507,nan,False,0
3,0.005,0.9,16000,46,4.405172804347826,nan,False,0
3,0.005,0.9,256000,42,5.175433823129251,nan,False,0
3,0.005,0.9,256000,43,5.211593108843537,nan,False,0
3,0.005,0.9,256000,44,5.185078517006803,nan,False,0
3,0.005,0.9,256000,45,5.190455551020408,nan,False,0
3,0.005,0.9,256000,46,5.208568619047618,nan,False,0
3,0.005,0.9,4000,42,3.806797841666666,nan,False,0
3,0.005,0.9,4000,43,3.7915899914529914,nan,False,0
3,0.005,0.9,4000,44,3.811347068376068,nan,False,0
3,0.005,0.9,4000,45,3.8348617692307685,nan,False,0
3,0.005,0.9,4000,46,3.784233042735043,nan,False,0
3,0.005,0.9,64000,42,4.935486186666667,nan,False,0
3,0.005,0.9,64000,43,4.96118494,nan,False,0
3,0.005,0.9,64000,44,4.993191319999999,nan,False,0
3,0.005,0.9,64000,45,4.99006416,nan,False,0
3,0.005,0.9,64000,46,4.930165526666667,nan,False,0
3,0.015,0.95,1000,42,2.1427197421383646,nan,False,2
3,0.015,0.95,1000,43,1.970295440860215,nan,False,2
3,0.015,0.95,1000,44,2.176312086419753,nan,False,2
3,0.015,0.95,1000,45,2.147214157232704,nan,False,2
3,0.015,0.95,1000,46,1.9892393833333335,nan,False,2
3,0.015,0.95,16000,42,2.234781642857143,nan,False,2
3,0.015,0.95,16000,43,2.23822525,nan,False,2
3,0.015,0.95,16000,44,2.256438636904762,nan,False,2
3,0.015,0.95,16000,45,2.204713571428571,nan,False,2
3,0.015,0.95,16000,46,2.2477954999999996,nan,False,2
3,0.015,0.95,256000,42,2.254767455782313,nan,False,2
3,0.015,0.95,256000,43,2.2395499251700683,nan,False,2
3,0.015,0.95,256000,44,2.232989244897959,nan,False,2
3,0.015,0.95,256000,45,2.2417869523809526,nan,False,2
3,0.015,0.95,256000,46,2.2476865170068026,nan,False,2
3,0.015,0.95,4000,42,2.1891335628415303,nan,False,2
3,0.015,0.95,4000,43,2.105974180327869,nan,False,2
3,0.015,0.95,4000,44,2.1942978142076504,nan,False,2
3,0.015,0.95,4000,45,2.2987182076502735,nan,False,2
3,0.015,0.95,4000,46,2.1616252404371585,nan,False,2
3,0.015,0.95,64000,42,2.2190038782051285,nan,False,2
3,0.015,0.95,64000,43,2.2419587500000002,nan,False,2
3,0.015,0.95,64000,44,2.227644955128205,nan,False,2
3,0.015,0.95,64000,45,2.2445146730769236,nan,False,2
3,0.015,0.95,64000,46,2.2573042564102566,nan,False,2
3,0.015,0.995,1000,42,1.117472,3.484136,True,2
3,0.015,0.995,1000,43,1.0785230000000001,3.583877,True,2
3,0.015,0.995,1000,44,1.1991136666666666,3.250044,True,2
3,0.015,0.995,1000,45,1.0342756666666668,3.709997,True,2
3,0.015,0.995,1000,46,1.0571426666666666,3.47372,True,2
3,0.015,0.995,16000,42,1.0891363333333333,3.553152,True,2
3,0.015,0.995,16000,43,1.0729946666666665,3.405872,True,2
3,0.015,0.995,16000,44,1.092846,3.545849,True,2
3,0.015,0.995,16000,45,1.0949603333333333,3.535323,True,2
3,0.015,0.995,16000,46,1.082457,3.688636,True,2
3,0.015,0.995,256000,42,1.0930863333333332,3.574766,True,2
3,0.015,0.995,256000,43,1.0967023333333332,3.573726,True,2
3,0.015,0.995,256000,44,1.0937663333333332,3.507126,True,2
3,0.015,0.995,256000,45,1.0968056666666666,3.569051,True,2
3,0.015,0.995,256000,46,1.092373,3.570264,True,2
3,0.015,0.995,4000,42,1.1480913333333334,3.457117,True,2
3,0.015,0.995,4000,43,1.0778593333333333,3.598451,True,2
3,0.015,0.995,4000,44,1.1083843333333334,3.496064,True,2
3,0.015,0.995,4000,45,1.082706,3.741381,True,2
3,0.015,0.995,4000,46,1.0822586666666667,3.454873,True,2
3,0.015,0.995,64000,42,1.0931103333333334,3.619894,True,2
3,0.015,0.995,64000,43,1.0860573333333334,3.516964,True,2
3,0.015,0.995,64000,44,1.0929683333333333,3.518549,True,2
3,0.015,0.995,64000,45,1.0975146666666669,3.622275,True,2
3,0.015,0.995,64000,46,1.090271,3.51019,True,2
3,0.015,0.999,1000,42,1.8610382624113477,nan,False,2
3,0.015,0.999,1000,43,1.7025808538011695,nan,False,2
3,0.015,0.999,1000,44,1.1086255507246374,nan,False,2
3,0.015,0.999,1000,45,1.1078766484848486,nan,False,2
3,0.015,0.999,1000,46,1.1625283513513516,nan,False,2
3,0.015,0.999,16000,42,1.1196456296296298,nan,False,2
3,0.015,0.999,16000,43,1.130018253968254,nan,False,2
3,0.015,0.999,16000,44,1.102369123076923,nan,False,4
3,0.015,0.999,16000,45,1.1053537291666666,nan,False,2
3,0.015,0.999,16000,46,1.1476217354497353,nan,False,2
3,0.015,0.999,256000,42,1.1211436666666665,9.585238,True,2
3,0.015,0.999,256000,43,1.1495876666666667,9.914307,True,2
3,0.015,0.999,256000,44,1.0942809999999998,9.535736,True,2
3,0.015,0.999,256000,45,1.1477656666666667,9.959594,True,2
3,0.015,0.999,256000,46,1.171509333333333,9.551779,True,2
3,0.015,0.999,4000,42,1.062238892473118,nan,False,2
3,0.015,0.999,4000,43,1.082923607843137,nan,False,2
3,0.015,0.999,4000,44,1.1732659794871794,nan,False,2
3,0.015,0.999,4000,45,1.1841607272727273,nan,False,2
3,0.015,0.999,4000,46,1.0841951891891892,nan,False,2
3,0.015,0.999,64000,42,1.0935439999999998,9.720818,True,2
3,0.015,0.999,64000,43,1.0892330000000001,9.297285,True,2
3,0.015,0.999,64000,44,1.067728,9.447263,True,2
3,0.015,0.999,64000,45,1.076442,9.068686,True,2
3,0.015,0.999,64000,46,1.0497156666666667,9.551977,True,2
3,0.015,0.99,1000,42,1.0929849999999999,3.370023,True,2
3,0.015,0.99,1000,43,1.108887,3.176791,True,2
3,0.015,0.99,1000,44,1.124479,2.828194,True,2
3,0.015,0.99,1000,45,1.0670526666666669,3.148671,True,2
3,0.015,0.99,1000,46,1.1690823333333331,3.337636,True,2
3,0.015,0.99,16000,42,1.1706003333333335,2.949864,True,2
3,0.015,0.99,16000,43,1.1633743333333333,2.95278,True,2
3,0.015,0.99,16000,44,1.1414506666666668,3.070683,True,2
3,0.015,0.99,16000,45,1.1778166666666667,2.959284,True,2
3,0.015,0.99,16000,46,1.1695950000000002,2.983834,True,2
3,0.015,0.99,256000,42,1.1586723333333333,3.002301,True,2
3,0.015,0.99,256000,43,1.1602439999999998,2.999511,True,2
3,0.015,0.99,256000,44,1.1632559999999998,3.002608,True,2
3,0.015,0.99,256000,45,1.161624,3.002536,True,2
3,0.015,0.99,256000,46,1.1635476666666664,3.001757,True,2
3,0.015,0.99,4000,42,1.1350143333333333,3.004433,True,2
3,0.015,0.99,4000,43,1.129028,3.148616,True,2
3,0.015,0.99,4000,44,1.5414062526881722,nan,False,2
3,0.015,0.99,4000,45,1.1716186666666666,2.914718,True,2
3,0.015,0.99,4000,46,1.11728,3.021057,True,2
3,0.015,0.99,64000,42,1.1588269999999998,2.990181,True,2
3,0.015,0.99,64000,43,1.1528056666666666,2.992012,True,2
3,0.015,0.99,64000,44,1.1649583333333335,2.989985,True,2
3,0.015,0.99,64000,45,1.1602706666666667,2.957706,True,2
3,0.015,0.99,64000,46,1.1646999999999998,2.992512,True,2
3,0.015,0.9,1000,42,3.1768766436781606,nan,False,0
3,0.015,0.9,1000,43,3.15331675862069,nan,False,0
3,0.015,0.9,1000,44,3.2409980357142865,nan,False,0
3,0.015,0.9,1000,45,3.158819114942528,nan,False,0
3,0.015,0.9,1000,46,3.1890681494252866,nan,False,0
3,0.015,0.9,16000,42,4.458324978260869,nan,False,0
3,0.015,0.9,16000,43,4.444417207407406,nan,False,0
3,0.015,0.9,16000,44,4.459118913043478,nan,False,0
3,0.015,0.9,16000,45,4.4413614492753615,nan,False,0
3,0.015,0.9,16000,46,4.411734478260869,nan,False,0
3,0.015,0.9,256000,42,5.17696437414966,nan,False,0
3,0.015,0.9,256000,43,5.212917551020408,nan,False,0
3,0.015,0.9,256000,44,5.206896646258503,nan,False,0
3,0.015,0.9,256000,45,5.198468591836735,nan,False,0
3,0.015,0.9,256000,46,5.226249782312925,nan,False,0
3,0.015,0.9,4000,42,3.794402025641025,nan,False,0
3,0.015,0.9,4000,43,3.8092277264957253,nan,False,0
3,0.015,0.9,4000,44,3.8142901282051285,nan,False,0
3,0.015,0.9,4000,45,3.8430126068376067,nan,False,0
3,0.015,0.9,4000,46,3.8109582166666662,nan,False,0
3,0.015,0.9,64000,42,4.938103206666667,nan,False,0
3,0.015,0.9,64000,43,4.942621426666667,nan,False,0
3,0.015,0.9,64000,44,4.978737046666667,nan,False,0
3,0.015,0.9,64000,45,4.950665666666667,nan,False,0
3,0.015,0.9,64000,46,4.941860533333333,nan,False,0
3,0.016,0.95,1000,42,2.000058701149425,nan,False,2
3,0.016,0.95,1000,43,2.052695039548023,nan,False,2
3,0.016,0.95,1000,44,2.0026153924731185,nan,False,2
3,0.016,0.95,1000,45,2.062399172413793,nan,False,2
3,0.016,0.95,1000,46,2.044923908045977,nan,False,2
3,0.016,0.95,16000,42,2.215288988095238,nan,False,2
3,0.016,0.95,16000,43,2.235022898809524,nan,False,2
3,0.016,0.95,16000,44,2.2123027499999997,nan,False,2
3,0.016,0.95,16000,45,2.2253600595238097,nan,False,2
3,0.016,0.95,16000,46,2.2298063630952383,nan,False,2
3,0.016,0.95,4000,42,2.1002724153005463,nan,False,2
3,0.016,0.95,4000,43,2.1642889508196728,nan,False,2
3,0.016,0.95,4000,44,2.304293360655737,nan,False,2
3,0.016,0.95,4000,45,2.225134131147541,nan,False,2
3,0.016,0.95,4000,46,2.2049893333333337,nan,False,2
3,0.016,0.995,1000,42,1.1643276666666666,3.47372,True,2
3,0.016,0.995,1000,43,1.1447573333333334,3.550617,True,2
3,0.016,0.995,1000,44,1.1130986666666667,3.732839,True,2
3,0.016,0.995,1000,45,1.1606750000000001,3.373332,True,2
3,0.016,0.995,1000,46,1.0831526666666667,3.350007,True,2
3,0.016,0.995,16000,42,1.0866716666666667,3.42008,True,2
3,0.016,0.995,16000,43,1.0947056666666668,3.439366,True,2
3,0.016,0.995,16000,44,1.1001476666666665,3.565911,True,2
3,0.016,0.995,16000,45,1.0691393333333332,3.550879,True,2
3,0.016,0.995,16000,46,1.0940616666666665,3.428285,True,2
3,0.016,0.995,4000,42,1.106267,3.479077,True,2
3,0.016,0.995,4000,43,1.074304,3.352598,True,2
3,0.016,0.995,4000,44,1.0689403333333334,3.575583,True,2
3,0.016,0.995,4000,45,1.0952849999999998,3.691209,True,2
3,0.016,0.995,4000,46,1.0606453333333332,3.429362,True,2
3,0.016,0.999,1000,42,1.7620377843137254,nan,False,2
3,0.016,0.999,1000,43,1.7748186464646467,nan,False,2
3,0.016,0.999,1000,44,1.6422223687943267,nan,False,2
3,0.016,0.999,1000,45,1.23965076984127,nan,False,2
3,0.016,0.999,1000,46,1.1521738846153844,nan,False,2
3,0.016,0.999,16000,42,1.1049201948717946,nan,False,4
3,0.016,0.999,16000,43,1.1603868512820512,nan,False,2
3,0.016,0.999,16000,44,1.0910238457711443,nan,False,2
3,0.016,0.999,16000,45,1.0979428457711442,nan,False,4
3,0.016,0.999,16000,46,1.0820766666666666,nan,False,2
3,0.016,0.999,4000,42,1.076935347826087,nan,False,2
3,0.016,0.999,4000,43,1.063949196078431,nan,False,2
3,0.016,0.999,4000,44,0.9443650238095239,nan,False,2
3,0.016,0.999,4000,45,1.2679333229166665,nan,False,2
3,0.016,0.999,4000,46,1.0830788578431372,nan,False,2
3,0.016,0.99,1000,42,1.062902,3.149685,True,2
3,0.016,0.99,1000,43,1.5539900646766172,nan,False,2
3,0.016,0.99,1000,44,1.1607373333333333,3.362272,True,2
3,0.016,0.99,1000,45,1.1294926666666667,2.959396,True,2
3,0.016,0.99,1000,46,1.1327266666666667,2.975834,True,2
3,0.016,0.99,16000,42,1.1663729999999999,2.955537,True,2
3,0.016,0.99,16000,43,1.159531,2.987165,True,2
3,0.016,0.99,16000,44,1.1666523333333334,3.074481,True,2
3,0.016,0.99,16000,45,1.1605553333333332,3.073849,True,2
3,0.016,0.99,16000,46,1.1692546666666666,3.080099,True,2
3,0.016,0.99,4000,42,1.1992086666666666,2.937301,True,2
3,0.016,0.99,4000,43,1.1870223333333334,3.054678,True,2
3,0.016,0.99,4000,44,1.2059413333333333,2.930958,True,2
3,0.016,0.99,4000,45,1.1508603333333334,3.026243,True,2
3,0.016,0.99,4000,46,1.16481,2.931594,True,2
3,0.016,0.9,1000,42,3.1852121666666666,nan,False,0
3,0.016,0.9,1000,43,3.2427298571428573,nan,False,0
3,0.016,0.9,1000,44,3.2306644691358026,nan,False,0
3,0.016,0.9,1000,45,3.3081646419753077,nan,False,0
3,0.016,0.9,1000,46,3.2413970987654324,nan,False,0
3,0.016,0.9,16000,42,4.4442951231884065,nan,False,0
3,0.016,0.9,16000,43,4.432643696296296,nan,False,0
3,0.016,0.9,16000,44,4.438845644444444,nan,False,0
3,0.016,0.9,16000,45,4.455512869565217,nan,False,0
3,0.016,0.9,16000,46,4.4259838333333335,nan,False,0
3,0.016,0.9,4000,42,3.805594615384616,nan,False,0
3,0.016,0.9,4000,43,3.820297709401709,nan,False,0
3,0.016,0.9,4000,44,3.835817324786324,nan,False,0
3,0.016,0.9,4000,45,3.87284800877193,nan,False,0
3,0.016,0.9,4000,46,3.796982905982906,nan,False,0
3,0.03,0.95,1000,42,3.1310890000000002,nan,False,0
3,0.03,0.95,1000,43,3.257523950617284,nan,False,0
3,0.03,0.95,1000,44,3.182546845238096,nan,False,0
3,0.03,0.95,1000,45,3.1593290919540227,nan,False,0
3,0.03,0.95,1000,46,3.195618206896551,nan,False,0
3,0.03,0.95,16000,42,4.279279875,nan,False,0
3,0.03,0.95,16000,43,4.306784737588653,nan,False,0
3,0.03,0.95,16000,44,4.304264624113475,nan,False,0
3,0.03,0.95,16000,45,4.322947506944445,nan,False,0
3,0.03,0.95,16000,46,4.295571215277778,nan,False,0
3,0.03,0.95,4000,42,3.716711528455285,nan,False,0
3,0.03,0.95,4000,43,3.746183162601626,nan,False,0
3,0.03,0.95,4000,44,3.722472858333333,nan,False,0
3,0.03,0.95,4000,45,3.7412583916666664,nan,False,0
3,0.03,0.95,4000,46,3.7425054499999995,nan,False,0
3,0.03,0.95,64000,42,4.8073223333333335,nan,False,0
3,0.03,0.95,64000,43,4.821835974358974,nan,False,0
3,0.03,0.95,64000,44,4.826152522875817,nan,False,0
3,0.03,0.95,64000,45,4.835141224358974,nan,False,0
3,0.03,0.95,64000,46,4.817797884615384,nan,False,0
3,0.03,0.995,1000,42,2.2073417021276596,nan,False,2
3,0.03,0.995,1000,43,2.0383152654320993,nan,False,2
3,0.03,0.995,1000,44,2.0686167435897436,nan,False,2
3,0.03,0.995,1000,45,2.057650748427673,nan,False,2
3,0.03,0.995,1000,46,2.0702207243589745,nan,False,2
3,0.03,0.995,16000,42,2.5075158563218394,nan,False,2
3,0.03,0.995,16000,43,2.5432890344827586,nan,False,2
3,0.03,0.995,16000,44,2.49052524137931,nan,False,2
3,0.03,0.995,16000,45,2.5409333965517233,nan,False,2
3,0.03,0.995,16000,46,2.5150154597701153,nan,False,2
3,0.03,0.995,4000,42,2.5678094808743164,nan,False,2
3,0.03,0.995,4000,43,2.370135918032787,nan,False,2
3,0.03,0.995,4000,44,2.5789772568306013,nan,False,2
3,0.03,0.995,4000,45,2.5473543444444444,nan,False,2
3,0.03,0.995,4000,46,2.459423808743169,nan,False,2
3,0.03,0.995,64000,42,2.4934785320512822,nan,False,2
3,0.03,0.995,64000,43,2.53817957051282,nan,False,2
3,0.03,0.995,64000,44,2.5288028703703707,nan,False,2
3,0.03,0.995,64000,45,2.5332058397435895,nan,False,2
3,0.03,0.995,64000,46,2.5221373653846153,nan,False,2
3,0.03,0.999,1000,42,1.1663992560386474,nan,False,2
3,0.03,0.999,1000,43,1.0372133333333335,9.000991,True,2
3,0.03,0.999,1000,44,1.2096715574712644,nan,False,2
3,0.03,0.999,1000,45,1.2095201442786068,nan,False,2
3,0.03,0.999,1000,46,1.1454688823529413,nan,False,2
3,0.03,0.999,16000,42,1.2082469999999998,8.994383,True,2
3,0.03,0.999,16000,43,1.1633663333333333,9.361149,True,2
3,0.03,0.999,16000,44,1.1130096666666667,9.961855,True,2
3,0.03,0.999,16000,45,1.2198286666666667,9.086167,True,2
3,0.03,0.999,16000,46,1.1237666666666668,9.414265,True,2
3,0.03,0.999,4000,42,1.154077,8.102089,True,2
3,0.03,0.999,4000,43,1.0984536666666667,8.836154,True,2
3,0.03,0.999,4000,44,1.1139926666666666,10.28684,True,2
3,0.03,0.999,4000,45,1.228679317204301,nan,False,2
3,0.03,0.999,4000,46,1.1797776666666666,8.395856,True,2
3,0.03,0.999,64000,42,1.3537263333333334,9.055054,True,2
3,0.03,0.999,64000,43,1.3281193333333334,9.470079,True,2
3,0.03,0.999,64000,44,1.3690390000000001,9.100005,True,2
3,0.03,0.999,64000,45,1.352714,9.061071,True,2
3,0.03,0.999,64000,46,1.3483406666666664,9.055411,True,2
3,0.03,0.99,1000,42,2.558533307017543,nan,False,0
3,0.03,0.99,1000,43,2.4972124416666666,nan,False,0
3,0.03,0.99,1000,44,2.5855402543859647,nan,False,0
3,0.03,0.99,1000,45,2.5771519298245606,nan,False,0
3,0.03,0.99,1000,46,2.4670774959349595,nan,False,0
3,0.03,0.99,16000,42,3.3742127413793104,nan,False,0
3,0.03,0.99,16000,43,3.3875073333333328,nan,False,0
3,0.03,0.99,16000,44,3.337097183908046,nan,False,0
3,0.03,0.99,16000,45,3.4277263160919538,nan,False,0
3,0.03,0.99,16000,46,3.39567258045977,nan,False,0
3,0.03,0.99,4000,42,2.9981617575757578,nan,False,0
3,0.03,0.99,4000,43,3.054264088050315,nan,False,0
3,0.03,0.99,4000,44,3.0677642138364782,nan,False,0
3,0.03,0.99,4000,45,3.1923099869281044,nan,False,0
3,0.03,0.99,4000,46,3.0310867407407405,nan,False,0
3,0.03,0.99,64000,42,3.4621037592592585,nan,False,0
3,0.03,0.99,64000,43,3.4545772530864203,nan,False,0
3,0.03,0.99,64000,44,3.463766629629629,nan,False,0
3,0.03,0.99,64000,45,3.49462091025641,nan,False,0
3,0.03,0.99,64000,46,3.4686260123456787,nan,False,0
3,0.03,0.9,1000,42,3.2196754404761903,nan,False,0
3,0.03,0.9,1000,43,3.2522393571428574,nan,False,0
3,0.03,0.9,1000,44,3.2062187023809523,nan,False,0
3,0.03,0.9,1000,45,3.216170738095238,nan,False,0
3,0.03,0.9,1000,46,3.192505873563219,nan,False,0
3,0.03,0.9,16000,42,4.458137507246376,nan,False,0
3,0.03,0.9,16000,43,4.430086896296297,nan,False,0
3,0.03,0.9,16000,44,4.441566259259259,nan,False,0
3,0.03,0.9,16000,45,4.475831239130436,nan,False,0
3,0.03,0.9,16000,46,4.463507282608697,nan,False,0
3,0.03,0.9,4000,42,3.8121173083333333,nan,False,0
3,0.03,0.9,4000,43,3.817417735042735,nan,False,0
3,0.03,0.9,4000,44,3.8300339914529924,nan,False,0
3,0.03,0.9,4000,45,3.8583576153846146,nan,False,0
3,0.03,0.9,4000,46,3.8234242564102554,nan,False,0
3,0.03,0.9,64000,42,4.949162573333334,nan,False,0
3,0.03,0.9,64000,43,4.967097633333333,nan,False,0
3,0.03,0.9,64000,44,5.002309646666667,nan,False,0
3,0.03,0.9,64000,45,4.9584342066666665,nan,False,0
3,0.03,0.9,64000,46,4.94143234,nan,False,0
3,0.05,0.95,1000,42,3.237887880952381,nan,False,0
3,0.05,0.95,1000,43,3.211684310344827,nan,False,0
3,0.05,0.95,1000,44,3.2385632643678166,nan,False,0
3,0.05,0.95,1000,45,3.17695983908046,nan,False,0
3,0.05,0.95,1000,46,3.071834177777778,nan,False,0
3,0.05,0.95,16000,42,4.467529311111112,nan,False,0
3,0.05,0.95,16000,43,4.459208927536232,nan,False,0
3,0.05,0.95,16000,44,4.461111651851852,nan,False,0
3,0.05,0.95,16000,45,4.473290733333333,nan,False,0
3,0.05,0.95,16000,46,4.418652577777778,nan,False,0
3,0.05,0.95,4000,42,3.847733533333334,nan,False,0
3,0.05,0.95,4000,43,3.8412107749999995,nan,False,0
3,0.05,0.95,4000,44,3.887559393162393,nan,False,0
3,0.05,0.95,4000,45,3.8991084529914533,nan,False,0
3,0.05,0.95,4000,46,3.8665881623931617,nan,False,0
3,0.05,0.95,64000,42,4.9489147414965995,nan,False,0
3,0.05,0.95,64000,43,4.982539714285714,nan,False,0
3,0.05,0.95,64000,44,5.002171537414966,nan,False,0
3,0.05,0.95,64000,45,4.9438821700680275,nan,False,0
3,0.05,0.95,64000,46,4.971099149659864,nan,False,0
3,0.05,0.995,1000,42,2.9514097526881717,nan,False,0
3,0.05,0.995,1000,43,3.1097853222222227,nan,False,0
3,0.05,0.995,1000,44,3.063633218390805,nan,False,0
3,0.05,0.995,1000,45,3.111395107142857,nan,False,0
3,0.05,0.995,1000,46,3.099271126436782,nan,False,0
3,0.05,0.995,16000,42,4.117271829931973,nan,False,0
3,0.05,0.995,16000,43,4.164274755102041,nan,False,0
3,0.05,0.995,16000,44,4.203168040816326,nan,False,0
3,0.05,0.995,16000,45,4.184566768707483,nan,False,0
3,0.05,0.995,16000,46,4.138370306666667,nan,False,0
3,0.05,0.995,4000,42,3.6082802857142853,nan,False,0
3,0.05,0.995,4000,43,3.639010666666667,nan,False,0
3,0.05,0.995,4000,44,3.6380606260162605,nan,False,0
3,0.05,0.995,4000,45,3.6113269682539677,nan,False,0
3,0.05,0.995,4000,46,3.684148024390244,nan,False,0
3,0.05,0.995,64000,42,4.731634429487179,nan,False,0
3,0.05,0.995,64000,43,4.680990333333333,nan,False,0
3,0.05,0.995,64000,44,4.822847192307693,nan,False,0
3,0.05,0.995,64000,45,4.606427525641026,nan,False,0
3,0.05,0.995,64000,46,4.692581858974359,nan,False,0
3,0.05,0.999,1000,42,2.065628733333333,nan,False,2
3,0.05,0.999,1000,43,1.8904801904761903,nan,False,2
3,0.05,0.999,1000,44,1.8482078712121217,nan,False,2
3,0.05,0.999,1000,45,2.5060632688172038,nan,False,2
3,0.05,0.999,1000,46,2.2750086481481486,nan,False,0
3,0.05,0.999,16000,42,3.6389648627450986,nan,False,2
3,0.05,0.999,16000,43,3.7096810784313727,nan,False,0
3,0.05,0.999,16000,44,3.877828791666667,nan,False,0
3,0.05,0.999,16000,45,3.7401008496732024,nan,False,0
3,0.05,0.999,16000,46,3.868823729166667,nan,False,2
3,0.05,0.999,4000,42,2.724542918238993,nan,False,0
3,0.05,0.999,4000,43,2.223829627777777,nan,False,2
3,0.05,0.999,4000,44,2.4328541977401135,nan,False,2
3,0.05,0.999,4000,45,2.118942627777778,nan,False,2
3,0.05,0.999,4000,46,2.226193933333333,nan,False,2
3,0.05,0.999,64000,42,5.410289861788618,nan,False,2
3,0.05,0.999,64000,43,5.36444369105691,nan,False,2
3,0.05,0.999,64000,44,4.956978934782609,nan,False,2
3,0.05,0.999,64000,45,5.401338829268293,nan,False,2
3,0.05,0.999,64000,46,5.018774822222222,nan,False,2
3,0.05,0.99,1000,42,3.210598904761905,nan,False,0
3,0.05,0.99,1000,43,3.234958380952381,nan,False,0
3,0.05,0.99,1000,44,3.220103785714286,nan,False,0
3,0.05,0.99,1000,45,3.1596389642857146,nan,False,0
3,0.05,0.99,1000,46,3.1544957738095234,nan,False,0
3,0.05,0.99,16000,42,4.411633224637682,nan,False,0
3,0.05,0.99,16000,43,4.412070485507247,nan,False,0
3,0.05,0.99,16000,44,4.4233214347826095,nan,False,0
3,0.05,0.99,16000,45,4.426307869565218,nan,False,0
3,0.05,0.99,16000,46,4.340579565217392,nan,False,0
3,0.05,0.99,4000,42,3.8187828376068387,nan,False,0
3,0.05,0.99,4000,43,3.8112593931623926,nan,False,0
3,0.05,0.99,4000,44,3.8271882478632486,nan,False,0
3,0.05,0.99,4000,45,3.8187461623931633,nan,False,0
3,0.05,0.99,4000,46,3.838022,nan,False,0
3,0.05,0.99,64000,42,4.867282826666666,nan,False,0
3,0.05,0.99,64000,43,4.865569946666667,nan,False,0
3,0.05,0.99,64000,44,4.898348993333332,nan,False,0
3,0.05,0.99,64000,45,4.8689990666666665,nan,False,0
3,0.05,0.99,64000,46,4.86434058,nan,False,0
3,0.05,0.9,1000,42,3.1875158555555556,nan,False,0
3,0.05,0.9,1000,43,3.208224804597701,nan,False,0
3,0.05,0.9,1000,44,3.23078630952381,nan,False,0
3,0.05,0.9,1000,45,3.185961839080459,nan,False,0
3,0.05,0.9,1000,46,3.2235519999999993,nan,False,0
3,0.05,0.9,16000,42,4.544261074074074,nan,False,0
3,0.05,0.9,16000,43,4.501852630434783,nan,False,0
3,0.05,0.9,16000,44,4.525352622222221,nan,False,0
3,0.05,0.9,16000,45,4.530322948148148,nan,False,0
3,0.05,0.9,16000,46,4.464345466666667,nan,False,0
3,0.05,0.9,4000,42,3.9075339824561404,nan,False,0
3,0.05,0.9,4000,43,3.8715737350427344,nan,False,0
3,0.05,0.9,4000,44,3.899156888888889,nan,False,0
3,0.05,0.9,4000,45,3.922655341880343,nan,False,0
3,0.05,0.9,4000,46,3.930895256410256,nan,False,0
3,0.05,0.9,64000,42,5.1066004027777785,nan,False,0
3,0.05,0.9,64000,43,5.110084465277778,nan,False,0
3,0.05,0.9,64000,44,5.141674569444445,nan,False,0
3,0.05,0.9,64000,45,5.134582006944444,nan,False,0
3,0.05,0.9,64000,46,5.07867125,nan,False,0
3,0.064,0.95,1000,42,3.1740343999999996,nan,False,0
3,0.064,0.95,1000,43,3.3171741851851846,nan,False,0
3,0.064,0.95,1000,44,3.2997203827160497,nan,False,0
3,0.064,0.95,1000,45,3.217523851851852,nan,False,0
3,0.064,0.95,1000,46,3.174590555555555,nan,False,0
3,0.064,0.95,4000,42,3.921505324561404,nan,False,0
3,0.064,0.95,4000,43,3.8727994736842115,nan,False,0
3,0.064,0.95,4000,44,3.8725734736842106,nan,False,0
3,0.064,0.95,4000,45,3.9660350964912277,nan,False,0
3,0.064,0.95,4000,46,3.8884676837606835,nan,False,0
3,0.064,0.995,1000,42,3.291040025641026,nan,False,0
3,0.064,0.995,1000,43,3.292899573333333,nan,False,0
3,0.064,0.995,1000,44,3.2726891466666665,nan,False,0
3,0.064,0.995,1000,45,3.2946719066666668,nan,False,0
3,0.064,0.995,1000,46,3.23155308,nan,False,0
3,0.064,0.995,4000,42,3.884338754385965,nan,False,0
3,0.064,0.995,4000,43,3.844319316239316,nan,False,0
3,0.064,0.995,4000,44,3.8743562719298237,nan,False,0
3,0.064,0.995,4000,45,3.946884018018018,nan,False,0
3,0.064,0.995,4000,46,3.901929288288289,nan,False,0
3,0.064,0.999,1000,42,2.3186455520833333,nan,False,2
3,0.064,0.999,1000,43,1.6977930600000002,nan,False,2
3,0.064,0.999,1000,44,2.0117449499999998,nan,False,2
3,0.064,0.999,1000,45,2.2636071666666666,nan,False,2
3,0.064,0.999,1000,46,2.2164667904761908,nan,False,2
3,0.064,0.999,4000,42,2.7832540277777778,nan,False,0
3,0.064,0.999,4000,43,2.7717234133333335,nan,False,2
3,0.064,0.999,4000,44,2.768629850340136,nan,False,0
3,0.064,0.999,4000,45,2.702553908496732,nan,False,2
3,0.064,0.999,4000,46,2.7826629115646258,nan,False,0
3,0.064,0.99,1000,42,3.4028162638888886,nan,False,0
3,0.064,0.99,1000,43,3.2853714814814814,nan,False,0
3,0.064,0.99,1000,44,3.351112146666667,nan,False,0
3,0.064,0.99,1000,45,3.276371613333333,nan,False,0
3,0.064,0.99,1000,46,3.2564021866666666,nan,False,0
3,0.064,0.99,4000,42,3.9311594594594594,nan,False,0
3,0.064,0.99,4000,43,3.9500746486486484,nan,False,0
3,0.064,0.99,4000,44,3.9236279459459453,nan,False,0
3,0.064,0.99,4000,45,3.9407456846846842,nan,False,0
3,0.064,0.99,4000,46,3.9085914954954957,nan,False,0
3,0.064,0.9,1000,42,3.263993452380953,nan,False,0
3,0.064,0.9,1000,43,3.1805953563218394,nan,False,0
3,0.064,0.9,1000,44,3.256127702380953,nan,False,0
3,0.064,0.9,1000,45,3.2696052619047618,nan,False,0
3,0.064,0.9,1000,46,3.169402505747126,nan,False,0
3,0.064,0.9,4000,42,3.9112016140350874,nan,False,0
3,0.064,0.9,4000,43,3.893237042735043,nan,False,0
3,0.064,0.9,4000,44,3.9262843245614034,nan,False,0
3,0.064,0.9,4000,45,3.935222333333334,nan,False,0
3,0.064,0.9,4000,46,3.9210554122807015,nan,False,0
3,0.0,0.95,1000,42,1.8280900151515151,nan,False,2
3,0.0,0.95,1000,43,1.9179301857923496,nan,False,2
3,0.0,0.95,1000,44,1.968718238888889,nan,False,2
3,0.0,0.95,1000,45,1.8840804247311824,nan,False,2
3,0.0,0.95,1000,46,1.8918973958333334,nan,False,2
3,0.0,0.95,16000,42,2.0130314880952382,nan,False,2
3,0.0,0.95,16000,43,2.038009541666667,nan,False,2
3,0.0,0.95,16000,44,2.0436528035714288,nan,False,2
3,0.0,0.95,16000,45,2.0117396726190475,nan,False,2
3,0.0,0.95,16000,46,2.0319986309523808,nan,False,2
3,0.0,0.95,256000,42,2.0304651156462583,nan,False,2
3,0.0,0.95,256000,43,2.0300028979591835,nan,False,2
3,0.0,0.95,256000,44,2.032537605442177,nan,False,2
3,0.0,0.95,256000,45,2.0308541496598638,nan,False,2
3,0.0,0.95,256000,46,2.0326391156462584,nan,False,2
3,0.0,0.95,4000,42,1.9583560819672132,nan,False,2
3,0.0,0.95,4000,43,2.0097069677419355,nan,False,2
3,0.0,0.95,4000,44,2.000984759562842,nan,False,2
3,0.0,0.95,4000,45,1.960388535519126,nan,False,2
3,0.0,0.95,4000,46,2.0112718333333333,nan,False,2
3,0.0,0.95,64000,42,2.0561107861635226,nan,False,2
3,0.0,0.95,64000,43,2.039632176100629,nan,False,2
3,0.0,0.95,64000,44,2.042802779874214,nan,False,2
3,0.0,0.95,64000,45,2.042719572327044,nan,False,2
3,0.0,0.95,64000,46,2.0698043899371075,nan,False,2
3,0.0,0.995,1000,42,1.6571598109452736,nan,False,2
3,0.0,0.995,1000,43,1.2097133333333332,4.14132,True,2
3,0.0,0.995,1000,44,1.5693356069651743,nan,False,2
3,0.0,0.995,1000,45,1.2461913333333332,3.816854,True,2
3,0.0,0.995,1000,46,1.5474372089552237,nan,False,2
3,0.0,0.995,16000,42,1.566118505952381,nan,False,2
3,0.0,0.995,16000,43,1.5869019824561401,nan,False,2
3,0.0,0.995,16000,44,1.2857563333333333,3.864766,True,2
3,0.0,0.995,16000,45,1.2748693333333332,3.85799,True,2
3,0.0,0.995,16000,46,1.2607059999999999,3.953442,True,2
3,0.0,0.995,256000,42,1.5474646598639459,nan,False,2
3,0.0,0.995,256000,43,1.5497382585034014,nan,False,2
3,0.0,0.995,256000,44,1.5412398911564629,nan,False,2
3,0.0,0.995,256000,45,1.2831376666666667,3.829648,True,2
3,0.0,0.995,256000,46,1.549031605442177,nan,False,2
3,0.0,0.995,4000,42,1.2830576666666667,3.84989,True,2
3,0.0,0.995,4000,43,1.5996964301075272,nan,False,2
3,0.0,0.995,4000,44,1.5935358709677419,nan,False,2
3,0.0,0.995,4000,45,1.253283,3.994478,True,2
3,0.0,0.995,4000,46,1.264401,3.809393,True,2
3,0.0,0.995,64000,42,1.2875819999999998,3.932973,True,2
3,0.0,0.995,64000,43,1.5532069371069182,nan,False,2
3,0.0,0.995,64000,44,1.5814879119496856,nan,False,2
3,0.0,0.995,64000,45,1.278828,3.93872,True,2
3,0.0,0.995,64000,46,1.2867886666666666,3.859545,True,2
3,0.0,0.999,1000,42,1.0628407199999999,nan,False,4
3,0.0,0.999,1000,43,1.1769112820512821,nan,False,2
3,0.0,0.999,1000,44,0.9266566296296297,nan,False,2
3,0.0,0.999,1000,45,1.47596167251462,nan,False,2
3,0.0,0.999,1000,46,1.46450612,nan,False,2
3,0.0,0.999,16000,42,0.9980473627450981,nan,False,2
3,0.0,0.999,16000,43,1.047665111111111,nan,False,2
3,0.0,0.999,16000,44,1.0692077195767196,nan,False,4
3,0.0,0.999,16000,45,1.0357729718309858,nan,False,2
3,0.0,0.999,16000,46,1.0328368030303032,nan,False,2
3,0.0,0.999,256000,42,1.0532753801169592,nan,False,2
3,0.0,0.999,256000,43,1.055904052631579,nan,False,2
3,0.0,0.999,256000,44,1.0272146666666666,7.704981,True,2
3,0.0,0.999,256000,45,1.0572320229885057,nan,False,2
3,0.0,0.999,256000,46,1.04764275,nan,False,2
3,0.0,0.999,4000,42,1.0408438619047615,nan,False,2
3,0.0,0.999,4000,43,1.0769013095238094,nan,False,2
3,0.0,0.999,4000,44,1.0038870199004972,nan,False,2
3,0.0,0.999,4000,45,1.0477995422885569,nan,False,2
3,0.0,0.999,4000,46,1.0291575000000002,nan,False,2
3,0.0,0.999,64000,42,1.0601197195767196,nan,False,2
3,0.0,0.999,64000,43,1.0230433333333333,6.782913,True,2
3,0.0,0.999,64000,44,1.0426995053763444,nan,False,2
3,0.0,0.999,64000,45,1.0567593585858588,nan,False,2
3,0.0,0.999,64000,46,1.0272545948717948,nan,False,2
3,0.0,0.99,1000,42,1.1490403333333334,2.946455,True,2
3,0.0,0.99,1000,43,1.1761196666666667,3.033716,True,2
3,0.0,0.99,1000,44,1.552787830845771,nan,False,2
3,0.0,0.99,1000,45,1.500552407960199,nan,False,2
3,0.0,0.99,1000,46,1.4218440746268655,nan,False,2
3,0.0,0.99,16000,42,1.4877241130952379,nan,False,2
3,0.0,0.99,16000,43,1.5177692500000002,nan,False,2
3,0.0,0.99,16000,44,1.490086946428571,nan,False,2
3,0.0,0.99,16000,45,1.487068567251462,nan,False,2
3,0.0,0.99,16000,46,1.4955293809523813,nan,False,2
3,0.0,0.99,256000,42,1.5024192599999997,nan,False,2
3,0.0,0.99,256000,43,1.5005624800000001,nan,False,2
3,0.0,0.99,256000,44,1.4974715,nan,False,2
3,0.0,0.99,256000,45,1.506609026666667,nan,False,2
3,0.0,0.99,256000,46,1.5168244200000003,nan,False,2
3,0.0,0.99,4000,42,1.4201510161290325,nan,False,2
3,0.0,0.99,4000,43,1.5162028494623656,nan,False,2
3,0.0,0.99,4000,44,1.5158970322580645,nan,False,2
3,0.0,0.99,4000,45,1.4569968555555557,nan,False,2
3,0.0,0.99,4000,46,1.4635276559139785,nan,False,2
3,0.0,0.99,64000,42,1.5247621858974358,nan,False,2
3,0.0,0.99,64000,43,1.499911025157233,nan,False,2
3,0.0,0.99,64000,44,1.5076503974358972,nan,False,2
3,0.0,0.99,64000,45,1.4988167169811317,nan,False,2
3,0.0,0.99,64000,46,1.5089391132075476,nan,False,2
3,0.0,0.9,1000,42,2.228519411764706,nan,False,2
3,0.0,0.9,1000,43,2.2169960196078433,nan,False,2
3,0.0,0.9,1000,44,2.2276501699346403,nan,False,2
3,0.0,0.9,1000,45,2.1308726728395064,nan,False,2
3,0.0,0.9,1000,46,2.2071132692307693,nan,False,2
3,0.0,0.9,16000,42,2.603935285714286,nan,False,2
3,0.0,0.9,16000,43,2.60073075,nan,False,2
3,0.0,0.9,16000,44,2.6331522321428573,nan,False,2
3,0.0,0.9,16000,45,2.658357113095238,nan,False,2
3,0.0,0.9,16000,46,2.515019208333334,nan,False,2
3,0.0,0.9,256000,42,2.599251272108843,nan,False,2
3,0.0,0.9,256000,43,2.5732447142857144,nan,False,2
3,0.0,0.9,256000,44,2.600059129251701,nan,False,2
3,0.0,0.9,256000,45,2.593288523809524,nan,False,2
3,0.0,0.9,256000,46,2.6070867755102043,nan,False,2
3,0.0,0.9,4000,42,2.4681783388888885,nan,False,2
3,0.0,0.9,4000,43,2.5831481530054647,nan,False,2
3,0.0,0.9,4000,44,2.5637290055555555,nan,False,2
3,0.0,0.9,4000,45,2.5169364863387984,nan,False,2
3,0.0,0.9,4000,46,2.4850666994535517,nan,False,2
3,0.0,0.9,64000,42,2.590769237179487,nan,False,2
3,0.0,0.9,64000,43,2.613961980769231,nan,False,2
3,0.0,0.9,64000,44,2.584724717948718,nan,False,2
3,0.0,0.9,64000,45,2.5904276987179484,nan,False,2
3,0.0,0.9,64000,46,2.573591570512821,nan,False,2
4,0.001,0.95,1000,42,2.276814603603603,nan,False,2
4,0.001,0.95,1000,43,2.3289593055555557,nan,False,2
4,0.001,0.95,1000,44,2.3273296666666665,nan,False,2
4,0.001,0.95,1000,45,2.202332691666667,nan,False,2
4,0.001,0.95,1000,46,2.3590332745098044,nan,False,2
4,0.001,0.95,16000,42,3.1921668060606057,nan,False,2
4,0.001,0.95,16000,43,3.244386757575758,nan,False,2
4,0.001,0.95,16000,44,3.257054381818181,nan,False,2
4,0.001,0.95,16000,45,3.1528634606060595,nan,False,2
4,0.001,0.95,16000,46,3.1571403090909094,nan,False,2
4,0.001,0.95,4000,42,2.816094424836601,nan,False,2
4,0.001,0.95,4000,43,2.8413364466666673,nan,False,2
4,0.001,0.95,4000,44,2.819249235294117,nan,False,2
4,0.001,0.95,4000,45,2.953968360544218,nan,False,2
4,0.001,0.95,4000,46,2.8213614423076927,nan,False,2
4,0.001,0.995,1000,42,1.1963116666666667,4.386602,True,2
4,0.001,0.995,1000,43,1.202213,4.419055,True,2
4,0.001,0.995,1000,44,1.2831663333333332,4.283037,True,2
4,0.001,0.995,1000,45,1.1143543333333332,4.193323,True,2
4,0.001,0.995,1000,46,1.1489606666666667,3.995832,True,2
4,0.001,0.995,16000,42,1.2075496666666667,4.041457,True,2
4,0.001,0.995,16000,43,1.2341223333333335,4.233611,True,2
4,0.001,0.995,16000,44,1.2237426666666666,4.220429,True,2
4,0.001,0.995,16000,45,1.2311826666666665,4.064362,True,2
4,0.001,0.995,16000,46,1.24068,4.05663,True,2
4,0.001,0.995,4000,42,1.2117493333333333,4.257512,True,2
4,0.001,0.995,4000,43,1.2336063333333334,4.208712,True,2
4,0.001,0.995,4000,44,1.3133413333333335,3.931498,True,2
4,0.001,0.995,4000,45,1.249983,3.932499,True,2
4,0.001,0.995,4000,46,1.1466956666666668,4.386706,True,2
4,0.001,0.999,1000,42,2.196789715053763,nan,False,2
4,0.001,0.999,1000,43,1.0652387833333334,nan,False,2
4,0.001,0.999,1000,44,2.067492925925926,nan,False,2
4,0.001,0.999,1000,45,0.9552069126984127,nan,False,2
4,0.001,0.999,1000,46,1.2239227311827956,nan,False,2
4,0.001,0.999,16000,42,1.0132726666666667,6.174148,True,2
4,0.001,0.999,16000,43,1.0431840000000001,6.816104,True,2
4,0.001,0.999,16000,44,0.9911546666666666,6.582749,True,2
4,0.001,0.999,16000,45,0.9885853333333333,6.28831,True,2
4,0.001,0.999,16000,46,0.9986809999999999,6.389093,True,2
4,0.001,0.999,4000,42,0.9575123333333333,6.346105,True,2
4,0.001,0.999,4000,43,1.0682543333333332,5.720425,True,4
4,0.001,0.999,4000,44,1.06939273015873,nan,False,2
4,0.001,0.999,4000,45,0.9497126666666666,6.451805,True,2
4,0.001,0.999,4000,46,0.8630696666666666,6.40831,True,4
4,0.001,0.99,1000,42,1.2625303333333333,3.251144,True,2
4,0.001,0.99,1000,43,1.3534049999999997,3.13453,True,2
4,0.001,0.99,1000,44,1.3115233333333334,3.05356,True,2
4,0.001,0.99,1000,45,1.216968,3.224643,True,2
4,0.001,0.99,1000,46,1.3589996666666666,2.911652,True,2
4,0.001,0.99,16000,42,1.2956969999999999,3.102701,True,2
4,0.001,0.99,16000,43,1.2683419999999999,3.090294,True,2
4,0.001,0.99,16000,44,1.3191709999999999,3.094172,True,2
4,0.001,0.99,16000,45,1.3210356666666667,3.09452,True,2
4,0.001,0.99,16000,46,1.3429743333333333,2.9625,True,2
4,0.001,0.99,4000,42,1.2885543333333331,3.290066,True,2
4,0.001,0.99,4000,43,1.303467666666667,3.055364,True,2
4,0.001,0.99,4000,44,1.3031296666666667,3.030273,True,2
4,0.001,0.99,4000,45,1.2628046666666668,3.174503,True,2
4,0.001,0.99,4000,46,1.3217293333333333,3.058171,True,2
4,0.001,0.9,1000,42,2.7891802916666664,nan,False,2
4,0.001,0.9,1000,43,3.0409523809523806,nan,False,0
4,0.001,0.9,1000,44,2.902134231884058,nan,False,2
4,0.001,0.9,1000,45,2.9081339999999996,nan,False,2
4,0.001,0.9,1000,46,2.8480673333333333,nan,False,2
4,0.001,0.9,16000,42,4.098093703703704,nan,False,2
4,0.001,0.9,16000,43,4.176616356589148,nan,False,0
4,0.001,0.9,16000,44,4.119622201550388,nan,False,2
4,0.001,0.9,16000,45,4.07422937037037,nan,False,2
4,0.001,0.9,16000,46,4.107906414814814,nan,False,2
4,0.001,0.9,4000,42,3.525188711711711,nan,False,2
4,0.001,0.9,4000,43,3.482400537037037,nan,False,2
4,0.001,0.9,4000,44,3.5653086571428574,nan,False,2
4,0.001,0.9,4000,45,3.6656479904761903,nan,False,0
4,0.001,0.9,4000,46,3.5049141441441445,nan,False,2
4,0.004,0.95,1000,42,2.3000850190476188,nan,False,2
4,0.004,0.95,1000,43,2.38213760952381,nan,False,2
4,0.004,0.95,1000,44,2.448490070707071,nan,False,2
4,0.004,0.95,1000,45,2.277233768518518,nan,False,2
4,0.004,0.95,1000,46,2.3126334166666664,nan,False,2
4,0.004,0.95,16000,42,3.064975733333334,nan,False,2
4,0.004,0.95,16000,43,3.1717941272727272,nan,False,2
4,0.004,0.95,16000,44,3.153625642424243,nan,False,2
4,0.004,0.95,16000,45,3.161495903030303,nan,False,2
4,0.004,0.95,16000,46,3.1148945030303032,nan,False,2
4,0.004,0.95,4000,42,2.800606294871795,nan,False,2
4,0.004,0.95,4000,43,2.8082742756410255,nan,False,2
4,0.004,0.95,4000,44,2.735672641975309,nan,False,2
4,0.004,0.95,4000,45,2.86793416993464,nan,False,2
4,0.004,0.95,4000,46,2.8165929487179486,nan,False,2
4,0.004,0.995,1000,42,1.076641,3.591783,True,2
4,0.004,0.995,1000,43,1.175669,3.689271,True,2
4,0.004,0.995,1000,44,1.235089321637427,nan,False,2
4,0.004,0.995,1000,45,1.2059668585858587,nan,False,2
4,0.004,0.995,1000,46,1.1406076666666667,4.284272,True,2
4,0.004,0.995,16000,42,1.118472,3.938333,True,2
4,0.004,0.995,16000,43,1.1405716666666665,4.159003,True,2
4,0.004,0.995,16000,44,1.1544163333333335,4.000009,True,2
4,0.004,0.995,16000,45,1.137659,3.84018,True,2
4,0.004,0.995,16000,46,1.1198066666666666,3.9723,True,2
4,0.004,0.995,4000,42,1.043440333333333,4.388911,True,2
4,0.004,0.995,4000,43,1.1336506666666668,3.879628,True,2
4,0.004,0.995,4000,44,1.1997493333333333,3.999286,True,2
4,0.004,0.995,4000,45,1.185205,3.90085,True,2
4,0.004,0.995,4000,46,1.0986193333333334,4.004052,True,2
4,0.004,0.999,1000,42,1.2455190666666667,nan,False,2
4,0.004,0.999,1000,43,0.9583483523809525,nan,False,2
4,0.004,0.999,1000,44,0.8490105729166667,nan,False,2
4,0.004,0.999,1000,45,0.9925586099290781,nan,False,2
4,0.004,0.999,1000,46,1.2455971111111113,nan,False,2
4,0.004,0.999,16000,42,1.0184109999999997,6.906377,True,2
4,0.004,0.999,16000,43,0.978656,6.290018,True,2
4,0.004,0.999,16000,44,0.9457986666666667,6.387643,True,2
4,0.004,0.999,16000,45,1.0737056666666667,6.60035,True,2
4,0.004,0.999,16000,46,1.0924883333333335,6.375804,True,2
4,0.004,0.999,4000,42,0.9851716666666667,6.118609,True,2
4,0.004,0.999,4000,43,1.065887074074074,nan,False,2
4,0.004,0.999,4000,44,0.9445956666666667,6.394991,True,2
4,0.004,0.999,4000,45,0.8656106666666666,6.459569,True,4
4,0.004,0.999,4000,46,0.9985216666666666,6.708815,True,2
4,0.004,0.99,1000,42,1.2092336666666668,3.146615,True,2
4,0.004,0.99,1000,43,1.3389703333333334,3.109076,True,2
4,0.004,0.99,1000,44,1.3040866666666666,3.343947,True,2
4,0.004,0.99,1000,45,1.3294626666666667,2.969612,True,2
4,0.004,0.99,1000,46,1.307305666666667,2.928586,True,2
4,0.004,0.99,16000,42,1.2784076666666666,3.101709,True,2
4,0.004,0.99,16000,43,1.2642993333333334,3.205857,True,2
4,0.004,0.99,16000,44,1.299086,3.096903,True,2
4,0.004,0.99,16000,45,1.303418,3.083047,True,2
4,0.004,0.99,16000,46,1.34487,2.953747,True,2
4,0.004,0.99,4000,42,1.2132226666666668,3.152749,True,2
4,0.004,0.99,4000,43,1.2906873333333333,3.174503,True,2
4,0.004,0.99,4000,44,1.3378816666666669,3.16713,True,2
4,0.004,0.99,4000,45,1.2910993333333334,3.035049,True,2
4,0.004,0.99,4000,46,1.3203686666666665,3.313078,True,2
4,0.004,0.9,1000,42,2.7891802916666664,nan,False,2
4,0.004,0.9,1000,43,3.0409523809523806,nan,False,0
4,0.004,0.9,1000,44,2.902134231884058,nan,False,2
4,0.004,0.9,1000,45,2.9081339999999996,nan,False,2
4,0.004,0.9,1000,46,2.843768984848485,nan,False,2
4,0.004,0.9,16000,42,4.109679177777778,nan,False,2
4,0.004,0.9,16000,43,4.154752953488372,nan,False,2
4,0.004,0.9,16000,44,4.140842704545454,nan,False,2
4,0.004,0.9,16000,45,4.040669688888889,nan,False,2
4,0.004,0.9,16000,46,4.081077629629631,nan,False,2
4,0.004,0.9,4000,42,3.5189779909909915,nan,False,2
4,0.004,0.9,4000,43,3.4787072592592594,nan,False,2
4,0.004,0.9,4000,44,3.595529694444444,nan,False,2
4,0.004,0.9,4000,45,3.6657137809523808,nan,False,0
4,0.004,0.9,4000,46,3.5048047387387395,nan,False,2
4,0.005,0.95,1000,42,2.3041334095238093,nan,False,2
4,0.005,0.95,1000,43,2.372973648148148,nan,False,2
4,0.005,0.95,1000,44,2.448490070707071,nan,False,2
4,0.005,0.95,1000,45,2.2974048240740736,nan,False,2
4,0.005,0.95,1000,46,2.35496700952381,nan,False,2
4,0.005,0.95,16000,42,3.179614927272727,nan,False,2
4,0.005,0.95,16000,43,3.2852018,nan,False,2
4,0.005,0.95,16000,44,3.126233490909091,nan,False,2
4,0.005,0.95,16000,45,3.1862879939393935,nan,False,2
4,0.005,0.95,16000,46,3.123787818181819,nan,False,2
4,0.005,0.95,256000,42,3.181984645833334,nan,False,2
4,0.005,0.95,256000,43,3.2443996527777776,nan,False,2
4,0.005,0.95,256000,44,3.2371194791666666,nan,False,2
4,0.005,0.95,256000,45,3.2026655486111113,nan,False,2
4,0.005,0.95,256000,46,3.222447194444444,nan,False,2
4,0.005,0.95,4000,42,2.8284438692810454,nan,False,2
4,0.005,0.95,4000,43,2.803444115384615,nan,False,2
4,0.005,0.95,4000,44,2.7983704629629633,nan,False,2
4,0.005,0.95,4000,45,2.8730153464052286,nan,False,2
4,0.005,0.95,4000,46,2.8450346730769236,nan,False,2
4,0.005,0.95,64000,42,3.165965803921569,nan,False,2
4,0.005,0.95,64000,43,3.2364579166666667,nan,False,2
4,0.005,0.95,64000,44,3.2367807051282047,nan,False,2
4,0.005,0.95,64000,45,3.1957811538461534,nan,False,2
4,0.005,0.95,64000,46,3.2340897435897427,nan,False,2
4,0.005,0.995,1000,42,1.108441,4.413468,True,2
4,0.005,0.995,1000,43,1.279162666666667,4.043505,True,2
4,0.005,0.995,1000,44,1.091603,4.041881,True,2
4,0.005,0.995,1000,45,1.0130326666666667,4.364103,True,2
4,0.005,0.995,1000,46,1.17561,4.126103,True,2
4,0.005,0.995,16000,42,1.1625196666666666,4.184617,True,2
4,0.005,0.995,16000,43,1.1672913333333332,4.193821,True,2
4,0.005,0.995,16000,44,1.1739573333333333,4.145362,True,2
4,0.005,0.995,16000,45,1.1838463333333333,4.0182,True,2
4,0.005,0.995,16000,46,1.1496753333333334,4.335043,True,2
4,0.005,0.995,256000,42,1.1940636666666666,4.04481,True,2
4,0.005,0.995,256000,43,1.1882833333333334,4.050893,True,2
4,0.005,0.995,256000,44,1.1878460000000002,4.048267,True,2
4,0.005,0.995,256000,45,1.1880006666666667,4.048349,True,2
4,0.005,0.995,256000,46,1.18558,4.047341,True,2
4,0.005,0.995,4000,42,1.243722,3.872375,True,2
4,0.005,0.995,4000,43,1.2219596666666666,4.300432,True,2
4,0.005,0.995,4000,44,1.2125243333333333,4.052746,True,2
4,0.005,0.995,4000,45,1.2129056666666667,3.916752,True,2
4,0.005,0.995,4000,46,1.2183916666666668,4.30931,True,2
4,0.005,0.995,64000,42,1.1668203333333336,4.142831,True,2
4,0.005,0.995,64000,43,1.160605,4.112477,True,2
4,0.005,0.995,64000,44,1.1646750000000001,4.120365,True,2
4,0.005,0.995,64000,45,1.1889346666666667,4.120496,True,2
4,0.005,0.995,64000,46,1.1779536666666666,4.124243,True,2
4,0.005,0.999,1000,42,0.9258592276422766,nan,False,2
4,0.005,0.999,1000,43,1.0328247373737374,nan,False,2
4,0.005,0.999,1000,44,1.0112803333333333,nan,False,2
4,0.005,0.999,1000,45,1.3496113809523809,nan,False,2
4,0.005,0.999,1000,46,0.8845376236559142,nan,False,2
4,0.005,0.999,16000,42,1.1674173333333333,6.598513,True,2
4,0.005,0.999,16000,43,1.0411036666666666,6.524326,True,2
4,0.005,0.999,16000,44,1.0373496666666666,6.65771,True,2
4,0.005,0.999,16000,45,1.0581913333333333,6.572548,True,2
4,0.005,0.999,16000,46,1.1145136666666666,6.414088,True,2
4,0.005,0.999,256000,42,2.4240489999999997,8.115484,True,2
4,0.005,0.999,256000,43,2.4703776666666664,8.199542,True,2
4,0.005,0.999,256000,44,2.429902,8.113171,True,2
4,0.005,0.999,256000,45,2.483718666666667,8.11982,True,2
4,0.005,0.999,256000,46,2.4658063333333335,8.122872,True,2
4,0.005,0.999,4000,42,1.0274103333333333,6.121854,True,2
4,0.005,0.999,4000,43,1.0326146666666667,7.156415,True,2
4,0.005,0.999,4000,44,0.8152673333333333,6.37421,True,4
4,0.005,0.999,4000,45,0.8863946666666666,7.037404,True,2
4,0.005,0.999,4000,46,0.9692723333333334,6.746366,True,2
4,0.005,0.999,64000,42,1.423390666666667,6.55312,True,2
4,0.005,0.999,64000,43,1.5173916666666667,6.540801,True,2
4,0.005,0.999,64000,44,1.296797,6.495172,True,2
4,0.005,0.999,64000,45,1.3686513333333332,6.766102,True,2
4,0.005,0.999,64000,46,1.2552243333333333,6.404514,True,2
4,0.005,0.99,1000,42,1.273953,3.035913,True,2
4,0.005,0.99,1000,43,1.3338443333333334,3.358851,True,2
4,0.005,0.99,1000,44,1.3361169999999998,2.771226,True,2
4,0.005,0.99,1000,45,1.1769536666666667,3.367321,True,2
4,0.005,0.99,1000,46,1.2223903333333332,3.293871,True,2
4,0.005,0.99,16000,42,1.3342619999999998,3.072146,True,2
4,0.005,0.99,16000,43,1.2651963333333334,3.088063,True,2
4,0.005,0.99,16000,44,1.2826343333333332,3.094575,True,2
4,0.005,0.99,16000,45,1.3170359999999999,3.116544,True,2
4,0.005,0.99,16000,46,1.3346089999999997,3.093743,True,2
4,0.005,0.99,256000,42,1.2871503333333332,3.115539,True,2
4,0.005,0.99,256000,43,1.2988966666666668,3.116722,True,2
4,0.005,0.99,256000,44,1.3077586666666665,3.116635,True,2
4,0.005,0.99,256000,45,1.306335,3.132572,True,2
4,0.005,0.99,256000,46,1.3053226666666669,3.11568,True,2
4,0.005,0.99,4000,42,1.3086383333333333,3.060971,True,2
4,0.005,0.99,4000,43,1.320111,2.985235,True,2
4,0.005,0.99,4000,44,1.3072646666666667,3.064462,True,2
4,0.005,0.99,4000,45,1.326901,3.082447,True,2
4,0.005,0.99,4000,46,1.3227863333333334,3.067942,True,2
4,0.005,0.99,64000,42,1.2914286666666666,3.094865,True,2
4,0.005,0.99,64000,43,1.3088689999999998,3.109225,True,2
4,0.005,0.99,64000,44,1.3129393333333332,3.115562,True,2
4,0.005,0.99,64000,45,1.3012596666666667,3.114248,True,2
4,0.005,0.99,64000,46,1.2972693333333334,3.105149,True,2
4,0.005,0.9,1000,42,2.76946508,nan,False,2
4,0.005,0.9,1000,43,2.9738910317460316,nan,False,2
4,0.005,0.9,1000,44,2.8995176818181823,nan,False,2
4,0.005,0.9,1000,45,2.79725772,nan,False,2
4,0.005,0.9,1000,46,2.759238263888889,nan,False,2
4,0.005,0.9,16000,42,4.053114204545455,nan,False,2
4,0.005,0.9,16000,43,4.139882136363637,nan,False,2
4,0.005,0.9,16000,44,4.121632244444445,nan,False,2
4,0.005,0.9,16000,45,4.142050622222222,nan,False,2
4,0.005,0.9,16000,46,4.031082629629631,nan,False,2
4,0.005,0.9,256000,42,4.668321283687943,nan,False,2
4,0.005,0.9,256000,43,4.671034092198581,nan,False,2
4,0.005,0.9,256000,44,4.725185170212766,nan,False,2
4,0.005,0.9,256000,45,4.736673127659574,nan,False,2
4,0.005,0.9,256000,46,4.721868120567377,nan,False,2
4,0.005,0.9,4000,42,3.3547086068376073,nan,False,2
4,0.005,0.9,4000,43,3.5193159907407403,nan,False,2
4,0.005,0.9,4000,44,3.488459432432432,nan,False,2
4,0.005,0.9,4000,45,3.6551735809523813,nan,False,1
4,0.005,0.9,4000,46,3.4544448378378374,nan,False,2
4,0.005,0.9,64000,42,4.575751605442177,nan,False,2
4,0.005,0.9,64000,43,4.620869292517007,nan,False,2
4,0.005,0.9,64000,44,4.588983156462585,nan,False,2
4,0.005,0.9,64000,45,4.593150197278912,nan,False,2
4,0.005,0.9,64000,46,4.622158789115646,nan,False,2
4,0.015,0.95,1000,42,2.8232976666666665,nan,False,2
4,0.015,0.95,1000,43,3.017821796296296,nan,False,0
4,0.015,0.95,1000,44,3.006132117647059,nan,False,0
4,0.015,0.95,1000,45,2.9060804444444446,nan,False,0
4,0.015,0.95,1000,46,2.9785038703703703,nan,False,0
4,0.015,0.95,16000,42,4.083030666666667,nan,False,0
4,0.015,0.95,16000,43,4.116530523809524,nan,False,0
4,0.015,0.95,16000,44,4.151976404761905,nan,False,0
4,0.015,0.95,16000,45,4.133637263565892,nan,False,0
4,0.015,0.95,16000,46,4.135211896825398,nan,False,0
4,0.015,0.95,256000,42,4.693910388888889,nan,False,0
4,0.015,0.95,256000,43,4.7778663819444445,nan,False,0
4,0.015,0.95,256000,44,4.785025958333333,nan,False,0
4,0.015,0.95,256000,45,4.73460345390071,nan,False,0
4,0.015,0.95,256000,46,4.769339014184397,nan,False,0
4,0.015,0.95,4000,42,3.4742629619047625,nan,False,0
4,0.015,0.95,4000,43,3.4640177685185187,nan,False,0
4,0.015,0.95,4000,44,3.4824265370370373,nan,False,0
4,0.015,0.95,4000,45,3.6187093939393935,nan,False,0
4,0.015,0.95,4000,46,3.5644451809523807,nan,False,0
4,0.015,0.95,64000,42,4.596433041666667,nan,False,0
4,0.015,0.95,64000,43,4.49547362585034,nan,False,0
4,0.015,0.95,64000,44,4.619013034013605,nan,False,0
4,0.015,0.95,64000,45,4.52682419047619,nan,False,0
4,0.015,0.95,64000,46,4.564945272108844,nan,False,0
4,0.015,0.995,1000,42,1.4679006666666667,4.019387,True,2
4,0.015,0.995,1000,43,1.6618233333333332,4.033897,True,2
4,0.015,0.995,1000,44,1.4163343333333334,3.908516,True,2
4,0.015,0.995,1000,45,1.3375366666666668,4.479206,True,2
4,0.015,0.995,1000,46,1.5903150000000001,4.123237,True,2
4,0.015,0.995,16000,42,1.5737036666666668,3.816351,True,2
4,0.015,0.995,16000,43,1.516183,4.147009,True,2
4,0.015,0.995,16000,44,1.4906819999999998,4.148624,True,2
4,0.015,0.995,16000,45,1.5909473333333333,3.977719,True,2
4,0.015,0.995,16000,46,1.5025863333333334,3.979113,True,2
4,0.015,0.995,256000,42,1.533926,3.971537,True,2
4,0.015,0.995,256000,43,1.5486603333333333,3.972385,True,2
4,0.015,0.995,256000,44,1.5379613333333333,3.975664,True,2
4,0.015,0.995,256000,45,1.5278983333333331,3.973289,True,2
4,0.015,0.995,256000,46,1.529399,4.16039,True,2
4,0.015,0.995,4000,42,1.5376046666666667,4.017264,True,2
4,0.015,0.995,4000,43,1.5449680000000001,4.313802,True,2
4,0.015,0.995,4000,44,1.4617703333333332,4.148459,True,2
4,0.015,0.995,4000,45,1.5908266666666666,3.981752,True,2
4,0.015,0.995,4000,46,1.526516,4.173477,True,2
4,0.015,0.995,64000,42,1.5126703333333333,4.059351,True,2
4,0.015,0.995,64000,43,1.5230963333333332,4.064536,True,2
4,0.015,0.995,64000,44,1.5495320000000001,3.890522,True,2
4,0.015,0.995,64000,45,1.5066896666666667,4.072128,True,2
4,0.015,0.995,64000,46,1.5154706666666666,4.061176,True,2
4,0.015,0.999,1000,42,2.0917695396825398,nan,False,2
4,0.015,0.999,1000,43,1.0278076097560975,nan,False,2
4,0.015,0.999,1000,44,1.004759818181818,nan,False,2
4,0.015,0.999,1000,45,1.2152159999999999,nan,False,2
4,0.015,0.999,1000,46,0.7988733840579713,nan,False,2
4,0.015,0.999,16000,42,0.995819,6.478676,True,2
4,0.015,0.999,16000,43,1.088697,6.431968,True,2
4,0.015,0.999,16000,44,1.0413036666666666,6.579047,True,2
4,0.015,0.999,16000,45,1.0310599999999999,6.549287,True,2
4,0.015,0.999,16000,46,0.9932723333333334,6.326663,True,2
4,0.015,0.999,256000,42,2.2351426666666665,7.439431,True,2
4,0.015,0.999,256000,43,2.244595,7.444063,True,2
4,0.015,0.999,256000,44,2.259529333333333,7.439422,True,3
4,0.015,0.999,256000,45,2.2616086666666666,7.095029,True,2
4,0.015,0.999,256000,46,2.213096333333333,7.435243,True,2
4,0.015,0.999,4000,42,0.9537276666666666,6.156655,True,2
4,0.015,0.999,4000,43,0.8731786666666667,7.004625,True,2
4,0.015,0.999,4000,44,1.0022333333333333,6.068004,True,2
4,0.015,0.999,4000,45,0.848916,6.303771,True,2
4,0.015,0.999,4000,46,0.914754,6.026703,True,2
4,0.015,0.999,64000,42,1.2938766666666668,6.796693,True,2
4,0.015,0.999,64000,43,1.2714333333333334,6.460709,True,2
4,0.015,0.999,64000,44,1.1167973333333332,6.634912,True,2
4,0.015,0.999,64000,45,1.3502986666666665,6.47483,True,2
4,0.015,0.999,64000,46,1.246666,6.45078,True,2
4,0.015,0.99,1000,42,2.0528184747474745,nan,False,2
4,0.015,0.99,1000,43,2.1510606344086027,nan,False,2
4,0.015,0.99,1000,44,2.1413561555555556,nan,False,2
4,0.015,0.99,1000,45,2.276333061728395,nan,False,2
4,0.015,0.99,1000,46,1.7065313333333334,3.13356,True,2
4,0.015,0.99,16000,42,2.8346841607142856,nan,False,2
4,0.015,0.99,16000,43,2.786001244047619,nan,False,2
4,0.015,0.99,16000,44,2.868827238095238,nan,False,2
4,0.015,0.99,16000,45,2.9100682499999997,nan,False,2
4,0.015,0.99,16000,46,2.8777411488095237,nan,False,2
4,0.015,0.99,256000,42,2.902343401360544,nan,False,2
4,0.015,0.99,256000,43,2.969491891156463,nan,False,2
4,0.015,0.99,256000,44,2.9010977006802725,nan,False,2
4,0.015,0.99,256000,45,2.917126544217687,nan,False,2
4,0.015,0.99,256000,46,2.8969336326530613,nan,False,2
4,0.015,0.99,4000,42,2.5470284487179486,nan,False,2
4,0.015,0.99,4000,43,2.6851218510638297,nan,False,2
4,0.015,0.99,4000,44,2.6171128707482993,nan,False,2
4,0.015,0.99,4000,45,2.5959883733333333,nan,False,2
4,0.015,0.99,4000,46,2.5902184509803923,nan,False,2
4,0.015,0.99,64000,42,2.886678037735849,nan,False,2
4,0.015,0.99,64000,43,2.909367811320755,nan,False,2
4,0.015,0.99,64000,44,2.9585780064102565,nan,False,2
4,0.015,0.99,64000,45,2.8861765705128204,nan,False,2
4,0.015,0.99,64000,46,2.9226588461538463,nan,False,2
4,0.015,0.9,1000,42,3.0247099649122804,nan,False,0
4,0.015,0.9,1000,43,3.3401561904761903,nan,False,0
4,0.015,0.9,1000,44,3.4454783589743587,nan,False,0
4,0.015,0.9,1000,45,3.3358419743589747,nan,False,0
4,0.015,0.9,1000,46,3.2698788333333333,nan,False,0
4,0.015,0.9,16000,42,4.650519777777779,nan,False,0
4,0.015,0.9,16000,43,4.603449828571429,nan,False,0
4,0.015,0.9,16000,44,4.624256425925925,nan,False,0
4,0.015,0.9,16000,45,4.560864944444445,nan,False,0
4,0.015,0.9,16000,46,4.5610020277777785,nan,False,0
4,0.015,0.9,256000,42,6.410142685714285,nan,False,0
4,0.015,0.9,256000,43,5.981704203252033,nan,False,0
4,0.015,0.9,256000,44,6.356450990990991,nan,False,0
4,0.015,0.9,256000,45,6.316897,nan,False,0
4,0.015,0.9,256000,46,6.479753095238095,nan,False,0
4,0.015,0.9,4000,42,3.927020425287356,nan,False,0
4,0.015,0.9,4000,43,3.9012622528735634,nan,False,0
4,0.015,0.9,4000,44,3.9128792758620685,nan,False,0
4,0.015,0.9,4000,45,3.972531357142857,nan,False,0
4,0.015,0.9,4000,46,4.0347116666666665,nan,False,0
4,0.015,0.9,64000,42,5.141233174603175,nan,False,0
4,0.015,0.9,64000,43,5.161360349593496,nan,False,0
4,0.015,0.9,64000,44,5.11347256097561,nan,False,0
4,0.015,0.9,64000,45,5.120414382113822,nan,False,0
4,0.015,0.9,64000,46,5.142593601626016,nan,False,0
4,0.016,0.95,1000,42,3.034534395833333,nan,False,0
4,0.016,0.95,1000,43,3.0436268627450977,nan,False,0
4,0.016,0.95,1000,44,3.163608333333332,nan,False,0
4,0.016,0.95,1000,45,3.1143618222222225,nan,False,0
4,0.016,0.95,1000,46,3.2813583589743587,nan,False,0
4,0.016,0.95,16000,42,4.348838201754386,nan,False,0
4,0.016,0.95,16000,43,4.373290964912281,nan,False,0
4,0.016,0.95,16000,44,4.423248108108108,nan,False,0
4,0.016,0.95,16000,45,4.315312299145299,nan,False,0
4,0.016,0.95,16000,46,4.242933188034188,nan,False,0
4,0.016,0.95,4000,42,3.811567277777777,nan,False,0
4,0.016,0.95,4000,43,3.706036258064515,nan,False,0
4,0.016,0.95,4000,44,3.7186914111111116,nan,False,0
4,0.016,0.95,4000,45,3.8246114222222216,nan,False,0
4,0.016,0.95,4000,46,3.760246688888889,nan,False,0
4,0.016,0.995,1000,42,1.7730109999999997,3.59904,True,2
4,0.016,0.995,1000,43,1.7925050761904762,nan,False,2
4,0.016,0.995,1000,44,1.638904666666667,4.25976,True,2
4,0.016,0.995,1000,45,1.8600623333333335,3.713908,True,2
4,0.016,0.995,1000,46,1.4893506666666667,4.128766,True,2
4,0.016,0.995,16000,42,1.6937596666666668,3.991525,True,2
4,0.016,0.995,16000,43,1.6440306666666669,3.989197,True,2
4,0.016,0.995,16000,44,1.6939263333333334,4.010095,True,2
4,0.016,0.995,16000,45,1.6422043333333332,4.148624,True,2
4,0.016,0.995,16000,46,1.6944093333333334,4.170145,True,2
4,0.016,0.995,4000,42,1.7654123333333331,4.047372,True,2
4,0.016,0.995,4000,43,1.669097,4.201075,True,2
4,0.016,0.995,4000,44,1.7607936666666666,4.052027,True,2
4,0.016,0.995,4000,45,1.7352433333333332,3.708223,True,2
4,0.016,0.995,4000,46,1.5755286666666668,4.017581,True,2
4,0.016,0.999,1000,42,1.0163690333333335,nan,False,2
4,0.016,0.999,1000,43,1.0276538476190478,nan,False,2
4,0.016,0.999,1000,44,0.8675838461538461,nan,False,2
4,0.016,0.999,1000,45,0.9515081612903225,nan,False,2
4,0.016,0.999,1000,46,1.0340181149425287,nan,False,2
4,0.016,0.999,16000,42,0.9620296666666667,6.718065,True,2
4,0.016,0.999,16000,43,1.068151,6.261222,True,2
4,0.016,0.999,16000,44,1.035232,6.673823,True,2
4,0.016,0.999,16000,45,1.0738063333333334,6.474254,True,2
4,0.016,0.999,16000,46,1.025528,6.523804,True,2
4,0.016,0.999,4000,42,0.977557,7.242893,True,2
4,0.016,0.999,4000,43,0.9205646666666666,7.665465,True,2
4,0.016,0.999,4000,44,0.969830496124031,nan,False,2
4,0.016,0.999,4000,45,0.9913446666666667,6.730891,True,2
4,0.016,0.999,4000,46,0.9544196666666668,6.592822,True,2
4,0.016,0.99,1000,42,2.275531051282051,nan,False,2
4,0.016,0.99,1000,43,2.2921668205128203,nan,False,2
4,0.016,0.99,1000,44,2.4188845942028987,nan,False,2
4,0.016,0.99,1000,45,2.0655617241379307,nan,False,2
4,0.016,0.99,1000,46,2.1352019310344827,nan,False,2
4,0.016,0.99,16000,42,3.1648629583333334,nan,False,2
4,0.016,0.99,16000,43,3.1730815535714285,nan,False,2
4,0.016,0.99,16000,44,3.185332047619048,nan,False,2
4,0.016,0.99,16000,45,3.187248654761905,nan,False,2
4,0.016,0.99,16000,46,3.2781233090909088,nan,False,2
4,0.016,0.99,4000,42,2.7395773037037037,nan,False,2
4,0.016,0.99,4000,43,2.9151643650793653,nan,False,2
4,0.016,0.99,4000,44,2.6951578194444443,nan,False,2
4,0.016,0.99,4000,45,2.8561886666666667,nan,False,2
4,0.016,0.99,4000,46,2.7431343333333333,nan,False,2
4,0.016,0.9,1000,42,3.5363737499999996,nan,False,0
4,0.016,0.9,1000,43,3.53846806060606,nan,False,0
4,0.016,0.9,1000,44,3.6644201,nan,False,0
4,0.016,0.9,1000,45,3.4921685151515147,nan,False,0
4,0.016,0.9,1000,46,3.4474035757575763,nan,False,0
4,0.016,0.9,16000,42,4.917988822916667,nan,False,0
4,0.016,0.9,16000,43,4.906852242424242,nan,False,0
4,0.016,0.9,16000,44,4.933069282828283,nan,False,0
4,0.016,0.9,16000,45,4.788161617647059,nan,False,0
4,0.016,0.9,16000,46,4.800524848484849,nan,False,0
4,0.016,0.9,4000,42,4.112835493333333,nan,False,0
4,0.016,0.9,4000,43,4.11128548,nan,False,0
4,0.016,0.9,4000,44,4.079925115384616,nan,False,0
4,0.016,0.9,4000,45,4.16907564,nan,False,0
4,0.016,0.9,4000,46,4.065435923076922,nan,False,0
4,0.03,0.95,1000,42,3.1378661366120215,nan,False,0
4,0.03,0.95,1000,43,3.1584261,nan,False,0
4,0.03,0.95,1000,44,3.135848888888889,nan,False,0
4,0.03,0.95,1000,45,3.140461516666667,nan,False,0
4,0.03,0.95,1000,46,3.1416356166666666,nan,False,0
4,0.03,0.95,16000,42,6.084946196969696,nan,False,0
4,0.03,0.95,16000,43,6.081230793650794,nan,False,0
4,0.03,0.95,16000,44,6.062728825396825,nan,False,0
4,0.03,0.95,16000,45,6.102582484848486,nan,False,0
4,0.03,0.95,16000,46,6.005322590909091,nan,False,0
4,0.03,0.95,4000,42,5.2986301904761905,nan,False,0
4,0.03,0.95,4000,43,5.290049619047617,nan,False,0
4,0.03,0.95,4000,44,5.275852190476191,nan,False,0
4,0.03,0.95,4000,45,5.375576309523809,nan,False,0
4,0.03,0.95,4000,46,5.270794952380952,nan,False,0
4,0.03,0.95,64000,42,6.581275756410255,nan,False,0
4,0.03,0.95,64000,43,6.6010541794871775,nan,False,0
4,0.03,0.95,64000,44,6.700649461538462,nan,False,0
4,0.03,0.95,64000,45,6.608961217948718,nan,False,0
4,0.03,0.95,64000,46,6.638542641975308,nan,False,0
4,0.03,0.995,1000,42,3.0393422473118274,nan,False,0
4,0.03,0.995,1000,43,3.0435571236559147,nan,False,0
4,0.03,0.995,1000,44,4.159712666666667,nan,False,0
4,0.03,0.995,1000,45,3.104969568306011,nan,False,0
4,0.03,0.995,1000,46,3.0642032258064513,nan,False,0
4,0.03,0.995,16000,42,5.474603839999999,nan,False,0
4,0.03,0.995,16000,43,5.428578266666667,nan,False,0
4,0.03,0.995,16000,44,5.324457269230769,nan,False,0
4,0.03,0.995,16000,45,5.5362771466666665,nan,False,0
4,0.03,0.995,16000,46,5.412785466666667,nan,False,0
4,0.03,0.995,4000,42,4.784314078431372,nan,False,0
4,0.03,0.995,4000,43,4.9113975624999995,nan,False,0
4,0.03,0.995,4000,44,4.940559833333333,nan,False,0
4,0.03,0.995,4000,45,4.985411200000001,nan,False,0
4,0.03,0.995,4000,46,4.8353884166666665,nan,False,0
4,0.03,0.995,64000,42,5.918041956989248,nan,False,0
4,0.03,0.995,64000,43,6.036822966666666,nan,False,0
4,0.03,0.995,64000,44,5.933864225806451,nan,False,0
4,0.03,0.995,64000,45,6.146367344444444,nan,False,0
4,0.03,0.995,64000,46,5.904088182795699,nan,False,0
4,0.03,0.999,1000,42,2.0196555000000003,nan,False,2
4,0.03,0.999,1000,43,1.8698669047619045,nan,False,2
4,0.03,0.999,1000,44,1.9663012142857141,nan,False,2
4,0.03,0.999,1000,45,2.5884898000000005,nan,False,2
4,0.03,0.999,1000,46,1.7795261458333331,nan,False,2
4,0.03,0.999,16000,42,3.0208533809523805,nan,False,2
4,0.03,0.999,16000,43,3.1637889833333332,nan,False,2
4,0.03,0.999,16000,44,3.2743077631578945,nan,False,2
4,0.03,0.999,16000,45,3.232749058333334,nan,False,2
4,0.03,0.999,16000,46,3.2711675614035087,nan,False,2
4,0.03,0.999,4000,42,2.139877333333333,nan,False,2
4,0.03,0.999,4000,43,2.238545126126126,nan,False,2
4,0.03,0.999,4000,44,1.5705713333333333,7.439416,True,2
4,0.03,0.999,4000,45,1.8246956666666667,7.218808,True,2
4,0.03,0.999,4000,46,1.4851976666666669,7.37717,True,2
4,0.03,0.999,64000,42,5.43018835632184,nan,False,2
4,0.03,0.999,64000,43,3.776468416666667,nan,False,2
4,0.03,0.999,64000,44,4.6016839619047625,nan,False,2
4,0.03,0.999,64000,45,4.023515471544716,nan,False,2
4,0.03,0.999,64000,46,4.423208963963963,nan,False,2
4,0.03,0.99,1000,42,3.1330023833333334,nan,False,0
4,0.03,0.99,1000,43,3.119721289617486,nan,False,0
4,0.03,0.99,1000,44,3.1375332021857925,nan,False,0
4,0.03,0.99,1000,45,3.112402382513661,nan,False,0
4,0.03,0.99,1000,46,3.137027661111111,nan,False,0
4,0.03,0.99,16000,42,6.016213746031745,nan,False,0
4,0.03,0.99,16000,43,6.042139238095238,nan,False,0
4,0.03,0.99,16000,44,6.085205,nan,False,0
4,0.03,0.99,16000,45,5.969063174603174,nan,False,0
4,0.03,0.99,16000,46,5.97902043939394,nan,False,0
4,0.03,0.99,4000,42,5.309323166666667,nan,False,0
4,0.03,0.99,4000,43,5.291843589743589,nan,False,0
4,0.03,0.99,4000,44,5.372764051282052,nan,False,0
4,0.03,0.99,4000,45,5.36595957142857,nan,False,0
4,0.03,0.99,4000,46,5.302620205128205,nan,False,0
4,0.03,0.99,64000,42,6.5408858589743595,nan,False,0
4,0.03,0.99,64000,43,6.635189666666667,nan,False,0
4,0.03,0.99,64000,44,6.624988974358974,nan,False,0
4,0.03,0.99,64000,45,6.675946839506174,nan,False,0
4,0.03,0.99,64000,46,6.637711123456791,nan,False,0
4,0.03,0.9,1000,42,3.109186278688525,nan,False,0
4,0.03,0.9,1000,43,3.1400099125683054,nan,False,0
4,0.03,0.9,1000,44,3.1304348055555553,nan,False,0
4,0.03,0.9,1000,45,3.093306661202186,nan,False,0
4,0.03,0.9,1000,46,3.1094264699453555,nan,False,0
4,0.03,0.9,16000,42,6.112141285714286,nan,False,0
4,0.03,0.9,16000,43,6.195024507936508,nan,False,0
4,0.03,0.9,16000,44,6.1446011999999985,nan,False,0
4,0.03,0.9,16000,45,6.1556279682539685,nan,False,0
4,0.03,0.9,16000,46,6.062309126984127,nan,False,0
4,0.03,0.9,4000,42,5.354518071428572,nan,False,0
4,0.03,0.9,4000,43,5.290800523809523,nan,False,0
4,0.03,0.9,4000,44,5.347312809523809,nan,False,0
4,0.03,0.9,4000,45,5.457244666666666,nan,False,0
4,0.03,0.9,4000,46,5.3257137142857145,nan,False,0
4,0.03,0.9,64000,42,6.771024243589744,nan,False,0
4,0.03,0.9,64000,43,6.773045717948718,nan,False,0
4,0.03,0.9,64000,44,6.849293602564103,nan,False,0
4,0.03,0.9,64000,45,6.766371093333333,nan,False,0
4,0.03,0.9,64000,46,6.767312423076924,nan,False,0
4,0.05,0.95,1000,42,3.1179255409836064,nan,False,0
4,0.05,0.95,1000,43,3.166176892655367,nan,False,0
4,0.05,0.95,1000,44,3.1330262722222213,nan,False,0
4,0.05,0.95,1000,45,3.1356077,nan,False,0
4,0.05,0.95,1000,46,3.1463927005649723,nan,False,0
4,0.05,0.95,16000,42,6.330154385964913,nan,False,0
4,0.05,0.95,16000,43,6.3672160877192985,nan,False,0
4,0.05,0.95,16000,44,6.380097719298246,nan,False,0
4,0.05,0.95,16000,45,6.359901083333332,nan,False,0
4,0.05,0.95,16000,46,6.306349983333334,nan,False,0
4,0.05,0.95,4000,42,5.4634748717948725,nan,False,0
4,0.05,0.95,4000,43,5.486691717948718,nan,False,0
4,0.05,0.95,4000,44,5.506195615384617,nan,False,0
4,0.05,0.95,4000,45,5.567265846153845,nan,False,0
4,0.05,0.95,4000,46,5.460545538461539,nan,False,0
4,0.05,0.95,64000,42,7.0936822463768126,nan,False,0
4,0.05,0.95,64000,43,7.153959188405798,nan,False,0
4,0.05,0.95,64000,44,7.3278715507246375,nan,False,0
4,0.05,0.95,64000,45,7.1484438260869565,nan,False,0
4,0.05,0.95,64000,46,7.141040304347826,nan,False,0
4,0.05,0.995,1000,42,3.191322281609195,nan,False,0
4,0.05,0.995,1000,43,3.22472474137931,nan,False,0
4,0.05,0.995,1000,44,3.2065764195402298,nan,False,0
4,0.05,0.995,1000,45,3.1653314611111107,nan,False,0
4,0.05,0.995,1000,46,3.173600298850575,nan,False,0
4,0.05,0.995,16000,42,6.478593280701754,nan,False,0
4,0.05,0.995,16000,43,6.509095543859649,nan,False,0
4,0.05,0.995,16000,44,6.503601175438597,nan,False,0
4,0.05,0.995,16000,45,6.433516981481482,nan,False,0
4,0.05,0.995,16000,46,6.410314807017545,nan,False,0
4,0.05,0.995,4000,42,5.633177194444445,nan,False,0
4,0.05,0.995,4000,43,5.6259115,nan,False,0
4,0.05,0.995,4000,44,5.669491727272727,nan,False,0
4,0.05,0.995,4000,45,5.712173818181818,nan,False,0
4,0.05,0.995,4000,46,5.61911375,nan,False,0
4,0.05,0.995,64000,42,7.247100289855072,nan,False,0
4,0.05,0.995,64000,43,7.206700969696971,nan,False,0
4,0.05,0.995,64000,44,7.438857545454545,nan,False,0
4,0.05,0.995,64000,45,7.360560303030303,nan,False,0
4,0.05,0.995,64000,46,7.28208049206349,nan,False,0
4,0.05,0.999,1000,42,3.0135394166666662,nan,False,2
4,0.05,0.999,1000,43,2.973522411111111,nan,False,2
4,0.05,0.999,1000,44,2.688897666666666,nan,False,2
4,0.05,0.999,1000,45,3.089394723163842,nan,False,2
4,0.05,0.999,1000,46,2.922613,nan,False,2
4,0.05,0.999,16000,42,6.273424355555556,nan,False,2
4,0.05,0.999,16000,43,6.884752944444444,nan,False,0
4,0.05,0.999,16000,44,5.612865980392157,nan,False,2
4,0.05,0.999,16000,45,4.9665242166666665,nan,False,2
4,0.05,0.999,16000,46,6.3856070476190485,nan,False,2
4,0.05,0.999,4000,42,5.1138918888888885,nan,False,2
4,0.05,0.999,4000,43,4.5994281388888885,nan,False,2
4,0.05,0.999,4000,44,4.66551606060606,nan,False,2
4,0.05,0.999,4000,45,4.364688769230769,nan,False,2
4,0.05,0.999,4000,46,5.242096296296296,nan,False,1
4,0.05,0.999,64000,42,7.6632549375,nan,False,1
4,0.05,0.999,64000,43,7.888743458333334,nan,False,0
4,0.05,0.999,64000,44,7.796585104166667,nan,False,0
4,0.05,0.999,64000,45,7.808194979166667,nan,False,0
4,0.05,0.999,64000,46,7.402788814814816,nan,False,2
4,0.05,0.99,1000,42,3.1682055632183914,nan,False,0
4,0.05,0.99,1000,43,3.200058862068966,nan,False,0
4,0.05,0.99,1000,44,3.169291011494253,nan,False,0
4,0.05,0.99,1000,45,3.210191827586207,nan,False,0
4,0.05,0.99,1000,46,3.1563795444444454,nan,False,0
4,0.05,0.99,16000,42,6.475871561403508,nan,False,0
4,0.05,0.99,16000,43,6.472746771929825,nan,False,0
4,0.05,0.99,16000,44,6.539325754385965,nan,False,0
4,0.05,0.99,16000,45,6.4814636666666665,nan,False,0
4,0.05,0.99,16000,46,6.366885596491228,nan,False,0
4,0.05,0.99,4000,42,5.6040155,nan,False,0
4,0.05,0.99,4000,43,5.539929472222222,nan,False,0
4,0.05,0.99,4000,44,5.656426527777778,nan,False,0
4,0.05,0.99,4000,45,5.726632944444444,nan,False,0
4,0.05,0.99,4000,46,5.613968055555556,nan,False,0
4,0.05,0.99,64000,42,7.201487855072464,nan,False,0
4,0.05,0.99,64000,43,7.266994797101449,nan,False,0
4,0.05,0.99,64000,44,7.31999331884058,nan,False,0
4,0.05,0.99,64000,45,7.259247015151516,nan,False,0
4,0.05,0.99,64000,46,7.265031115942031,nan,False,0
4,0.05,0.9,1000,42,3.10836818079096,nan,False,0
4,0.05,0.9,1000,43,3.117945474576272,nan,False,0
4,0.05,0.9,1000,44,3.138109453551913,nan,False,0
4,0.05,0.9,1000,45,3.120490830601093,nan,False,0
4,0.05,0.9,1000,46,4.461037444444444,nan,False,0
4,0.05,0.9,16000,42,6.423517333333334,nan,False,0
4,0.05,0.9,16000,43,6.442345052631579,nan,False,0
4,0.05,0.9,16000,44,6.538774947368421,nan,False,0
4,0.05,0.9,16000,45,6.441657421052632,nan,False,0
4,0.05,0.9,16000,46,6.348800385964913,nan,False,0
4,0.05,0.9,4000,42,5.48258858974359,nan,False,0
4,0.05,0.9,4000,43,5.4462584102564096,nan,False,0
4,0.05,0.9,4000,44,5.460932025641027,nan,False,0
4,0.05,0.9,4000,45,5.50062782051282,nan,False,0
4,0.05,0.9,4000,46,5.415607666666666,nan,False,0
4,0.05,0.9,64000,42,7.197030590909091,nan,False,0
4,0.05,0.9,64000,43,7.182904803030303,nan,False,0
4,0.05,0.9,64000,44,7.31012840909091,nan,False,0
4,0.05,0.9,64000,45,7.253046333333333,nan,False,0
4,0.05,0.9,64000,46,7.194710363636364,nan,False,0
4,0.064,0.95,1000,42,3.1586399830508465,nan,False,0
4,0.064,0.95,1000,43,3.170919038888889,nan,False,0
4,0.064,0.95,1000,44,3.1921635,nan,False,0
4,0.064,0.95,1000,45,3.1353084888888882,nan,False,0
4,0.064,0.95,1000,46,3.1015899943502827,nan,False,0
4,0.064,0.95,4000,42,5.520965564102563,nan,False,0
4,0.064,0.95,4000,43,5.550471944444445,nan,False,0
4,0.064,0.95,4000,44,5.5897850512820515,nan,False,0
4,0.064,0.95,4000,45,5.623778888888889,nan,False,0
4,0.064,0.95,4000,46,5.5467746410256416,nan,False,0
4,0.064,0.995,1000,42,3.180895298850575,nan,False,0
4,0.064,0.995,1000,43,3.1743393448275863,nan,False,0
4,0.064,0.995,1000,44,3.172137804597701,nan,False,0
4,0.064,0.995,1000,45,3.1424389265536727,nan,False,0
4,0.064,0.995,1000,46,3.15567833908046,nan,False,0
4,0.064,0.995,4000,42,5.645042696969697,nan,False,0
4,0.064,0.995,4000,43,5.64316725,nan,False,0
4,0.064,0.995,4000,44,5.643576222222222,nan,False,0
4,0.064,0.995,4000,45,5.7124823939393945,nan,False,0
4,0.064,0.995,4000,46,5.642076361111111,nan,False,0
4,0.064,0.999,1000,42,3.151931141242937,nan,False,0
4,0.064,0.999,1000,43,3.1220036892655365,nan,False,2
4,0.064,0.999,1000,44,3.2219102241379307,nan,False,0
4,0.064,0.999,1000,45,3.0579022937853106,nan,False,2
4,0.064,0.999,1000,46,3.1373113390804597,nan,False,0
4,0.064,0.999,4000,42,5.715170722222222,nan,False,0
4,0.064,0.999,4000,43,5.9591932666666665,nan,False,0
4,0.064,0.999,4000,44,3.622256647058823,nan,False,2
4,0.064,0.999,4000,45,5.246094952380952,nan,False,2
4,0.064,0.999,4000,46,5.723739222222222,nan,False,0
4,0.064,0.99,1000,42,3.1706567627118645,nan,False,0
4,0.064,0.99,1000,43,3.1906376436781616,nan,False,0
4,0.064,0.99,1000,44,3.195098022988506,nan,False,0
4,0.064,0.99,1000,45,3.180849379310345,nan,False,0
4,0.064,0.99,1000,46,3.179761988505747,nan,False,0
4,0.064,0.99,4000,42,5.676581121212122,nan,False,0
4,0.064,0.99,4000,43,5.675755121212121,nan,False,0
4,0.064,0.99,4000,44,5.697229606060605,nan,False,0
4,0.064,0.99,4000,45,5.80438503030303,nan,False,0
4,0.064,0.99,4000,46,5.609934,nan,False,0
4,0.064,0.9,1000,42,4.589464444444444,nan,False,0
4,0.064,0.9,1000,43,3.1424384180790965,nan,False,0
4,0.064,0.9,1000,44,3.1280182666666665,nan,False,0
4,0.064,0.9,1000,45,4.554193777777777,nan,False,0
4,0.064,0.9,1000,46,3.1031789071038247,nan,False,0
4,0.064,0.9,4000,42,5.518162871794872,nan,False,0
4,0.064,0.9,4000,43,5.495263307692308,nan,False,0
4,0.064,0.9,4000,44,5.590904692307693,nan,False,0
4,0.064,0.9,4000,45,5.593321051282052,nan,False,0
4,0.064,0.9,4000,46,5.55750175,nan,False,0
4,0.0,0.95,1000,42,2.246443297297297,nan,False,2
4,0.0,0.95,1000,43,2.3976805238095236,nan,False,2
4,0.0,0.95,1000,44,2.2428538918918917,nan,False,2
4,0.0,0.95,1000,45,2.2652754298245608,nan,False,2
4,0.0,0.95,1000,46,2.1656154188034185,nan,False,2
4,0.0,0.95,16000,42,3.1679289151515153,nan,False,2
4,0.0,0.95,16000,43,3.2125006121212114,nan,False,2
4,0.0,0.95,16000,44,3.163660218181818,nan,False,2
4,0.0,0.95,16000,45,3.180222272727273,nan,False,2
4,0.0,0.95,16000,46,3.083603927272728,nan,False,2
4,0.0,0.95,256000,42,3.207143541666667,nan,False,2
4,0.0,0.95,256000,43,3.2308745069444442,nan,False,2
4,0.0,0.95,256000,44,3.159649381944444,nan,False,2
4,0.0,0.95,256000,45,3.2320965069444445,nan,False,2
4,0.0,0.95,256000,46,3.2470350694444448,nan,False,2
4,0.0,0.95,4000,42,2.922307826666667,nan,False,2
4,0.0,0.95,4000,43,2.870368758169935,nan,False,2
4,0.0,0.95,4000,44,2.853894300653595,nan,False,2
4,0.0,0.95,4000,45,2.837149826923077,nan,False,2
4,0.0,0.95,4000,46,2.824775262820513,nan,False,2
4,0.0,0.95,64000,42,3.199664320512821,nan,False,2
4,0.0,0.95,64000,43,3.1912103397435905,nan,False,2
4,0.0,0.95,64000,44,3.2199066794871802,nan,False,2
4,0.0,0.95,64000,45,3.209297237179487,nan,False,2
4,0.0,0.95,64000,46,3.1897784551282053,nan,False,2
4,0.0,0.995,1000,42,1.4646566666666667,4.126004,True,2
4,0.0,0.995,1000,43,1.4126713333333332,4.73027,True,2
4,0.0,0.995,1000,44,1.4140803333333334,4.532889,True,2
4,0.0,0.995,1000,45,1.5781719999999997,4.258308,True,2
4,0.0,0.995,1000,46,1.8718505809523809,nan,False,2
4,0.0,0.995,16000,42,1.566206,4.330461,True,2
4,0.0,0.995,16000,43,1.5686296666666666,4.161405,True,2
4,0.0,0.995,16000,44,1.5822969999999998,4.327407,True,2
4,0.0,0.995,16000,45,1.5486526666666667,4.343097,True,2
4,0.0,0.995,16000,46,1.5593283333333332,4.343406,True,2
4,0.0,0.995,256000,42,1.610913,4.388652,True,2
4,0.0,0.995,256000,43,1.5891529999999998,4.390126,True,2
4,0.0,0.995,256000,44,1.5991799999999998,4.386353,True,2
4,0.0,0.995,256000,45,1.5893636666666666,4.253148,True,2
4,0.0,0.995,256000,46,1.595045,4.386096,True,2
4,0.0,0.995,4000,42,1.5841723333333333,4.704393,True,2
4,0.0,0.995,4000,43,1.5904933333333335,4.173477,True,2
4,0.0,0.995,4000,44,1.5079263333333335,4.322549,True,2
4,0.0,0.995,4000,45,1.5967943333333334,4.04675,True,2
4,0.0,0.995,4000,46,1.6121513333333333,4.332643,True,2
4,0.0,0.995,64000,42,1.5726966666666666,4.264806,True,2
4,0.0,0.995,64000,43,1.570898,4.462239,True,2
4,0.0,0.995,64000,44,1.5722726666666667,4.26897,True,2
4,0.0,0.995,64000,45,1.5725566666666666,4.267815,True,2
4,0.0,0.995,64000,46,1.5895336666666664,4.276886,True,2
4,0.0,0.999,1000,42,1.6119786363636364,nan,False,2
4,0.0,0.999,1000,43,1.09883575,nan,False,2
4,0.0,0.999,1000,44,1.7781850849673204,nan,False,2
4,0.0,0.999,1000,45,1.547024304347826,nan,False,2
4,0.0,0.999,1000,46,0.8191188686868687,nan,False,2
4,0.0,0.999,16000,42,1.0210562968749999,nan,False,4
4,0.0,0.999,16000,43,1.0357576614583333,nan,False,2
4,0.0,0.999,16000,44,0.9424723333333334,8.024457,True,2
4,0.0,0.999,16000,45,1.00702588172043,nan,False,2
4,0.0,0.999,16000,46,0.8354500000000001,4.505356,True,3
4,0.0,0.999,256000,42,0.9468126666666667,7.264496,True,2
4,0.0,0.999,256000,43,0.946335,7.343786,True,2
4,0.0,0.999,256000,44,0.9467533333333332,8.505519,True,4
4,0.0,0.999,256000,45,0.939616,7.729758,True,4
4,0.0,0.999,256000,46,0.9580056666666668,7.315224,True,2
4,0.0,0.999,4000,42,0.9516311092896176,nan,False,2
4,0.0,0.999,4000,43,1.1635146049382714,nan,False,2
4,0.0,0.999,4000,44,0.9019447901234569,nan,False,2
4,0.0,0.999,4000,45,0.9953305308641975,nan,False,2
4,0.0,0.999,4000,46,0.9205631730769231,nan,False,2
4,0.0,0.999,64000,42,0.9462923333333334,7.014541,True,2
4,0.0,0.999,64000,43,1.0190286388888887,nan,False,2
4,0.0,0.999,64000,44,0.9135976666666666,6.555533,True,4
4,0.0,0.999,64000,45,0.9144216666666667,7.712622,True,2
4,0.0,0.999,64000,46,0.9120153333333333,8.746844,True,2
4,0.0,0.99,1000,42,1.6381530000000002,3.383011,True,2
4,0.0,0.99,1000,43,2.1378690689655175,nan,False,2
4,0.0,0.99,1000,44,2.2193033461538465,nan,False,2
4,0.0,0.99,1000,45,1.6896276666666667,3.460761,True,2
4,0.0,0.99,1000,46,1.7765423333333334,3.458522,True,2
4,0.0,0.99,16000,42,2.819660072727273,nan,False,2
4,0.0,0.99,16000,43,2.824858005952381,nan,False,2
4,0.0,0.99,16000,44,2.8174557878787874,nan,False,2
4,0.0,0.99,16000,45,2.730089952380952,nan,False,2
4,0.0,0.99,16000,46,2.7665867023809523,nan,False,2
4,0.0,0.99,256000,42,2.807897986394558,nan,False,2
4,0.0,0.99,256000,43,2.7948300952380953,nan,False,2
4,0.0,0.99,256000,44,2.77729831292517,nan,False,2
4,0.0,0.99,256000,45,2.8189729863945576,nan,False,2
4,0.0,0.99,256000,46,2.821062278911565,nan,False,2
4,0.0,0.99,4000,42,2.6234683266666665,nan,False,2
4,0.0,0.99,4000,43,2.518595384615385,nan,False,2
4,0.0,0.99,4000,44,1.8544946666666666,3.373726,True,2
4,0.0,0.99,4000,45,2.536977562091504,nan,False,2
4,0.0,0.99,4000,46,2.49504558490566,nan,False,2
4,0.0,0.99,64000,42,2.745690769230769,nan,False,2
4,0.0,0.99,64000,43,2.7431327243589743,nan,False,2
4,0.0,0.99,64000,44,2.7882388717948716,nan,False,2
4,0.0,0.99,64000,45,2.783456705128205,nan,False,2
4,0.0,0.99,64000,46,2.7694454615384623,nan,False,2
4,0.0,0.9,1000,42,2.736056146666666,nan,False,2
4,0.0,0.9,1000,43,2.626520777777777,nan,False,2
4,0.0,0.9,1000,44,2.849989196969697,nan,False,2
4,0.0,0.9,1000,45,2.7642832,nan,False,2
4,0.0,0.9,1000,46,2.8922126811594207,nan,False,2
4,0.0,0.9,16000,42,4.044146444444444,nan,False,2
4,0.0,0.9,16000,43,4.015509086956522,nan,False,2
4,0.0,0.9,16000,44,4.030919622222221,nan,False,2
4,0.0,0.9,16000,45,4.066013666666667,nan,False,2
4,0.0,0.9,16000,46,3.907316430555556,nan,False,2
4,0.0,0.9,256000,42,4.53958634751773,nan,False,2
4,0.0,0.9,256000,43,4.534556510638298,nan,False,2
4,0.0,0.9,256000,44,4.49069759574468,nan,False,2
4,0.0,0.9,256000,45,4.558119531914893,nan,False,2
4,0.0,0.9,256000,46,4.566050134751774,nan,False,2
4,0.0,0.9,4000,42,3.4478375526315794,nan,False,2
4,0.0,0.9,4000,43,3.319536333333333,nan,False,2
4,0.0,0.9,4000,44,3.5072527657657657,nan,False,2
4,0.0,0.9,4000,45,3.5545891261261264,nan,False,2
4,0.0,0.9,4000,46,3.500743873873873,nan,False,2
4,0.0,0.9,64000,42,4.490215620915032,nan,False,2
4,0.0,0.9,64000,43,4.4886772948717955,nan,False,2
4,0.0,0.9,64000,44,4.55099558,nan,False,2
4,0.0,0.9,64000,45,4.48466128,nan,False,2
4,0.0,0.9,64000,46,4.4345665228758175,nan,False,2
5,0.001,0.95,1000,42,2.586587729166667,nan,False,2
5,0.001,0.95,1000,43,2.8564762564102564,nan,False,2
5,0.001,0.95,1000,44,2.8795901025641024,nan,False,2
5,0.001,0.95,1000,45,2.6948209583333336,nan,False,2
5,0.001,0.95,1000,46,2.88588503030303,nan,False,2
5,0.001,0.95,16000,42,3.8197144471544715,nan,False,2
5,0.001,0.95,16000,43,3.988221957264957,nan,False,2
5,0.001,0.95,16000,44,3.9740034333333334,nan,False,2
5,0.001,0.95,16000,45,3.913886943089431,nan,False,2
5,0.001,0.95,16000,46,3.8886321333333336,nan,False,2
5,0.001,0.95,4000,42,3.4940042962962963,nan,False,2
5,0.001,0.95,4000,43,3.2939257634408596,nan,False,2
5,0.001,0.95,4000,44,3.395171611111111,nan,False,2
5,0.001,0.95,4000,45,3.3996507956989253,nan,False,2
5,0.001,0.95,4000,46,3.3609385268817205,nan,False,2
5,0.001,0.995,1000,42,1.136792,3.351873,True,2
5,0.001,0.995,1000,43,1.2715243333333335,3.25772,True,2
5,0.001,0.995,1000,44,1.2579326666666668,3.475019,True,2
5,0.001,0.995,1000,45,1.1267319999999998,3.33339,True,2
5,0.001,0.995,1000,46,1.0425716666666667,3.616745,True,2
5,0.001,0.995,16000,42,1.177205,3.543446,True,2
5,0.001,0.995,16000,43,1.2364626666666667,3.26134,True,2
5,0.001,0.995,16000,44,1.1997419999999999,3.406673,True,2
5,0.001,0.995,16000,45,1.249752,3.259307,True,2
5,0.001,0.995,16000,46,1.1992276666666666,3.263032,True,2
5,0.001,0.995,4000,42,1.2452686666666668,3.205048,True,2
5,0.001,0.995,4000,43,1.2012766666666668,3.234937,True,2
5,0.001,0.995,4000,44,1.1950836666666669,3.453376,True,2
5,0.001,0.995,4000,45,1.154598,3.452314,True,2
5,0.001,0.995,4000,46,1.1838016666666666,3.480717,True,2
5,0.001,0.999,1000,42,0.9417360740740741,nan,False,2
5,0.001,0.999,1000,43,0.9173144583333332,nan,False,2
5,0.001,0.999,1000,44,1.0120739047619047,nan,False,2
5,0.001,0.999,1000,45,2.6234610546448094,nan,False,2
5,0.001,0.999,1000,46,0.963707403508772,nan,False,2
5,0.001,0.999,16000,42,1.1876693333333332,4.754639,True,2
5,0.001,0.999,16000,43,1.1944656666666666,4.611234,True,2
5,0.001,0.999,16000,44,1.1914296666666668,4.474518,True,2
5,0.001,0.999,16000,45,1.2148993333333333,4.937785,True,2
5,0.001,0.999,16000,46,1.2184706666666667,4.882976,True,2
5,0.001,0.999,4000,42,0.9278043333333333,4.611856,True,2
5,0.001,0.999,4000,43,0.930999,5.201959,True,2
5,0.001,0.999,4000,44,1.0375323333333333,4.908574,True,2
5,0.001,0.999,4000,45,1.0688849999999999,4.272051,True,2
5,0.001,0.999,4000,46,1.0528866666666665,4.601672,True,2
5,0.001,0.99,1000,42,1.1018506666666668,2.84032,True,2
5,0.001,0.99,1000,43,1.2268996666666667,2.783618,True,2
5,0.001,0.99,1000,44,1.215037,2.795973,True,2
5,0.001,0.99,1000,45,1.3589779999999998,2.829555,True,2
5,0.001,0.99,1000,46,1.327266,2.831252,True,2
5,0.001,0.99,16000,42,1.3363646666666666,2.766719,True,2
5,0.001,0.99,16000,43,1.3224143333333334,2.658787,True,2
5,0.001,0.99,16000,44,1.3094106666666667,2.807912,True,2
5,0.001,0.99,16000,45,1.3743023333333333,2.777288,True,2
5,0.001,0.99,16000,46,1.343746,2.771471,True,2
5,0.001,0.99,4000,42,1.264222,2.783819,True,2
5,0.001,0.99,4000,43,1.4302193333333335,2.661674,True,2
5,0.001,0.99,4000,44,1.3327463333333334,2.782285,True,2
5,0.001,0.99,4000,45,1.3102486666666666,2.655713,True,2
5,0.001,0.99,4000,46,1.3532546666666665,2.879779,True,2
5,0.001,0.9,1000,42,3.5442774444444445,nan,False,0
5,0.001,0.9,1000,43,3.3870521111111107,nan,False,2
5,0.001,0.9,1000,44,2.778004497512438,nan,False,0
5,0.001,0.9,1000,45,3.466296466666667,nan,False,0
5,0.001,0.9,1000,46,3.4524394999999997,nan,False,0
5,0.001,0.9,16000,42,4.945972493827161,nan,False,0
5,0.001,0.9,16000,43,4.968112641975308,nan,False,0
5,0.001,0.9,16000,44,4.9017368333333335,nan,False,0
5,0.001,0.9,16000,45,4.974383384615384,nan,False,0
5,0.001,0.9,16000,46,4.964641407407407,nan,False,0
5,0.001,0.9,4000,42,4.320581444444445,nan,False,0
5,0.001,0.9,4000,43,4.144469299999999,nan,False,0
5,0.001,0.9,4000,44,4.289849314814815,nan,False,0
5,0.001,0.9,4000,45,4.391038296296297,nan,False,0
5,0.001,0.9,4000,46,4.207293719298246,nan,False,0
5,0.004,0.95,1000,42,2.456671222222222,nan,False,2
5,0.004,0.95,1000,43,2.784011880952381,nan,False,2
5,0.004,0.95,1000,44,2.7729673809523807,nan,False,2
5,0.004,0.95,1000,45,2.7149260222222225,nan,False,2
5,0.004,0.95,1000,46,2.899558757575758,nan,False,2
5,0.004,0.95,16000,42,3.98521,nan,False,2
5,0.004,0.95,16000,43,3.9114477398373984,nan,False,2
5,0.004,0.95,16000,44,4.029284791666667,nan,False,2
5,0.004,0.95,16000,45,3.9885351166666667,nan,False,2
5,0.004,0.95,16000,46,3.971261068376068,nan,False,2
5,0.004,0.95,4000,42,3.4877042333333326,nan,False,2
5,0.004,0.95,4000,43,3.3846776989247314,nan,False,2
5,0.004,0.95,4000,44,3.2470759791666666,nan,False,2
5,0.004,0.95,4000,45,3.3819831505376343,nan,False,2
5,0.004,0.95,4000,46,3.355733433333334,nan,False,2
5,0.004,0.995,1000,42,1.3205376666666666,2.982101,True,2
5,0.004,0.995,1000,43,1.2512786666666667,3.379705,True,2
5,0.004,0.995,1000,44,1.1132036666666665,3.375456,True,2
5,0.004,0.995,1000,45,1.022131,3.30801,True,2
5,0.004,0.995,1000,46,1.3140543333333332,3.358342,True,2
5,0.004,0.995,16000,42,1.162876,3.396239,True,2
5,0.004,0.995,16000,43,1.2086406666666667,3.383371,True,2
5,0.004,0.995,16000,44,1.1427576666666666,3.517956,True,2
5,0.004,0.995,16000,45,1.182849,3.257157,True,2
5,0.004,0.995,16000,46,1.2394533333333333,3.257553,True,2
5,0.004,0.995,4000,42,1.1915593333333334,3.582948,True,2
5,0.004,0.995,4000,43,1.1800176666666669,3.352331,True,2
5,0.004,0.995,4000,44,1.1635443333333333,3.338639,True,2
5,0.004,0.995,4000,45,1.1530536666666666,3.232356,True,2
5,0.004,0.995,4000,46,1.1600013333333334,3.481758,True,2
5,0.004,0.999,1000,42,2.361289216666667,nan,False,2
5,0.004,0.999,1000,43,0.9109893529411764,nan,False,2
5,0.004,0.999,1000,44,1.1675765624999999,nan,False,2
5,0.004,0.999,1000,45,0.9936391851851852,nan,False,2
5,0.004,0.999,1000,46,0.8823628888888889,nan,False,2
5,0.004,0.999,16000,42,1.1050663333333333,4.679969,True,2
5,0.004,0.999,16000,43,1.1773933333333335,4.687087,True,2
5,0.004,0.999,16000,44,1.116283,4.567365,True,2
5,0.004,0.999,16000,45,1.2728673333333334,4.708573,True,2
5,0.004,0.999,16000,46,1.2535656666666666,4.513648,True,2
5,0.004,0.999,4000,42,0.8509196666666666,4.798973,True,2
5,0.004,0.999,4000,43,0.993181,4.461722,True,2
5,0.004,0.999,4000,44,0.9906143333333333,5.152802,True,2
5,0.004,0.999,4000,45,1.0380080000000003,4.301915,True,2
5,0.004,0.999,4000,46,1.0674626666666667,4.623821,True,2
5,0.004,0.99,1000,42,1.3201043333333333,2.737174,True,2
5,0.004,0.99,1000,43,1.3677633333333332,2.810728,True,2
5,0.004,0.99,1000,44,1.3521770000000002,2.624341,True,2
5,0.004,0.99,1000,45,1.3432526666666667,2.924842,True,2
5,0.004,0.99,1000,46,1.3514616666666666,2.71763,True,2
5,0.004,0.99,16000,42,1.360006,2.80299,True,2
5,0.004,0.99,16000,43,1.3589046666666666,2.772337,True,2
5,0.004,0.99,16000,44,1.4076656666666667,2.66315,True,2
5,0.004,0.99,16000,45,1.4118713333333333,2.771198,True,2
5,0.004,0.99,16000,46,1.417715,2.658007,True,2
5,0.004,0.99,4000,42,1.3563349999999998,2.770709,True,2
5,0.004,0.99,4000,43,1.3124840000000002,2.986915,True,2
5,0.004,0.99,4000,44,1.4092073333333335,2.553757,True,2
5,0.004,0.99,4000,45,1.3214810000000001,2.875701,True,2
5,0.004,0.99,4000,46,1.3798129999999997,2.777477,True,2
5,0.004,0.9,1000,42,3.5442774444444445,nan,False,0
5,0.004,0.9,1000,43,3.3870521111111107,nan,False,2
5,0.004,0.9,1000,44,2.7810621293532334,nan,False,0
5,0.004,0.9,1000,45,3.466296466666667,nan,False,0
5,0.004,0.9,1000,46,3.4524394999999997,nan,False,0
5,0.004,0.9,16000,42,4.982162654320988,nan,False,0
5,0.004,0.9,16000,43,4.984467938271605,nan,False,0
5,0.004,0.9,16000,44,4.9001989166666675,nan,False,0
5,0.004,0.9,16000,45,4.980829814814816,nan,False,0
5,0.004,0.9,16000,46,4.964368061728395,nan,False,0
5,0.004,0.9,4000,42,4.320581444444445,nan,False,0
5,0.004,0.9,4000,43,4.144649716666667,nan,False,0
5,0.004,0.9,4000,44,4.29233587037037,nan,False,0
5,0.004,0.9,4000,45,4.373817407407408,nan,False,0
5,0.004,0.9,4000,46,4.207293719298246,nan,False,0
5,0.005,0.95,1000,42,2.6954012888888887,nan,False,2
5,0.005,0.95,1000,43,2.8213003333333333,nan,False,2
5,0.005,0.95,1000,44,2.8773779487179496,nan,False,2
5,0.005,0.95,1000,45,2.7445377777777775,nan,False,2
5,0.005,0.95,1000,46,2.753159047619048,nan,False,2
5,0.005,0.95,16000,42,3.8933192999999995,nan,False,2
5,0.005,0.95,16000,43,4.038889333333333,nan,False,2
5,0.005,0.95,16000,44,3.9498014749999997,nan,False,2
5,0.005,0.95,16000,45,4.078313245614035,nan,False,2
5,0.005,0.95,16000,46,3.8591458780487806,nan,False,2
5,0.005,0.95,256000,42,4.661616943262411,nan,False,2
5,0.005,0.95,256000,43,4.698323659574468,nan,False,2
5,0.005,0.95,256000,44,4.6788807021276595,nan,False,4
5,0.005,0.95,256000,45,4.632251063829787,nan,False,4
5,0.005,0.95,256000,46,4.68856135460993,nan,False,3
5,0.005,0.95,4000,42,3.447854940476191,nan,False,2
5,0.005,0.95,4000,43,3.3782934827586213,nan,False,2
5,0.005,0.95,4000,44,3.2626395208333334,nan,False,2
5,0.005,0.95,4000,45,3.437261044444445,nan,False,2
5,0.005,0.95,4000,46,3.3661148387096773,nan,False,2
5,0.005,0.95,64000,42,4.362969503546099,nan,False,2
5,0.005,0.95,64000,43,4.446333507246378,nan,False,2
5,0.005,0.95,64000,44,4.44444995652174,nan,False,2
5,0.005,0.95,64000,45,4.422602326241134,nan,False,4
5,0.005,0.95,64000,46,4.486855862318841,nan,False,2
5,0.005,0.995,1000,42,1.2851763333333335,3.120499,True,2
5,0.005,0.995,1000,43,1.4039300000000001,3.317993,True,2
5,0.005,0.995,1000,44,1.1873873333333334,3.616755,True,2
5,0.005,0.995,1000,45,1.2979076666666667,3.607391,True,2
5,0.005,0.995,1000,46,1.0372206666666666,3.25772,True,2
5,0.005,0.995,16000,42,1.255968,3.412856,True,2
5,0.005,0.995,16000,43,1.2828326666666667,3.397251,True,2
5,0.005,0.995,16000,44,1.2726179999999998,3.409975,True,2
5,0.005,0.995,16000,45,1.286608,3.397727,True,2
5,0.005,0.995,16000,46,1.2719326666666666,3.407086,True,2
5,0.005,0.995,256000,42,1.283754,3.363625,True,2
5,0.005,0.995,256000,43,1.2800463333333332,3.47748,True,2
5,0.005,0.995,256000,44,1.2667899999999999,3.479135,True,2
5,0.005,0.995,256000,45,1.2722363333333335,3.476403,True,2
5,0.005,0.995,256000,46,1.2842336666666667,3.363242,True,2
5,0.005,0.995,4000,42,1.3074123333333334,3.239384,True,2
5,0.005,0.995,4000,43,1.2245446666666666,3.587691,True,2
5,0.005,0.995,4000,44,1.2017613333333335,3.617746,True,2
5,0.005,0.995,4000,45,1.262035,3.349107,True,2
5,0.005,0.995,4000,46,1.2453913333333333,3.488247,True,2
5,0.005,0.995,64000,42,1.2714646666666667,3.437499,True,2
5,0.005,0.995,64000,43,1.2802066666666667,3.431923,True,2
5,0.005,0.995,64000,44,1.2618133333333332,3.43964,True,2
5,0.005,0.995,64000,45,1.2537486666666666,3.439346,True,2
5,0.005,0.995,64000,46,1.2813143333333332,3.435984,True,2
5,0.005,0.999,1000,42,1.001296888888889,nan,False,2
5,0.005,0.999,1000,43,2.6263283283582086,nan,False,2
5,0.005,0.999,1000,44,1.001163212121212,nan,False,2
5,0.005,0.999,1000,45,2.4850862285714292,nan,False,2
5,0.005,0.999,1000,46,0.9536482666666666,nan,False,2
5,0.005,0.999,16000,42,1.2913526666666666,4.661218,True,2
5,0.005,0.999,16000,43,1.183346,4.83447,True,2
5,0.005,0.999,16000,44,1.2572436666666666,4.635457,True,2
5,0.005,0.999,16000,45,1.1765153333333334,4.784201,True,2
5,0.005,0.999,16000,46,1.2952886666666668,4.834371,True,2
5,0.005,0.999,256000,42,2.3970606666666665,8.253124,True,2
5,0.005,0.999,256000,43,2.2469623333333337,8.256041,True,2
5,0.005,0.999,256000,44,2.191364,9.081206,True,2
5,0.005,0.999,256000,45,2.2891196666666667,9.083712,True,2
5,0.005,0.999,256000,46,2.4602516666666667,8.072103,True,2
5,0.005,0.999,4000,42,1.0197479999999999,4.746556,True,2
5,0.005,0.999,4000,43,1.024958,4.92121,True,2
5,0.005,0.999,4000,44,1.0793583333333332,4.611097,True,2
5,0.005,0.999,4000,45,0.9653276666666666,4.449048,True,2
5,0.005,0.999,4000,46,0.9183713333333333,4.411525,True,2
5,0.005,0.999,64000,42,1.9473296666666666,5.240385,True,4
5,0.005,0.999,64000,43,2.2226773333333334,6.179088,True,2
5,0.005,0.999,64000,44,1.8397336666666668,5.239403,True,2
5,0.005,0.999,64000,45,1.6007256666666665,4.972303,True,2
5,0.005,0.999,64000,46,1.9117276666666667,5.137933,True,2
5,0.005,0.99,1000,42,1.2859586666666667,2.633712,True,2
5,0.005,0.99,1000,43,1.417224,2.93728,True,2
5,0.005,0.99,1000,44,1.2150753333333333,2.942573,True,2
5,0.005,0.99,1000,45,1.4462446666666668,3.019354,True,2
5,0.005,0.99,1000,46,1.326613,2.630597,True,2
5,0.005,0.99,16000,42,1.4509680000000003,2.779234,True,2
5,0.005,0.99,16000,43,1.462303666666667,2.78077,True,2
5,0.005,0.99,16000,44,1.4788583333333332,2.775429,True,2
5,0.005,0.99,16000,45,1.479961,2.775429,True,2
5,0.005,0.99,16000,46,1.4316283333333333,2.7762,True,2
5,0.005,0.99,256000,42,1.4456286666666667,2.786683,True,2
5,0.005,0.99,256000,43,1.4563916666666668,2.753277,True,2
5,0.005,0.99,256000,44,1.4569926666666666,2.753563,True,2
5,0.005,0.99,256000,45,1.4594683333333336,2.786333,True,2
5,0.005,0.99,256000,46,1.46871,2.787918,True,2
5,0.005,0.99,4000,42,1.470254333333333,2.885057,True,2
5,0.005,0.99,4000,43,1.4124736666666664,2.769932,True,2
5,0.005,0.99,4000,44,1.5885836666666666,2.569674,True,2
5,0.005,0.99,4000,45,1.454705,2.776513,True,2
5,0.005,0.99,4000,46,1.488870666666667,2.764677,True,2
5,0.005,0.99,64000,42,1.4445709999999998,2.793028,True,2
5,0.005,0.99,64000,43,1.4790283333333332,2.76476,True,2
5,0.005,0.99,64000,44,1.4879,2.764917,True,2
5,0.005,0.99,64000,45,1.4460053333333331,2.762705,True,2
5,0.005,0.99,64000,46,1.4557546666666668,2.760657,True,2
5,0.005,0.9,1000,42,2.748878585858586,nan,False,0
5,0.005,0.9,1000,43,3.424652733333333,nan,False,0
5,0.005,0.9,1000,44,2.786688756218905,nan,False,0
5,0.005,0.9,1000,45,3.4961650833333335,nan,False,0
5,0.005,0.9,1000,46,3.4884845555555555,nan,False,0
5,0.005,0.9,16000,42,4.947163382716049,nan,False,0
5,0.005,0.9,16000,43,4.919784925925926,nan,False,0
5,0.005,0.9,16000,44,4.962825888888888,nan,False,0
5,0.005,0.9,16000,45,4.893214987654321,nan,False,0
5,0.005,0.9,16000,46,4.916369703703704,nan,False,0
5,0.005,0.9,256000,42,6.014329828828829,nan,False,0
5,0.005,0.9,256000,43,5.953701189189189,nan,False,0
5,0.005,0.9,256000,44,6.076059018518519,nan,False,0
5,0.005,0.9,256000,45,6.0657858108108105,nan,False,0
5,0.005,0.9,256000,46,6.092414333333333,nan,False,0
5,0.005,0.9,4000,42,4.187390438596491,nan,False,0
5,0.005,0.9,4000,43,4.335268372549019,nan,False,0
5,0.005,0.9,4000,44,4.14600552631579,nan,False,0
5,0.005,0.9,4000,45,4.3322928888888885,nan,False,0
5,0.005,0.9,4000,46,4.193828561403509,nan,False,0
5,0.005,0.9,64000,42,5.481012656565656,nan,False,0
5,0.005,0.9,64000,43,5.499155626262627,nan,False,0
5,0.005,0.9,64000,44,5.557214864583333,nan,False,0
5,0.005,0.9,64000,45,5.548789434343435,nan,False,0
5,0.005,0.9,64000,46,5.5364569090909095,nan,False,0
5,0.015,0.95,1000,42,3.3053482923976607,nan,False,0
5,0.015,0.95,1000,43,3.277767204678363,nan,False,0
5,0.015,0.95,1000,44,3.3203863035714285,nan,False,0
5,0.015,0.95,1000,45,3.314340720238095,nan,False,0
5,0.015,0.95,1000,46,3.2979768035714287,nan,False,0
5,0.015,0.95,16000,42,6.418624948717949,nan,False,0
5,0.015,0.95,16000,43,6.441256743589744,nan,False,0
5,0.015,0.95,16000,44,6.491083923076923,nan,False,0
5,0.015,0.95,16000,45,6.381138564102565,nan,False,0
5,0.015,0.95,16000,46,6.332732307692307,nan,False,0
5,0.015,0.95,256000,42,8.540500803921569,nan,False,0
5,0.015,0.95,256000,43,8.506680078431373,nan,False,0
5,0.015,0.95,256000,44,8.523003078431373,nan,False,0
5,0.015,0.95,256000,45,8.564218137254903,nan,False,0
5,0.015,0.95,256000,46,8.542197372549019,nan,False,0
5,0.015,0.95,4000,42,5.4751354999999995,nan,False,0
5,0.015,0.95,4000,43,5.492129666666666,nan,False,0
5,0.015,0.95,4000,44,5.5157507500000005,nan,False,0
5,0.015,0.95,4000,45,5.5753580000000005,nan,False,0
5,0.015,0.95,4000,46,5.450518166666667,nan,False,0
5,0.015,0.95,64000,42,7.205366039215686,nan,False,0
5,0.015,0.95,64000,43,7.1479251296296304,nan,False,0
5,0.015,0.95,64000,44,7.303692166666668,nan,False,0
5,0.015,0.95,64000,45,7.047978092592592,nan,False,0
5,0.015,0.95,64000,46,7.04427587037037,nan,False,0
5,0.015,0.995,1000,42,2.773908284313726,nan,False,2
5,0.015,0.995,1000,43,2.3490328333333337,nan,False,2
5,0.015,0.995,1000,44,2.8857066717948716,nan,False,2
5,0.015,0.995,1000,45,2.406926,nan,False,2
5,0.015,0.995,1000,46,2.9510303915343914,nan,False,2
5,0.015,0.995,16000,42,2.717427333333333,3.583555,True,2
5,0.015,0.995,16000,43,2.665588,3.299156,True,2
5,0.015,0.995,16000,44,2.644318333333333,3.438263,True,2
5,0.015,0.995,16000,45,3.425937114035088,nan,False,2
5,0.015,0.995,16000,46,2.7572346666666667,3.440218,True,2
5,0.015,0.995,256000,42,2.753034,3.345832,True,3
5,0.015,0.995,256000,43,2.7465843333333333,3.345902,True,4
5,0.015,0.995,256000,44,2.706654,3.508907,True,2
5,0.015,0.995,256000,45,2.739357,3.509476,True,4
5,0.015,0.995,256000,46,2.749826666666667,3.345529,True,2
5,0.015,0.995,4000,42,2.603288,3.657062,True,2
5,0.015,0.995,4000,43,2.8247213333333336,nan,False,2
5,0.015,0.995,4000,44,3.0598742878787877,nan,False,2
5,0.015,0.995,4000,45,2.5739943333333333,3.658391,True,2
5,0.015,0.995,4000,46,2.5251133333333335,3.520247,True,2
5,0.015,0.995,64000,42,2.684801,3.47159,True,4
5,0.015,0.995,64000,43,2.699583666666667,3.472854,True,4
5,0.015,0.995,64000,44,2.72508,3.363193,True,2
5,0.015,0.995,64000,45,2.7686793333333335,3.318969,True,2
5,0.015,0.995,64000,46,2.6842916666666667,3.472921,True,4
5,0.015,0.999,1000,42,0.8268045303030302,nan,False,2
5,0.015,0.999,1000,43,0.9116505416666666,nan,False,2
5,0.015,0.999,1000,44,0.7943741884057971,nan,False,2
5,0.015,0.999,1000,45,0.9736182352941176,nan,False,2
5,0.015,0.999,1000,46,0.8140389305555554,nan,False,2
5,0.015,0.999,16000,42,1.4239810000000002,4.996134,True,2
5,0.015,0.999,16000,43,1.1820686666666667,4.734826,True,2
5,0.015,0.999,16000,44,1.4047263333333333,4.992099,True,2
5,0.015,0.999,16000,45,1.3084243333333332,4.972499,True,2
5,0.015,0.999,16000,46,1.3416276666666667,4.956721,True,2
5,0.015,0.999,256000,42,2.4063653333333335,9.350555,True,2
5,0.015,0.999,256000,43,2.227791,9.349315,True,2
5,0.015,0.999,256000,44,2.243774,9.817084,True,2
5,0.015,0.999,256000,45,2.4228509999999996,10.2986,True,2
5,0.015,0.999,256000,46,2.3005619999999998,9.351118,True,2
5,0.015,0.999,4000,42,1.0419833333333335,4.370546,True,2
5,0.015,0.999,4000,43,1.0898356666666666,4.687397,True,2
5,0.015,0.999,4000,44,1.000503,4.71154,True,2
5,0.015,0.999,4000,45,1.2232503333333333,4.868792,True,2
5,0.015,0.999,4000,46,0.9344083333333334,5.106334,True,2
5,0.015,0.999,64000,42,1.8621656666666666,5.22649,True,2
5,0.015,0.999,64000,43,2.5815364705882358,nan,False,4
5,0.015,0.999,64000,44,2.353000333333333,6.910454,True,2
5,0.015,0.999,64000,45,1.961844,5.746112,True,2
5,0.015,0.999,64000,46,1.8299193333333335,5.477828,True,2
5,0.015,0.99,1000,42,3.1919150632183904,nan,False,0
5,0.015,0.99,1000,43,3.0741256111111115,nan,False,2
5,0.015,0.99,1000,44,3.1493900056497175,nan,False,0
5,0.015,0.99,1000,45,3.179228214689266,nan,False,2
5,0.015,0.99,1000,46,3.1718705988700564,nan,False,2
5,0.015,0.99,16000,42,4.70599396969697,nan,False,0
5,0.015,0.99,16000,43,4.5643225,nan,False,0
5,0.015,0.99,16000,44,4.615933376811594,nan,False,0
5,0.015,0.99,16000,45,4.6388451449275365,nan,False,0
5,0.015,0.99,16000,46,4.620819579710145,nan,False,0
5,0.015,0.99,256000,42,5.494404585585585,nan,False,2
5,0.015,0.99,256000,43,5.353531412280703,nan,False,2
5,0.015,0.99,256000,44,5.431324927927928,nan,False,2
5,0.015,0.99,256000,45,5.555690279279279,nan,False,2
5,0.015,0.99,256000,46,5.440552271929825,nan,False,2
5,0.015,0.99,4000,42,4.018461030303031,nan,False,0
5,0.015,0.99,4000,43,4.0701881515151515,nan,False,0
5,0.015,0.99,4000,44,4.3248584,nan,False,0
5,0.015,0.99,4000,45,4.149416,nan,False,0
5,0.015,0.99,4000,46,4.267973266666667,nan,False,0
5,0.015,0.99,64000,42,5.048043978494624,nan,False,0
5,0.015,0.99,64000,43,5.037103247311828,nan,False,0
5,0.015,0.99,64000,44,5.190428559139786,nan,False,0
5,0.015,0.99,64000,45,5.027511892473117,nan,False,2
5,0.015,0.99,64000,46,5.181515544444445,nan,False,0
5,0.015,0.9,1000,42,3.303278089285714,nan,False,0
5,0.015,0.9,1000,43,3.294630111111111,nan,False,0
5,0.015,0.9,1000,44,3.3269257916666666,nan,False,0
5,0.015,0.9,1000,45,3.3099118333333335,nan,False,0
5,0.015,0.9,1000,46,3.3043503988095244,nan,False,0
5,0.015,0.9,16000,42,6.692098303030303,nan,False,0
5,0.015,0.9,16000,43,6.6940592121212115,nan,False,0
5,0.015,0.9,16000,44,6.7463876969696965,nan,False,0
5,0.015,0.9,16000,45,6.757101363636363,nan,False,0
5,0.015,0.9,16000,46,6.5853273030303034,nan,False,0
5,0.015,0.9,256000,42,8.787180750000001,nan,False,0
5,0.015,0.9,256000,43,8.786841833333334,nan,False,0
5,0.015,0.9,256000,44,8.787907604166666,nan,False,0
5,0.015,0.9,256000,45,8.840871416666667,nan,False,0
5,0.015,0.9,256000,46,8.785369,nan,False,0
5,0.015,0.9,4000,42,5.737169333333333,nan,False,0
5,0.015,0.9,4000,43,5.6870018333333325,nan,False,0
5,0.015,0.9,4000,44,5.684151333333333,nan,False,0
5,0.015,0.9,4000,45,5.804464,nan,False,0
5,0.015,0.9,4000,46,5.713991833333334,nan,False,0
5,0.015,0.9,64000,42,7.952382358974358,nan,False,0
5,0.015,0.9,64000,43,7.970672794871795,nan,False,0
5,0.015,0.9,64000,44,8.051079512820511,nan,False,0
5,0.015,0.9,64000,45,8.02440076923077,nan,False,0
5,0.015,0.9,64000,46,7.8486090769230765,nan,False,0
5,0.016,0.95,1000,42,3.395153104938271,nan,False,0
5,0.016,0.95,1000,43,3.4056410606060608,nan,False,0
5,0.016,0.95,1000,44,3.4441601006289306,nan,False,0
5,0.016,0.95,1000,45,3.380627472727272,nan,False,0
5,0.016,0.95,1000,46,3.366441327272728,nan,False,0
5,0.016,0.95,16000,42,6.806112566666667,nan,False,0
5,0.016,0.95,16000,43,6.855165333333334,nan,False,0
5,0.016,0.95,16000,44,6.8887214,nan,False,0
5,0.016,0.95,16000,45,6.789405166666667,nan,False,0
5,0.016,0.95,16000,46,6.670242766666666,nan,False,0
5,0.016,0.95,4000,42,3.84063090860215,nan,False,0
5,0.016,0.95,4000,43,3.853862295698925,nan,False,0
5,0.016,0.95,4000,44,3.840013419354839,nan,False,0
5,0.016,0.95,4000,45,3.8670788440860213,nan,False,0
5,0.016,0.95,4000,46,3.8407215860215045,nan,False,0
5,0.016,0.995,1000,42,3.0152836935483864,nan,False,2
5,0.016,0.995,1000,43,2.9321124920634922,nan,False,2
5,0.016,0.995,1000,44,2.977674000000001,nan,False,2
5,0.016,0.995,1000,45,3.0124508064516133,nan,False,2
5,0.016,0.995,1000,46,3.041589420765027,nan,False,2
5,0.016,0.995,16000,42,3.4654657523809522,nan,False,4
5,0.016,0.995,16000,43,3.6379787777777777,nan,False,2
5,0.016,0.995,16000,44,3.371596601851852,nan,False,4
5,0.016,0.995,16000,45,3.6650960303030304,nan,False,2
5,0.016,0.995,16000,46,3.578069707070707,nan,False,3
5,0.016,0.995,4000,42,3.0443979047619045,nan,False,2
5,0.016,0.995,4000,43,3.159030087719298,nan,False,2
5,0.016,0.995,4000,44,3.2462378148148145,nan,False,2
5,0.016,0.995,4000,45,3.1716080000000004,nan,False,2
5,0.016,0.995,4000,46,2.9913358730158732,nan,False,3
5,0.016,0.999,1000,42,0.7419636274509804,nan,False,2
5,0.016,0.999,1000,43,2.654246253731343,nan,False,2
5,0.016,0.999,1000,44,0.8367539696969697,nan,False,2
5,0.016,0.999,1000,45,1.1492485,nan,False,2
5,0.016,0.999,1000,46,0.9578948533333334,nan,False,2
5,0.016,0.999,16000,42,1.5069569999999999,4.981135,True,2
5,0.016,0.999,16000,43,1.5098019999999999,5.000456,True,2
5,0.016,0.999,16000,44,1.4758310000000001,4.998001,True,2
5,0.016,0.999,16000,45,1.6244556666666667,5.020469,True,2
5,0.016,0.999,16000,46,1.129721,4.715389,True,2
5,0.016,0.999,4000,42,1.0936913333333333,4.63052,True,2
5,0.016,0.999,4000,43,1.1691376666666666,4.74072,True,2
5,0.016,0.999,4000,44,1.23447,4.721861,True,2
5,0.016,0.999,4000,45,1.1511936666666667,4.778523,True,2
5,0.016,0.999,4000,46,1.0395510000000001,4.433782,True,2
5,0.016,0.99,1000,42,3.17348191954023,nan,False,2
5,0.016,0.99,1000,43,3.263091608187134,nan,False,0
5,0.016,0.99,1000,44,3.2530367380952376,nan,False,0
5,0.016,0.99,1000,45,3.260681725146198,nan,False,0
5,0.016,0.99,1000,46,3.2248690804597704,nan,False,0
5,0.016,0.99,16000,42,5.159157192982457,nan,False,0
5,0.016,0.99,16000,43,5.2280381296296285,nan,False,0
5,0.016,0.99,16000,44,5.162100037037038,nan,False,0
5,0.016,0.99,16000,45,5.210901037037036,nan,False,0
5,0.016,0.99,16000,46,4.896822466666666,nan,False,0
5,0.016,0.99,4000,42,4.392347541666667,nan,False,0
5,0.016,0.99,4000,43,4.777069,nan,False,0
5,0.016,0.99,4000,44,4.85438261111111,nan,False,0
5,0.016,0.99,4000,45,4.524028666666666,nan,False,0
5,0.016,0.99,4000,46,4.707809238095238,nan,False,0
5,0.016,0.9,1000,42,3.3799712909090904,nan,False,0
5,0.016,0.9,1000,43,3.3949451728395066,nan,False,0
5,0.016,0.9,1000,44,3.3873550242424244,nan,False,0
5,0.016,0.9,1000,45,3.418327413580247,nan,False,0
5,0.016,0.9,1000,46,3.4237170185185186,nan,False,0
5,0.016,0.9,16000,42,7.063317,nan,False,0
5,0.016,0.9,16000,43,7.15781237037037,nan,False,0
5,0.016,0.9,16000,44,7.234070208333334,nan,False,0
5,0.016,0.9,16000,45,7.118096777777778,nan,False,0
5,0.016,0.9,16000,46,7.018953708333333,nan,False,0
5,0.016,0.9,4000,42,3.838958792349727,nan,False,0
5,0.016,0.9,4000,43,3.859796005464481,nan,False,0
5,0.016,0.9,4000,44,3.8767612404371596,nan,False,0
5,0.016,0.9,4000,45,3.8742935409836066,nan,False,0
5,0.016,0.9,4000,46,3.848132435483871,nan,False,0
5,0.03,0.95,1000,42,3.4968158333333337,nan,False,0
5,0.03,0.95,1000,43,3.5182444905660377,nan,False,0
5,0.03,0.95,1000,44,3.5251741923076922,nan,False,0
5,0.03,0.95,1000,45,3.5154359679487177,nan,False,0
5,0.03,0.95,1000,46,3.4904587987421376,nan,False,0
5,0.03,0.95,16000,42,7.536258055555556,nan,False,0
5,0.03,0.95,16000,43,7.5876046666666666,nan,False,0
5,0.03,0.95,16000,44,7.633145500000001,nan,False,0
5,0.03,0.95,16000,45,7.583236611111111,nan,False,0
5,0.03,0.95,16000,46,7.50089961904762,nan,False,0
5,0.03,0.95,4000,42,3.9864930225988706,nan,False,0
5,0.03,0.95,4000,43,4.019380367231638,nan,False,0
5,0.03,0.95,4000,44,3.999405548022599,nan,False,0
5,0.03,0.95,4000,45,4.043172689265536,nan,False,0
5,0.03,0.95,4000,46,4.01023988700565,nan,False,0
5,0.03,0.95,64000,42,8.28255581818182,nan,False,0
5,0.03,0.95,64000,43,8.338131393939394,nan,False,0
5,0.03,0.95,64000,44,8.433110393939394,nan,False,0
5,0.03,0.95,64000,45,8.339622727272728,nan,False,0
5,0.03,0.95,64000,46,8.294296515151515,nan,False,0
5,0.03,0.995,1000,42,3.515374522012578,nan,False,0
5,0.03,0.995,1000,43,3.515597333333333,nan,False,0
5,0.03,0.995,1000,44,3.5576660705128202,nan,False,0
5,0.03,0.995,1000,45,3.520141594771242,nan,False,0
5,0.03,0.995,1000,46,3.518129205128205,nan,False,0
5,0.03,0.995,16000,42,7.7078891333333335,nan,False,0
5,0.03,0.995,16000,43,7.777822733333333,nan,False,0
5,0.03,0.995,16000,44,7.848333866666667,nan,False,0
5,0.03,0.995,16000,45,7.763396866666666,nan,False,0
5,0.03,0.995,16000,46,7.663419555555556,nan,False,0
5,0.03,0.995,4000,42,4.0289154712643676,nan,False,0
5,0.03,0.995,4000,43,4.038887235632184,nan,False,0
5,0.03,0.995,4000,44,4.055737183908047,nan,False,0
5,0.03,0.995,4000,45,4.041212220338983,nan,False,0
5,0.03,0.995,4000,46,4.031259885057471,nan,False,0
5,0.03,0.995,64000,42,8.515647060606058,nan,False,0
5,0.03,0.995,64000,43,8.48031715151515,nan,False,0
5,0.03,0.995,64000,44,8.670212272727271,nan,False,0
5,0.03,0.995,64000,45,8.501756424242425,nan,False,0
5,0.03,0.995,64000,46,8.37636296969697,nan,False,0
5,0.03,0.999,1000,42,3.470203493589744,nan,False,0
5,0.03,0.999,1000,43,3.443719166666667,nan,False,0
5,0.03,0.999,1000,44,3.498907418300654,nan,False,0
5,0.03,0.999,1000,45,3.5009496862745095,nan,False,0
5,0.03,0.999,1000,46,3.3918595911949687,nan,False,2
5,0.03,0.999,16000,42,7.360864777777778,nan,False,0
5,0.03,0.999,16000,43,5.091864625,nan,False,2
5,0.03,0.999,16000,44,6.801541333333334,nan,False,2
5,0.03,0.999,16000,45,7.248249111111112,nan,False,1
5,0.03,0.999,16000,46,7.072710111111111,nan,False,2
5,0.03,0.999,4000,42,3.8801188251366123,nan,False,2
5,0.03,0.999,4000,43,3.9104533388888894,nan,False,2
5,0.03,0.999,4000,44,3.9371121468926553,nan,False,2
5,0.03,0.999,4000,45,3.9076698333333337,nan,False,2
5,0.03,0.999,4000,46,3.9379669265536728,nan,False,2
5,0.03,0.999,64000,42,8.522325380952381,nan,False,0
5,0.03,0.999,64000,43,8.178847583333333,nan,False,2
5,0.03,0.999,64000,44,7.660471533333333,nan,False,2
5,0.03,0.999,64000,45,6.6875724722222225,nan,False,2
5,0.03,0.999,64000,46,8.699090857142858,nan,False,0
5,0.03,0.99,1000,42,3.513936352564102,nan,False,0
5,0.03,0.99,1000,43,3.5471657884615384,nan,False,0
5,0.03,0.99,1000,44,3.524255685534591,nan,False,0
5,0.03,0.99,1000,45,3.5292100448717956,nan,False,0
5,0.03,0.99,1000,46,3.5030134025157236,nan,False,0
5,0.03,0.99,16000,42,7.731794866666666,nan,False,0
5,0.03,0.99,16000,43,7.819735666666666,nan,False,0
5,0.03,0.99,16000,44,7.8284589333333345,nan,False,0
5,0.03,0.99,16000,45,7.748933066666668,nan,False,0
5,0.03,0.99,16000,46,7.684951444444444,nan,False,0
5,0.03,0.99,4000,42,4.051380902298851,nan,False,0
5,0.03,0.99,4000,43,4.031004879310346,nan,False,0
5,0.03,0.99,4000,44,4.031259327586207,nan,False,0
5,0.03,0.99,4000,45,4.04592681920904,nan,False,0
5,0.03,0.99,4000,46,4.035695747126437,nan,False,0
5,0.03,0.99,64000,42,8.493914272727274,nan,False,0
5,0.03,0.99,64000,43,8.474941636363637,nan,False,0
5,0.03,0.99,64000,44,8.660895757575757,nan,False,0
5,0.03,0.99,64000,45,8.539280303030301,nan,False,0
5,0.03,0.99,64000,46,8.394018575757574,nan,False,0
5,0.03,0.9,1000,42,3.473486490566038,nan,False,0
5,0.03,0.9,1000,43,3.495205364779875,nan,False,0
5,0.03,0.9,1000,44,3.5180485094339615,nan,False,0
5,0.03,0.9,1000,45,3.4591788616352206,nan,False,0
5,0.03,0.9,1000,46,3.474085773584906,nan,False,0
5,0.03,0.9,16000,42,7.5862322777777775,nan,False,0
5,0.03,0.9,16000,43,7.608240111111112,nan,False,0
5,0.03,0.9,16000,44,7.666656833333334,nan,False,0
5,0.03,0.9,16000,45,7.608884333333333,nan,False,0
5,0.03,0.9,16000,46,7.477083777777778,nan,False,0
5,0.03,0.9,4000,42,3.998592593220339,nan,False,0
5,0.03,0.9,4000,43,3.964402542372881,nan,False,0
5,0.03,0.9,4000,44,4.016728677966102,nan,False,0
5,0.03,0.9,4000,45,4.006787418079096,nan,False,0
5,0.03,0.9,4000,46,3.992862141242938,nan,False,0
5,0.03,0.9,64000,42,8.33678609090909,nan,False,0
5,0.03,0.9,64000,43,8.36966209090909,nan,False,0
5,0.03,0.9,64000,44,8.555111484848483,nan,False,0
5,0.03,0.9,64000,45,8.37143003030303,nan,False,0
5,0.03,0.9,64000,46,8.360383727272726,nan,False,0
5,0.05,0.95,1000,42,3.469503967948718,nan,False,0
5,0.05,0.95,1000,43,3.478697081761006,nan,False,0
5,0.05,0.95,1000,44,3.509092634615384,nan,False,0
5,0.05,0.95,1000,45,3.4915373589743597,nan,False,0
5,0.05,0.95,1000,46,3.4546447987421387,nan,False,0
5,0.05,0.95,16000,42,7.743927733333334,nan,False,0
5,0.05,0.95,16000,43,7.952476666666667,nan,False,0
5,0.05,0.95,16000,44,7.8577066,nan,False,0
5,0.05,0.95,16000,45,7.791280466666666,nan,False,0
5,0.05,0.95,16000,46,7.646818722222222,nan,False,0
5,0.05,0.95,4000,42,4.014769977401129,nan,False,0
5,0.05,0.95,4000,43,4.019420587570621,nan,False,0
5,0.05,0.95,4000,44,4.041939711864407,nan,False,0
5,0.05,0.95,4000,45,4.016187143678161,nan,False,0
5,0.05,0.95,4000,46,4.009956813559322,nan,False,0
5,0.05,0.95,64000,42,8.712264925925927,nan,False,0
5,0.05,0.95,64000,43,8.748142518518518,nan,False,0
5,0.05,0.95,64000,44,8.90452925925926,nan,False,0
5,0.05,0.95,64000,45,8.782981629629631,nan,False,0
5,0.05,0.95,64000,46,8.743696148148148,nan,False,0
5,0.05,0.995,1000,42,3.5031597948717956,nan,False,0
5,0.05,0.995,1000,43,3.520538287581699,nan,False,0
5,0.05,0.995,1000,44,3.53275607051282,nan,False,0
5,0.05,0.995,1000,45,3.5077786601307186,nan,False,0
5,0.05,0.995,1000,46,3.4874605576923083,nan,False,0
5,0.05,0.995,16000,42,7.786155199999999,nan,False,0
5,0.05,0.995,16000,43,7.835047611111111,nan,False,0
5,0.05,0.995,16000,44,7.916546666666667,nan,False,0
5,0.05,0.995,16000,45,7.882684933333334,nan,False,0
5,0.05,0.995,16000,46,7.6925224666666665,nan,False,0
5,0.05,0.995,4000,42,4.045386327586207,nan,False,0
5,0.05,0.995,4000,43,4.025963022988505,nan,False,0
5,0.05,0.995,4000,44,4.037194017241379,nan,False,0
5,0.05,0.995,4000,45,4.050336488505747,nan,False,0
5,0.05,0.995,4000,46,4.033952270114943,nan,False,0
5,0.05,0.995,64000,42,8.615714814814815,nan,False,0
5,0.05,0.995,64000,43,8.6587863,nan,False,0
5,0.05,0.995,64000,44,8.807093333333334,nan,False,0
5,0.05,0.995,64000,45,8.656289666666668,nan,False,0
5,0.05,0.995,64000,46,8.688654399999999,nan,False,0
5,0.05,0.999,1000,42,3.4828982810457525,nan,False,0
5,0.05,0.999,1000,43,3.568102066666667,nan,False,0
5,0.05,0.999,1000,44,3.4151867564102565,nan,False,2
5,0.05,0.999,1000,45,3.477724057692308,nan,False,0
5,0.05,0.999,1000,46,3.426061817610063,nan,False,2
5,0.05,0.999,16000,42,4.631847816666667,nan,False,1
5,0.05,0.999,16000,43,7.1154301111111105,nan,False,2
5,0.05,0.999,16000,44,4.541773943502824,nan,False,0
5,0.05,0.999,16000,45,4.638993847457628,nan,False,0
5,0.05,0.999,16000,46,4.62844501111111,nan,False,0
5,0.05,0.999,4000,42,4.055120228070176,nan,False,0
5,0.05,0.999,4000,43,3.9672400747126435,nan,False,2
5,0.05,0.999,4000,44,3.978329971264368,nan,False,2
5,0.05,0.999,4000,45,3.9284118135593222,nan,False,2
5,0.05,0.999,4000,46,3.9966767514124295,nan,False,2
5,0.05,0.999,64000,42,8.6629585,nan,False,1
5,0.05,0.999,64000,43,9.108462722222223,nan,False,0
5,0.05,0.999,64000,44,9.304893266666667,nan,False,0
5,0.05,0.999,64000,45,9.114975533333332,nan,False,0
5,0.05,0.999,64000,46,9.000880166666667,nan,False,0
5,0.05,0.99,1000,42,3.4982767564102564,nan,False,0
5,0.05,0.99,1000,43,3.4873418269230765,nan,False,0
5,0.05,0.99,1000,44,3.519031444444445,nan,False,0
5,0.05,0.99,1000,45,3.491820496732026,nan,False,0
5,0.05,0.99,1000,46,3.481117634615385,nan,False,0
5,0.05,0.99,16000,42,7.808261,nan,False,0
5,0.05,0.99,16000,43,7.902895333333333,nan,False,0
5,0.05,0.99,16000,44,7.921729000000001,nan,False,0
5,0.05,0.99,16000,45,7.769941,nan,False,0
5,0.05,0.99,16000,46,7.693065933333334,nan,False,0
5,0.05,0.99,4000,42,4.045639695402299,nan,False,0
5,0.05,0.99,4000,43,4.018156396551724,nan,False,0
5,0.05,0.99,4000,44,4.041613166666667,nan,False,0
5,0.05,0.99,4000,45,4.066301281609196,nan,False,0
5,0.05,0.99,4000,46,4.0426877183908045,nan,False,0
5,0.05,0.99,64000,42,8.635604,nan,False,0
5,0.05,0.99,64000,43,8.633877199999999,nan,False,0
5,0.05,0.99,64000,44,8.816690533333334,nan,False,0
5,0.05,0.99,64000,45,8.624202566666666,nan,False,0
5,0.05,0.99,64000,46,8.706423133333335,nan,False,0
5,0.05,0.9,1000,42,3.4547699691358025,nan,False,0
5,0.05,0.9,1000,43,3.4911650943396224,nan,False,0
5,0.05,0.9,1000,44,3.489292878205128,nan,False,0
5,0.05,0.9,1000,45,3.4595481728395066,nan,False,0
5,0.05,0.9,1000,46,3.4288409496855343,nan,False,0
5,0.05,0.9,16000,42,7.812524066666667,nan,False,0
5,0.05,0.9,16000,43,7.906123733333333,nan,False,0
5,0.05,0.9,16000,44,7.949257666666668,nan,False,0
5,0.05,0.9,16000,45,7.9352199333333315,nan,False,0
5,0.05,0.9,16000,46,7.7365943999999995,nan,False,0
5,0.05,0.9,4000,42,3.9871022542372883,nan,False,0
5,0.05,0.9,4000,43,4.020228356321839,nan,False,0
5,0.05,0.9,4000,44,4.018195468926554,nan,False,0
5,0.05,0.9,4000,45,4.028160519774011,nan,False,0
5,0.05,0.9,4000,46,4.009400965517242,nan,False,0
5,0.05,0.9,64000,42,8.728033370370369,nan,False,0
5,0.05,0.9,64000,43,8.798699000000001,nan,False,0
5,0.05,0.9,64000,44,8.88589125925926,nan,False,0
5,0.05,0.9,64000,45,8.867379111111111,nan,False,0
5,0.05,0.9,64000,46,8.782945592592592,nan,False,0
5,0.064,0.95,1000,42,3.479518955974844,nan,False,0
5,0.064,0.95,1000,43,3.4950438525641023,nan,False,0
5,0.064,0.95,1000,44,3.4585319807692305,nan,False,0
5,0.064,0.95,1000,45,3.488173641025641,nan,False,0
5,0.064,0.95,1000,46,3.4535648076923073,nan,False,0
5,0.064,0.95,4000,42,4.072631758620689,nan,False,0
5,0.064,0.95,4000,43,4.021044531073446,nan,False,0
5,0.064,0.95,4000,44,4.027062079096045,nan,False,0
5,0.064,0.95,4000,45,4.029638126436781,nan,False,0
5,0.064,0.95,4000,46,3.9953615689655173,nan,False,0
5,0.064,0.995,1000,42,3.4944831987179485,nan,False,0
5,0.064,0.995,1000,43,3.535625134615384,nan,False,0
5,0.064,0.995,1000,44,3.511431820512821,nan,False,0
5,0.064,0.995,1000,45,3.512071685897436,nan,False,0
5,0.064,0.995,1000,46,3.5062060897435896,nan,False,0
5,0.064,0.995,4000,42,4.019657862068966,nan,False,0
5,0.064,0.995,4000,43,4.010555252873563,nan,False,0
5,0.064,0.995,4000,44,4.049854356321839,nan,False,0
5,0.064,0.995,4000,45,4.038688856321839,nan,False,0
5,0.064,0.995,4000,46,4.044507724137931,nan,False,0
5,0.064,0.999,1000,42,3.476670032679739,nan,False,0
5,0.064,0.999,1000,43,3.494930455128205,nan,False,0
5,0.064,0.999,1000,44,3.5867156266666664,nan,False,0
5,0.064,0.999,1000,45,3.5832352666666676,nan,False,0
5,0.064,0.999,1000,46,3.5961734557823135,nan,False,0
5,0.064,0.999,4000,42,4.113443190476191,nan,False,0
5,0.064,0.999,4000,43,4.069937910714286,nan,False,0
5,0.064,0.999,4000,44,4.069290812865497,nan,False,0
5,0.064,0.999,4000,45,4.000073523809524,nan,False,0
5,0.064,0.999,4000,46,4.084082454545455,nan,False,0
5,0.064,0.99,1000,42,3.49262666025641,nan,False,0
5,0.064,0.99,1000,43,3.504482549019608,nan,False,0
5,0.064,0.99,1000,44,3.540310895424837,nan,False,0
5,0.064,0.99,1000,45,3.4929803846153855,nan,False,0
5,0.064,0.99,1000,46,3.524903467948718,nan,False,0
5,0.064,0.99,4000,42,4.028778609195402,nan,False,0
5,0.064,0.99,4000,43,4.019055063218391,nan,False,0
5,0.064,0.99,4000,44,4.051159902298851,nan,False,0
5,0.064,0.99,4000,45,4.078473695402298,nan,False,0
5,0.064,0.99,4000,46,4.033498114942529,nan,False,0
5,0.064,0.9,1000,42,3.4715364679487184,nan,False,0
5,0.064,0.9,1000,43,3.467610918238994,nan,False,0
5,0.064,0.9,1000,44,3.4846786153846163,nan,False,0
5,0.064,0.9,1000,45,3.4524390817610064,nan,False,0
5,0.064,0.9,1000,46,3.42828937735849,nan,False,0
5,0.064,0.9,4000,42,4.024364423728813,nan,False,0
5,0.064,0.9,4000,43,4.028435488505747,nan,False,0
5,0.064,0.9,4000,44,4.051505390804598,nan,False,0
5,0.064,0.9,4000,45,4.065737477011494,nan,False,0
5,0.064,0.9,4000,46,4.034277224137931,nan,False,0
5,0.0,0.95,1000,42,2.6962883777777775,nan,False,2
5,0.0,0.95,1000,43,2.65645337254902,nan,False,2
5,0.0,0.95,1000,44,2.8256075714285713,nan,False,2
5,0.0,0.95,1000,45,2.595460509803922,nan,False,2
5,0.0,0.95,1000,46,2.6019499999999995,nan,False,2
5,0.0,0.95,16000,42,3.9561424796747966,nan,False,2
5,0.0,0.95,16000,43,3.930756866666667,nan,False,2
5,0.0,0.95,16000,44,3.8350498650793647,nan,False,2
5,0.0,0.95,16000,45,3.9655736178861787,nan,False,2
5,0.0,0.95,16000,46,3.92230165,nan,False,2
5,0.0,0.95,256000,42,4.4137487304964536,nan,False,4
5,0.0,0.95,256000,43,4.521111943262411,nan,False,2
5,0.0,0.95,256000,44,4.468640156028368,nan,False,3
5,0.0,0.95,256000,45,4.497420173913043,nan,False,3
5,0.0,0.95,256000,46,4.500104716312057,nan,False,2
5,0.0,0.95,4000,42,3.388055666666667,nan,False,2
5,0.0,0.95,4000,43,3.3774465208333333,nan,False,2
5,0.0,0.95,4000,44,3.2386304949494953,nan,False,2
5,0.0,0.95,4000,45,3.5024282888888894,nan,False,2
5,0.0,0.95,4000,46,3.3425285151515154,nan,False,2
5,0.0,0.95,64000,42,4.287253881944444,nan,False,2
5,0.0,0.95,64000,43,4.294439506944445,nan,False,2
5,0.0,0.95,64000,44,4.367697041666667,nan,False,2
5,0.0,0.95,64000,45,4.388613879432625,nan,False,2
5,0.0,0.95,64000,46,4.345208531914893,nan,False,2
5,0.0,0.995,1000,42,1.85992625,nan,False,2
5,0.0,0.995,1000,43,2.0503544074074074,nan,False,2
5,0.0,0.995,1000,44,1.7412476000000001,nan,False,2
5,0.0,0.995,1000,45,1.5421738181818185,nan,False,2
5,0.0,0.995,1000,46,1.8800439333333336,nan,False,2
5,0.0,0.995,16000,42,2.028741666666667,3.584766,True,2
5,0.0,0.995,16000,43,1.8570123333333335,3.577848,True,2
5,0.0,0.995,16000,44,1.8880583333333334,3.578213,True,2
5,0.0,0.995,16000,45,1.9452243333333332,3.585008,True,2
5,0.0,0.995,16000,46,1.9079276666666667,3.728364,True,2
5,0.0,0.995,256000,42,1.913811,3.73274,True,2
5,0.0,0.995,256000,43,1.9170619999999998,3.733334,True,2
5,0.0,0.995,256000,44,1.9087906666666665,3.676179,True,2
5,0.0,0.995,256000,45,1.94621,3.556691,True,2
5,0.0,0.995,256000,46,1.9344236666666665,3.674927,True,2
5,0.0,0.995,4000,42,1.945659,3.513651,True,2
5,0.0,0.995,4000,43,2.0150373333333333,3.801918,True,2
5,0.0,0.995,4000,44,1.9094676666666668,3.64987,True,2
5,0.0,0.995,4000,45,1.930449,3.518221,True,2
5,0.0,0.995,4000,46,1.7715116666666668,3.513142,True,2
5,0.0,0.995,64000,42,1.9131476666666665,3.624303,True,2
5,0.0,0.995,64000,43,1.8936166666666667,3.625471,True,2
5,0.0,0.995,64000,44,1.926065666666667,3.679658,True,2
5,0.0,0.995,64000,45,1.9275840000000002,3.62338,True,2
5,0.0,0.995,64000,46,1.9406783333333335,3.626176,True,2
5,0.0,0.999,1000,42,1.8184137309941522,nan,False,2
5,0.0,0.999,1000,43,2.138045315789474,nan,False,2
5,0.0,0.999,1000,44,2.058344274074074,nan,False,2
5,0.0,0.999,1000,45,1.9436633060109287,nan,False,2
5,0.0,0.999,1000,46,0.7806067777777778,nan,False,2
5,0.0,0.999,16000,42,0.865192,7.086923,True,2
5,0.0,0.999,16000,43,0.8760056666666666,6.081541,True,2
5,0.0,0.999,16000,44,0.7771499999999999,6.245031,True,2
5,0.0,0.999,16000,45,0.8472103333333333,6.422156,True,2
5,0.0,0.999,16000,46,0.8399033333333333,8.426112,True,2
5,0.0,0.999,256000,42,0.849673,6.493733,True,2
5,0.0,0.999,256000,43,0.8426633333333333,6.272296,True,2
5,0.0,0.999,256000,44,0.8595496666666667,6.718994,True,2
5,0.0,0.999,256000,45,0.8355636666666667,6.649718,True,2
5,0.0,0.999,256000,46,0.8515,5.932474,True,2
5,0.0,0.999,4000,42,0.8945059166666667,nan,False,2
5,0.0,0.999,4000,43,0.8662972241379309,nan,False,2
5,0.0,0.999,4000,44,0.9255429795918366,nan,False,2
5,0.0,0.999,4000,45,0.8933836666666667,4.541551,True,2
5,0.0,0.999,4000,46,0.7270671111111111,nan,False,2
5,0.0,0.999,64000,42,0.8730899999999999,5.478896,True,2
5,0.0,0.999,64000,43,0.8874966666666667,5.359171,True,2
5,0.0,0.999,64000,44,0.8760776666666666,6.158141,True,4
5,0.0,0.999,64000,45,0.862783,6.494841,True,2
5,0.0,0.999,64000,46,0.8588603333333333,6.96744,True,4
5,0.0,0.99,1000,42,2.2297202592592593,nan,False,2
5,0.0,0.99,1000,43,2.4177667222222223,nan,False,2
5,0.0,0.99,1000,44,2.790424248756219,nan,False,2
5,0.0,0.99,1000,45,2.2989111904761903,nan,False,2
5,0.0,0.99,1000,46,2.4072768095238097,nan,False,2
5,0.0,0.99,16000,42,3.311330951219513,nan,False,2
5,0.0,0.99,16000,43,3.260140396825397,nan,False,2
5,0.0,0.99,16000,44,3.3884817398373976,nan,False,2
5,0.0,0.99,16000,45,3.376888880952381,nan,False,2
5,0.0,0.99,16000,46,3.279869507936508,nan,False,2
5,0.0,0.99,256000,42,3.8056037291666667,nan,False,2
5,0.0,0.99,256000,43,3.76112755319149,nan,False,2
5,0.0,0.99,256000,44,3.8085755069444445,nan,False,2
5,0.0,0.99,256000,45,3.825044957446808,nan,False,2
5,0.0,0.99,256000,46,3.753389773049645,nan,False,2
5,0.0,0.99,4000,42,2.936461469135802,nan,False,2
5,0.0,0.99,4000,43,2.9841055308641975,nan,False,2
5,0.0,0.99,4000,44,2.9880768271604943,nan,False,2
5,0.0,0.99,4000,45,3.124859138888889,nan,False,2
5,0.0,0.99,4000,46,2.4262683333333332,2.895939,True,2
5,0.0,0.99,64000,42,3.7850956199999994,nan,False,2
5,0.0,0.99,64000,43,3.7683565424836596,nan,False,4
5,0.0,0.99,64000,44,3.654801653846154,nan,False,2
5,0.0,0.99,64000,45,3.7230443466666667,nan,False,3
5,0.0,0.99,64000,46,3.6218313529411765,nan,False,4
5,0.0,0.9,1000,42,3.4713479166666668,nan,False,0
5,0.0,0.9,1000,43,3.5489891111111107,nan,False,0
5,0.0,0.9,1000,44,3.6266936666666667,nan,False,0
5,0.0,0.9,1000,45,3.4571495,nan,False,0
5,0.0,0.9,1000,46,2.757386292929293,nan,False,0
5,0.0,0.9,16000,42,5.017906765432099,nan,False,0
5,0.0,0.9,16000,43,4.8440448809523815,nan,False,0
5,0.0,0.9,16000,44,4.910435857142858,nan,False,0
5,0.0,0.9,16000,45,4.829911047619047,nan,False,0
5,0.0,0.9,16000,46,5.0141907654321,nan,False,0
5,0.0,0.9,256000,42,6.024775153153152,nan,False,0
5,0.0,0.9,256000,43,5.974900929824562,nan,False,0
5,0.0,0.9,256000,44,6.015494441441442,nan,False,0
5,0.0,0.9,256000,45,6.032454558558558,nan,False,0
5,0.0,0.9,256000,46,5.976454513513514,nan,False,0
5,0.0,0.9,4000,42,4.202317516666667,nan,False,0
5,0.0,0.9,4000,43,4.192934719298246,nan,False,0
5,0.0,0.9,4000,44,4.2925066851851845,nan,False,0
5,0.0,0.9,4000,45,4.385623166666667,nan,False,0
5,0.0,0.9,4000,46,4.112409216666667,nan,False,0
5,0.0,0.9,64000,42,5.456914525252525,nan,False,0
5,0.0,0.9,64000,43,5.503376585858587,nan,False,0
5,0.0,0.9,64000,44,5.618517000000001,nan,False,0
5,0.0,0.9,64000,45,5.489928525252525,nan,False,0
5,0.0,0.9,64000,46,5.451180272727273,nan,False,0
6,0.001,0.95,1000,42,2.8164768888888894,nan,False,2
6,0.001,0.95,1000,43,2.7553657525252526,nan,False,2
6,0.001,0.95,1000,44,2.707615024509804,nan,False,2
6,0.001,0.95,1000,45,2.7689924444444447,nan,False,2
6,0.001,0.95,1000,46,2.716340465686275,nan,False,2
6,0.001,0.95,16000,42,4.711080819444445,nan,False,2
6,0.001,0.95,16000,43,4.7462581805555555,nan,False,2
6,0.001,0.95,16000,44,4.891972763888888,nan,False,2
6,0.001,0.95,16000,45,4.692020555555556,nan,False,2
6,0.001,0.95,16000,46,4.647624053333334,nan,False,2
6,0.001,0.95,4000,42,4.0388886428571436,nan,False,2
6,0.001,0.95,4000,43,3.8877870000000003,nan,False,2
6,0.001,0.95,4000,44,3.971106928571429,nan,False,2
6,0.001,0.95,4000,45,4.058709642857143,nan,False,2
6,0.001,0.95,4000,46,4.024336,nan,False,2
6,0.001,0.995,1000,42,1.5405599523809523,nan,False,2
6,0.001,0.995,1000,43,1.3508690701754387,nan,False,2
6,0.001,0.995,1000,44,1.2557803333333333,2.751749,True,2
6,0.001,0.995,1000,45,1.1529368541666667,nan,False,2
6,0.001,0.995,1000,46,1.1625783333333333,2.822059,True,2
6,0.001,0.995,16000,42,1.4095873333333333,2.767819,True,2
6,0.001,0.995,16000,43,1.3890740000000001,2.782335,True,2
6,0.001,0.995,16000,44,1.4227746666666665,2.783618,True,2
6,0.001,0.995,16000,45,1.417874,2.780859,True,2
6,0.001,0.995,16000,46,1.3916286666666666,2.668827,True,2
6,0.001,0.995,4000,42,1.3616279999999998,2.876451,True,2
6,0.001,0.995,4000,43,1.4551083333333334,2.675127,True,2
6,0.001,0.995,4000,44,1.4563656666666667,2.774393,True,2
6,0.001,0.995,4000,45,1.4976586666666665,2.577739,True,2
6,0.001,0.995,4000,46,1.4137563333333334,2.770116,True,2
6,0.001,0.999,1000,42,3.0802699195402297,nan,False,2
6,0.001,0.999,1000,43,3.058723155172413,nan,False,2
6,0.001,0.999,1000,44,2.390850561643836,nan,False,2
6,0.001,0.999,1000,45,0.912989619047619,nan,False,2
6,0.001,0.999,1000,46,2.7103905384615383,nan,False,2
6,0.001,0.999,16000,42,1.586864,3.845409,True,2
6,0.001,0.999,16000,43,2.197314,3.933754,True,2
6,0.001,0.999,16000,44,2.2921319655172416,nan,False,2
6,0.001,0.999,16000,45,1.6147123333333333,4.016889,True,2
6,0.001,0.999,16000,46,1.78127,4.266321,True,2
6,0.001,0.999,4000,42,1.2402666666666666,3.678678,True,2
6,0.001,0.999,4000,43,1.1210993333333332,3.797693,True,2
6,0.001,0.999,4000,44,1.2010373333333333,3.8923,True,2
6,0.001,0.999,4000,45,1.003525,3.613566,True,2
6,0.001,0.999,4000,46,1.285042,3.78543,True,2
6,0.001,0.99,1000,42,1.2494503333333336,2.445688,True,2
6,0.001,0.99,1000,43,1.7966393333333333,2.128857,True,2
6,0.001,0.99,1000,44,1.8178723333333335,nan,False,2
6,0.001,0.99,1000,45,1.660344,2.271077,True,2
6,0.001,0.99,1000,46,1.5200760000000002,2.363185,True,2
6,0.001,0.99,16000,42,1.6554333333333335,2.363855,True,2
6,0.001,0.99,16000,43,1.6245533333333333,2.270479,True,2
6,0.001,0.99,16000,44,1.6212513333333334,2.269473,True,2
6,0.001,0.99,16000,45,1.5568043333333332,2.266846,True,2
6,0.001,0.99,16000,46,1.613931,2.268862,True,2
6,0.001,0.99,4000,42,1.7656846666666668,2.212601,True,2
6,0.001,0.99,4000,43,1.616107666666667,2.202906,True,2
6,0.001,0.99,4000,44,1.740259,2.207395,True,2
6,0.001,0.99,4000,45,1.6339503333333332,2.204405,True,2
6,0.001,0.99,4000,46,1.6359536666666665,2.303931,True,2
6,0.001,0.9,1000,42,3.0388682111111107,nan,False,0
6,0.001,0.9,1000,43,3.0424160277777776,nan,False,0
6,0.001,0.9,1000,44,3.1260706609195408,nan,False,0
6,0.001,0.9,1000,45,3.0477373333333326,nan,False,0
6,0.001,0.9,1000,46,3.0852696892655365,nan,False,0
6,0.001,0.9,16000,42,5.979383642857143,nan,False,0
6,0.001,0.9,16000,43,5.886970833333334,nan,False,0
6,0.001,0.9,16000,44,5.920876928571429,nan,False,0
6,0.001,0.9,16000,45,5.936419025641025,nan,False,0
6,0.001,0.9,16000,46,5.84323719047619,nan,False,0
6,0.001,0.9,4000,42,5.048243444444444,nan,False,0
6,0.001,0.9,4000,43,5.038148249999999,nan,False,0
6,0.001,0.9,4000,44,4.96395225,nan,False,0
6,0.001,0.9,4000,45,5.015214083333333,nan,False,0
6,0.001,0.9,4000,46,4.937185499999999,nan,False,0
6,0.004,0.95,1000,42,2.7971923999999997,nan,False,2
6,0.004,0.95,1000,43,2.760137313131313,nan,False,2
6,0.004,0.95,1000,44,2.807149758974359,nan,False,2
6,0.004,0.95,1000,45,2.75132744278607,nan,False,2
6,0.004,0.95,1000,46,2.716516864734299,nan,False,2
6,0.004,0.95,16000,42,4.7852647536231885,nan,False,2
6,0.004,0.95,16000,43,4.755850791666666,nan,False,2
6,0.004,0.95,16000,44,4.688439466666667,nan,False,2
6,0.004,0.95,16000,45,4.606703306666667,nan,False,2
6,0.004,0.95,16000,46,4.714899902777778,nan,False,2
6,0.004,0.95,4000,42,4.055872738095238,nan,False,2
6,0.004,0.95,4000,43,3.9560326904761896,nan,False,2
6,0.004,0.95,4000,44,3.935777311111111,nan,False,2
6,0.004,0.95,4000,45,4.0346781555555555,nan,False,2
6,0.004,0.95,4000,46,4.01744911904762,nan,False,2
6,0.004,0.995,1000,42,1.4325528333333335,nan,False,2
6,0.004,0.995,1000,43,1.357653,2.715986,True,2
6,0.004,0.995,1000,44,1.1784886666666665,2.815033,True,2
6,0.004,0.995,1000,45,1.2164303333333333,2.706498,True,2
6,0.004,0.995,1000,46,1.2850583333333334,2.649145,True,2
6,0.004,0.995,16000,42,1.4225236666666667,2.779668,True,2
6,0.004,0.995,16000,43,1.3502939999999999,2.768784,True,2
6,0.004,0.995,16000,44,1.3160556666666667,2.772778,True,2
6,0.004,0.995,16000,45,1.3171753333333334,2.727308,True,2
6,0.004,0.995,16000,46,1.33521,2.773066,True,2
6,0.004,0.995,4000,42,1.2548113333333333,2.996662,True,2
6,0.004,0.995,4000,43,1.3755973333333333,2.782492,True,2
6,0.004,0.995,4000,44,1.3229046666666668,2.772358,True,2
6,0.004,0.995,4000,45,1.4677353333333334,2.756768,True,2
6,0.004,0.995,4000,46,1.43602,2.692854,True,2
6,0.004,0.999,1000,42,2.856772037634409,nan,False,2
6,0.004,0.999,1000,43,3.249484197530865,nan,False,2
6,0.004,0.999,1000,44,0.9961864761904761,nan,False,2
6,0.004,0.999,1000,45,2.938427666666667,nan,False,2
6,0.004,0.999,1000,46,2.3807083972602743,nan,False,2
6,0.004,0.999,16000,42,1.6144633333333334,4.433854,True,2
6,0.004,0.999,16000,43,1.7272736666666668,4.083609,True,2
6,0.004,0.999,16000,44,1.956054,4.204959,True,2
6,0.004,0.999,16000,45,1.6204876666666665,4.17713,True,2
6,0.004,0.999,16000,46,1.6509036666666665,4.221877,True,2
6,0.004,0.999,4000,42,1.2877109999999998,3.670649,True,2
6,0.004,0.999,4000,43,1.1798796666666667,3.7597,True,2
6,0.004,0.999,4000,44,1.0982746666666667,3.422142,True,2
6,0.004,0.999,4000,45,1.6517131587301588,nan,False,2
6,0.004,0.999,4000,46,1.0127433333333336,4.065655,True,2
6,0.004,0.99,1000,42,1.8179954871794872,nan,False,2
6,0.004,0.99,1000,43,1.871697875,nan,False,2
6,0.004,0.99,1000,44,2.2192372222222225,nan,False,2
6,0.004,0.99,1000,45,2.0233137222222224,nan,False,2
6,0.004,0.99,1000,46,1.9087974444444447,nan,False,2
6,0.004,0.99,16000,42,2.0048596666666665,2.274201,True,2
6,0.004,0.99,16000,43,1.9721916666666666,2.271805,True,2
6,0.004,0.99,16000,44,1.9693516666666666,2.267387,True,2
6,0.004,0.99,16000,45,1.8927370000000001,2.372588,True,2
6,0.004,0.99,16000,46,1.9117386666666665,2.2732,True,2
6,0.004,0.99,4000,42,2.074187333333333,2.213194,True,2
6,0.004,0.99,4000,43,2.0768926666666667,2.438385,True,2
6,0.004,0.99,4000,44,1.975384,2.300355,True,2
6,0.004,0.99,4000,45,2.016653666666667,2.304241,True,2
6,0.004,0.99,4000,46,1.8765093333333336,2.290637,True,2
6,0.004,0.9,1000,42,3.015421422222222,nan,False,0
6,0.004,0.9,1000,43,3.06326315,nan,False,0
6,0.004,0.9,1000,44,3.121477093567251,nan,False,0
6,0.004,0.9,1000,45,2.9834396502732243,nan,False,0
6,0.004,0.9,1000,46,3.116121097701149,nan,False,0
6,0.004,0.9,16000,42,5.9534677435897425,nan,False,0
6,0.004,0.9,16000,43,6.005334230769231,nan,False,0
6,0.004,0.9,16000,44,5.9868349047619045,nan,False,0
6,0.004,0.9,16000,45,5.9184178717948726,nan,False,0
6,0.004,0.9,16000,46,5.86711082051282,nan,False,0
6,0.004,0.9,4000,42,5.041928666666667,nan,False,0
6,0.004,0.9,4000,43,4.9918535,nan,False,0
6,0.004,0.9,4000,44,4.9982242,nan,False,0
6,0.004,0.9,4000,45,4.954544266666666,nan,False,0
6,0.004,0.9,4000,46,4.831039111111111,nan,False,0
6,0.005,0.95,1000,42,2.7916949090909093,nan,False,2
6,0.005,0.95,1000,43,2.773607343434343,nan,False,2
6,0.005,0.95,1000,44,2.742996786069652,nan,False,2
6,0.005,0.95,1000,45,2.8162860364583335,nan,False,2
6,0.005,0.95,1000,46,2.784522164102564,nan,False,2
6,0.005,0.95,16000,42,4.73033125,nan,False,2
6,0.005,0.95,16000,43,4.795490739130434,nan,False,2
6,0.005,0.95,16000,44,4.809125090909091,nan,False,2
6,0.005,0.95,16000,45,4.8298696521739135,nan,False,2
6,0.005,0.95,16000,46,4.64184472,nan,False,2
6,0.005,0.95,256000,42,5.771804133333333,nan,False,2
6,0.005,0.95,256000,43,5.837742323809524,nan,False,2
6,0.005,0.95,256000,44,5.839816852941176,nan,False,2
6,0.005,0.95,256000,45,5.808580019047618,nan,False,2
6,0.005,0.95,256000,46,5.880075295238095,nan,False,2
6,0.005,0.95,4000,42,4.015580022222223,nan,False,2
6,0.005,0.95,4000,43,4.000704285714286,nan,False,2
6,0.005,0.95,4000,44,3.8611824888888893,nan,False,2
6,0.005,0.95,4000,45,4.023942911111111,nan,False,2
6,0.005,0.95,4000,46,4.066014805555556,nan,False,2
6,0.005,0.95,64000,42,5.274881333333332,nan,False,2
6,0.005,0.95,64000,43,5.335021966666667,nan,False,2
6,0.005,0.95,64000,44,5.40838783908046,nan,False,2
6,0.005,0.95,64000,45,5.283168300000001,nan,False,2
6,0.005,0.95,64000,46,5.271295967741935,nan,False,2
6,0.005,0.995,1000,42,1.3565727727272727,nan,False,2
6,0.005,0.995,1000,43,1.3853726274509806,nan,False,2
6,0.005,0.995,1000,44,1.577425638888889,nan,False,2
6,0.005,0.995,1000,45,1.3730575797101452,nan,False,2
6,0.005,0.995,1000,46,1.109699,2.644682,True,2
6,0.005,0.995,16000,42,1.2887133333333332,2.768205,True,2
6,0.005,0.995,16000,43,1.2721473333333333,2.883735,True,2
6,0.005,0.995,16000,44,1.349489,2.66022,True,2
6,0.005,0.995,16000,45,1.26712,2.656434,True,2
6,0.005,0.995,16000,46,1.2963116666666668,2.658078,True,2
6,0.005,0.995,256000,42,1.2814756666666667,2.756658,True,2
6,0.005,0.995,256000,43,1.2821563333333332,2.757234,True,2
6,0.005,0.995,256000,44,1.298349,2.759566,True,2
6,0.005,0.995,256000,45,1.283415,2.827392,True,2
6,0.005,0.995,256000,46,1.3000896666666666,2.75787,True,2
6,0.005,0.995,4000,42,1.3144023333333335,2.645076,True,2
6,0.005,0.995,4000,43,1.2637563333333333,2.646857,True,2
6,0.005,0.995,4000,44,1.4008010000000002,2.658259,True,2
6,0.005,0.995,4000,45,1.2842933333333333,2.750343,True,2
6,0.005,0.995,4000,46,1.2670133333333335,2.77845,True,2
6,0.005,0.995,64000,42,1.2934313333333334,2.761626,True,2
6,0.005,0.995,64000,43,1.311462,2.765463,True,2
6,0.005,0.995,64000,44,1.30049,2.759381,True,2
6,0.005,0.995,64000,45,1.271577,2.760549,True,2
6,0.005,0.995,64000,46,1.2963576666666665,2.758155,True,2
6,0.005,0.999,1000,42,2.5712649,nan,False,2
6,0.005,0.999,1000,43,0.9926318666666667,nan,False,2
6,0.005,0.999,1000,44,2.607515943589744,nan,False,2
6,0.005,0.999,1000,45,0.8669256666666667,nan,False,2
6,0.005,0.999,1000,46,2.84421314516129,nan,False,2
6,0.005,0.999,16000,42,1.6327146666666668,4.010216,True,2
6,0.005,0.999,16000,43,1.8858453333333334,4.01363,True,2
6,0.005,0.999,16000,44,1.6319423333333332,4.257781,True,2
6,0.005,0.999,16000,45,1.844753,3.753104,True,2
6,0.005,0.999,16000,46,1.6077186666666667,4.193401,True,2
6,0.005,0.999,256000,42,1.8413769999999998,7.72011,True,2
6,0.005,0.999,256000,43,1.890961,8.417173,True,2
6,0.005,0.999,256000,44,2.034893333333333,8.104078,True,2
6,0.005,0.999,256000,45,2.053799,8.008677,True,2
6,0.005,0.999,256000,46,1.996569,7.718792,True,2
6,0.005,0.999,4000,42,1.279713,3.701306,True,2
6,0.005,0.999,4000,43,1.2941316666666667,3.551845,True,2
6,0.005,0.999,4000,44,1.2046243333333333,3.805191,True,2
6,0.005,0.999,4000,45,1.11174,3.409852,True,2
6,0.005,0.999,4000,46,1.108363,3.315504,True,2
6,0.005,0.999,64000,42,2.222759143939394,nan,False,2
6,0.005,0.999,64000,43,2.0770370333333337,nan,False,2
6,0.005,0.999,64000,44,2.2749403703703703,nan,False,2
6,0.005,0.999,64000,45,2.2781346666666664,7.879321,True,2
6,0.005,0.999,64000,46,2.435092456521739,nan,False,4
6,0.005,0.99,1000,42,1.1968803333333333,2.34451,True,2
6,0.005,0.99,1000,43,1.246278,2.371684,True,2
6,0.005,0.99,1000,44,1.4946383333333333,2.276548,True,2
6,0.005,0.99,1000,45,1.2907726666666666,2.470068,True,2
6,0.005,0.99,1000,46,1.4641110000000002,2.361049,True,2
6,0.005,0.99,16000,42,1.5095486666666666,2.268611,True,2
6,0.005,0.99,16000,43,1.487096,2.265583,True,2
6,0.005,0.99,16000,44,1.4869403333333333,2.26345,True,2
6,0.005,0.99,16000,45,1.4868350000000001,2.267279,True,2
6,0.005,0.99,16000,46,1.513092,2.268862,True,2
6,0.005,0.99,256000,42,1.5403896666666668,2.349252,True,2
6,0.005,0.99,256000,43,1.5114109999999998,2.294963,True,2
6,0.005,0.99,256000,44,1.5349490000000001,2.348323,True,2
6,0.005,0.99,256000,45,1.543998,2.294658,True,2
6,0.005,0.99,256000,46,1.5437363333333334,2.348228,True,2
6,0.005,0.99,4000,42,1.6347793333333334,2.20035,True,2
6,0.005,0.99,4000,43,1.3735156666666668,2.386296,True,2
6,0.005,0.99,4000,44,1.5585719999999998,2.120508,True,2
6,0.005,0.99,4000,45,1.504408,2.368734,True,2
6,0.005,0.99,4000,46,1.4813299999999998,2.296137,True,2
6,0.005,0.99,64000,42,1.4979170000000002,2.326648,True,2
6,0.005,0.99,64000,43,1.5104196666666667,2.323866,True,2
6,0.005,0.99,64000,44,1.526242,2.325897,True,2
6,0.005,0.99,64000,45,1.544907,2.271588,True,2
6,0.005,0.99,64000,46,1.4943306666666665,2.326596,True,2
6,0.005,0.9,1000,42,3.040928494444444,nan,False,0
6,0.005,0.9,1000,43,3.042503922222222,nan,False,0
6,0.005,0.9,1000,44,3.126789189655173,nan,False,0
6,0.005,0.9,1000,45,3.0310437444444442,nan,False,0
6,0.005,0.9,1000,46,3.0880944858757062,nan,False,0
6,0.005,0.9,16000,42,5.966273128205128,nan,False,0
6,0.005,0.9,16000,43,5.924836738095238,nan,False,0
6,0.005,0.9,16000,44,5.865001404761904,nan,False,0
6,0.005,0.9,16000,45,5.930593452380952,nan,False,0
6,0.005,0.9,16000,46,5.868524794871794,nan,False,0
6,0.005,0.9,256000,42,7.220575942028985,nan,False,0
6,0.005,0.9,256000,43,7.190522101449274,nan,False,0
6,0.005,0.9,256000,44,7.234730231884057,nan,False,0
6,0.005,0.9,256000,45,7.190124840579709,nan,False,0
6,0.005,0.9,256000,46,7.224845768115943,nan,False,0
6,0.005,0.9,4000,42,5.001721333333332,nan,False,0
6,0.005,0.9,4000,43,5.039201,nan,False,0
6,0.005,0.9,4000,44,4.9708895,nan,False,0
6,0.005,0.9,4000,45,5.031628,nan,False,0
6,0.005,0.9,4000,46,4.926337333333334,nan,False,0
6,0.005,0.9,64000,42,6.564151052631579,nan,False,0
6,0.005,0.9,64000,43,6.5612470175438595,nan,False,0
6,0.005,0.9,64000,44,6.643490183333332,nan,False,0
6,0.005,0.9,64000,45,6.643796649122807,nan,False,0
6,0.005,0.9,64000,46,6.458463543859649,nan,False,0
6,0.015,0.95,1000,42,3.750082819444445,nan,False,0
6,0.015,0.95,1000,43,3.7478097708333333,nan,False,0
6,0.015,0.95,1000,44,3.757908756944444,nan,False,0
6,0.015,0.95,1000,45,3.7348593888888892,nan,False,0
6,0.015,0.95,1000,46,3.710956930555556,nan,False,0
6,0.015,0.95,16000,42,4.711148459770116,nan,False,0
6,0.015,0.95,16000,43,4.7684592768361584,nan,False,0
6,0.015,0.95,16000,44,4.777314581920904,nan,False,0
6,0.015,0.95,16000,45,4.758893220338984,nan,False,0
6,0.015,0.95,16000,46,4.728314830508475,nan,False,0
6,0.015,0.95,256000,42,9.792998958333335,nan,False,0
6,0.015,0.95,256000,43,9.852232208333332,nan,False,0
6,0.015,0.95,256000,44,9.814296916666667,nan,False,0
6,0.015,0.95,256000,45,9.844228333333334,nan,False,0
6,0.015,0.95,256000,46,9.91452675,nan,False,0
6,0.015,0.95,4000,42,4.259414006060607,nan,False,0
6,0.015,0.95,4000,43,4.245852187878788,nan,False,0
6,0.015,0.95,4000,44,4.221451907407407,nan,False,0
6,0.015,0.95,4000,45,4.274757830303029,nan,False,0
6,0.015,0.95,4000,46,4.25606423030303,nan,False,0
6,0.015,0.95,64000,42,9.100982,nan,False,0
6,0.015,0.95,64000,43,9.157513666666667,nan,False,0
6,0.015,0.95,64000,44,9.300672833333334,nan,False,0
6,0.015,0.95,64000,45,9.202321249999999,nan,False,0
6,0.015,0.95,64000,46,8.967220916666667,nan,False,0
6,0.015,0.995,1000,42,3.488148487179487,nan,False,2
6,0.015,0.995,1000,43,3.5307101987179488,nan,False,1
6,0.015,0.995,1000,44,3.5464479487179483,nan,False,0
6,0.015,0.995,1000,45,3.528603551282051,nan,False,1
6,0.015,0.995,1000,46,3.503253628205128,nan,False,2
6,0.015,0.995,16000,42,5.231509166666667,nan,False,0
6,0.015,0.995,16000,43,4.876095233333333,nan,False,2
6,0.015,0.995,16000,44,4.955721037037037,nan,False,2
6,0.015,0.995,16000,45,4.967236333333333,nan,False,2
6,0.015,0.995,16000,46,5.008449814814815,nan,False,2
6,0.015,0.995,256000,42,6.872930807017543,nan,False,2
6,0.015,0.995,256000,43,5.8402454666666666,nan,False,2
6,0.015,0.995,256000,44,6.246383196969696,nan,False,2
6,0.015,0.995,256000,45,5.766266026666667,nan,False,2
6,0.015,0.995,256000,46,5.705999256410257,nan,False,2
6,0.015,0.995,4000,42,3.900956433333333,nan,False,2
6,0.015,0.995,4000,43,3.978414847457627,nan,False,2
6,0.015,0.995,4000,44,3.83875368852459,nan,False,2
6,0.015,0.995,4000,45,3.889172770491803,nan,False,2
6,0.015,0.995,4000,46,3.9702510055555553,nan,False,2
6,0.015,0.995,64000,42,4.879050952380953,nan,False,4
6,0.015,0.995,64000,43,5.413391462962963,nan,False,2
6,0.015,0.995,64000,44,5.323824807017544,nan,False,2
6,0.015,0.995,64000,45,5.0620225833333325,nan,False,4
6,0.015,0.995,64000,46,5.305617456140351,nan,False,2
6,0.015,0.999,1000,42,3.2520676484848483,nan,False,2
6,0.015,0.999,1000,43,2.9150990163934423,nan,False,2
6,0.015,0.999,1000,44,3.0486553575757576,nan,False,2
6,0.015,0.999,1000,45,2.8096456562500003,nan,False,2
6,0.015,0.999,1000,46,2.9102120222222223,nan,False,2
6,0.015,0.999,16000,42,1.712404,4.38844,True,2
6,0.015,0.999,16000,43,2.3307715555555557,nan,False,2
6,0.015,0.999,16000,44,1.8634123333333334,4.186333,True,2
6,0.015,0.999,16000,45,1.9485994444444446,nan,False,2
6,0.015,0.999,16000,46,1.7631649999999999,4.410998,True,2
6,0.015,0.999,256000,42,1.922589,8.845801,True,2
6,0.015,0.999,256000,43,1.8355706666666667,7.636532,True,2
6,0.015,0.999,256000,44,1.9882856666666668,8.022564,True,2
6,0.015,0.999,256000,45,1.9169356666666666,7.637092,True,2
6,0.015,0.999,256000,46,1.9113376666666666,7.636623,True,2
6,0.015,0.999,4000,42,1.4204926176470587,nan,False,2
6,0.015,0.999,4000,43,1.1660466666666667,3.869114,True,2
6,0.015,0.999,4000,44,1.3111430000000002,3.569456,True,2
6,0.015,0.999,4000,45,1.118642666666667,3.670649,True,2
6,0.015,0.999,4000,46,1.5170774933333333,nan,False,2
6,0.015,0.999,64000,42,2.5099015632183908,nan,False,2
6,0.015,0.999,64000,43,2.4487856578947365,nan,False,2
6,0.015,0.999,64000,44,2.33707545945946,nan,False,2
6,0.015,0.999,64000,45,2.2165565877192983,nan,False,2
6,0.015,0.999,64000,46,2.103250666666667,7.885083,True,2
6,0.015,0.99,1000,42,3.651882973333333,nan,False,0
6,0.015,0.99,1000,43,3.6473982066666664,nan,False,0
6,0.015,0.99,1000,44,3.6877507466666675,nan,False,0
6,0.015,0.99,1000,45,3.6559657891156463,nan,False,0
6,0.015,0.99,1000,46,3.6630380340136064,nan,False,0
6,0.015,0.99,16000,42,4.5793148225806455,nan,False,0
6,0.015,0.99,16000,43,4.582623075268817,nan,False,0
6,0.015,0.99,16000,44,4.5701532903225806,nan,False,0
6,0.015,0.99,16000,45,4.555459650273224,nan,False,0
6,0.015,0.99,16000,46,4.562114365591399,nan,False,0
6,0.015,0.99,256000,42,8.6801635,nan,False,0
6,0.015,0.99,256000,43,8.497907361111112,nan,False,0
6,0.015,0.99,256000,44,8.524083833333334,nan,False,0
6,0.015,0.99,256000,45,8.521509666666667,nan,False,0
6,0.015,0.99,256000,46,8.709578138888888,nan,False,0
6,0.015,0.99,4000,42,4.149312584795322,nan,False,0
6,0.015,0.99,4000,43,4.13232318128655,nan,False,0
6,0.015,0.99,4000,44,4.146198107142857,nan,False,0
6,0.015,0.99,4000,45,4.146139297619047,nan,False,0
6,0.015,0.99,4000,46,4.131466877192983,nan,False,0
6,0.015,0.99,64000,42,7.849179958333333,nan,False,0
6,0.015,0.99,64000,43,7.93512738095238,nan,False,0
6,0.015,0.99,64000,44,8.016039249999999,nan,False,0
6,0.015,0.99,64000,45,7.950781083333332,nan,False,0
6,0.015,0.99,64000,46,7.72885025,nan,False,0
6,0.015,0.9,1000,42,3.723633284722222,nan,False,0
6,0.015,0.9,1000,43,3.754943520833333,nan,False,0
6,0.015,0.9,1000,44,3.762919243055556,nan,False,0
6,0.015,0.9,1000,45,3.6994352430555555,nan,False,0
6,0.015,0.9,1000,46,3.711991472222222,nan,False,0
6,0.015,0.9,16000,42,4.732088103448275,nan,False,0
6,0.015,0.9,16000,43,4.701297637931034,nan,False,0
6,0.015,0.9,16000,44,4.725399942528735,nan,False,0
6,0.015,0.9,16000,45,4.7464466779661025,nan,False,0
6,0.015,0.9,16000,46,4.765838390804598,nan,False,0
6,0.015,0.9,256000,42,9.943847666666667,nan,False,0
6,0.015,0.9,256000,43,9.976261714285714,nan,False,0
6,0.015,0.9,256000,44,9.97349019047619,nan,False,0
6,0.015,0.9,256000,45,9.966923523809525,nan,False,0
6,0.015,0.9,256000,46,9.976701761904762,nan,False,0
6,0.015,0.9,4000,42,4.224254854545455,nan,False,0
6,0.015,0.9,4000,43,4.211636157575757,nan,False,0
6,0.015,0.9,4000,44,4.242965266666667,nan,False,0
6,0.015,0.9,4000,45,4.263491527272728,nan,False,0
6,0.015,0.9,4000,46,4.22280183030303,nan,False,0
6,0.015,0.9,64000,42,9.150425555555556,nan,False,0
6,0.015,0.9,64000,43,9.174831222222222,nan,False,0
6,0.015,0.9,64000,44,9.337150416666667,nan,False,0
6,0.015,0.9,64000,45,9.19654088888889,nan,False,0
6,0.015,0.9,64000,46,9.068133666666666,nan,False,0
6,0.016,0.95,1000,42,3.751339444444445,nan,False,0
6,0.016,0.95,1000,43,3.75673093877551,nan,False,0
6,0.016,0.95,1000,44,3.766498930555555,nan,False,0
6,0.016,0.95,1000,45,3.7542549652777777,nan,False,0
6,0.016,0.95,1000,46,3.690607270833333,nan,False,0
6,0.016,0.95,16000,42,4.776662508474576,nan,False,0
6,0.016,0.95,16000,43,4.746357988505747,nan,False,0
6,0.016,0.95,16000,44,4.8105062655367234,nan,False,0
6,0.016,0.95,16000,45,4.787357118644068,nan,False,0
6,0.016,0.95,16000,46,4.735844408045977,nan,False,0
6,0.016,0.95,4000,42,4.260714648484848,nan,False,0
6,0.016,0.95,4000,43,4.2626635454545445,nan,False,0
6,0.016,0.95,4000,44,4.292597012121211,nan,False,0
6,0.016,0.95,4000,45,4.299258133333333,nan,False,0
6,0.016,0.95,4000,46,4.263769072727273,nan,False,0
6,0.016,0.995,1000,42,3.529797607843138,nan,False,0
6,0.016,0.995,1000,43,3.5996894967320263,nan,False,0
6,0.016,0.995,1000,44,3.61363834,nan,False,0
6,0.016,0.995,1000,45,3.6193582333333336,nan,False,0
6,0.016,0.995,1000,46,3.6003658666666665,nan,False,0
6,0.016,0.995,16000,42,5.859896933333333,nan,False,0
6,0.016,0.995,16000,43,6.0975391666666665,nan,False,0
6,0.016,0.995,16000,44,6.203651333333333,nan,False,0
6,0.016,0.995,16000,45,5.912681833333333,nan,False,2
6,0.016,0.995,16000,46,6.072547,nan,False,2
6,0.016,0.995,4000,42,4.029094881355932,nan,False,0
6,0.016,0.995,4000,43,4.012069581920904,nan,False,2
6,0.016,0.995,4000,44,4.032120689655173,nan,False,0
6,0.016,0.995,4000,45,4.013561231638418,nan,False,2
6,0.016,0.995,4000,46,4.045721672413793,nan,False,0
6,0.016,0.999,1000,42,2.920591202185793,nan,False,2
6,0.016,0.999,1000,43,3.2756496296296294,nan,False,2
6,0.016,0.999,1000,44,3.186400209876543,nan,False,2
6,0.016,0.999,1000,45,3.394802333333333,nan,False,2
6,0.016,0.999,1000,46,3.0777216034482757,nan,False,2
6,0.016,0.999,16000,42,2.3346519466666664,nan,False,2
6,0.016,0.999,16000,43,2.202500757575758,nan,False,2
6,0.016,0.999,16000,44,2.2602049733333334,nan,False,2
6,0.016,0.999,16000,45,2.2850814133333337,nan,False,2
6,0.016,0.999,16000,46,2.0525582555555557,nan,False,4
6,0.016,0.999,4000,42,1.3443396666666667,3.720615,True,2
6,0.016,0.999,4000,43,2.139580444444445,nan,False,2
6,0.016,0.999,4000,44,1.613469984126984,nan,False,2
6,0.016,0.999,4000,45,1.5369248095238093,nan,False,2
6,0.016,0.999,4000,46,1.4988869425287354,nan,False,2
6,0.016,0.99,1000,42,3.7091653333333334,nan,False,0
6,0.016,0.99,1000,43,3.6711890340136053,nan,False,0
6,0.016,0.99,1000,44,3.689962829931973,nan,False,0
6,0.016,0.99,1000,45,3.678860537414966,nan,False,0
6,0.016,0.99,1000,46,3.672891868055556,nan,False,0
6,0.016,0.99,16000,42,4.655876255555556,nan,False,0
6,0.016,0.99,16000,43,4.669872894444446,nan,False,0
6,0.016,0.99,16000,44,4.651008163841809,nan,False,0
6,0.016,0.99,16000,45,4.637117920903955,nan,False,0
6,0.016,0.99,16000,46,4.627132861111111,nan,False,0
6,0.016,0.99,4000,42,4.198798369047618,nan,False,0
6,0.016,0.99,4000,43,4.205037017857143,nan,False,0
6,0.016,0.99,4000,44,4.185749830303029,nan,False,0
6,0.016,0.99,4000,45,4.230166702380953,nan,False,0
6,0.016,0.99,4000,46,4.141473721212121,nan,False,0
6,0.016,0.9,1000,42,3.7301141944444445,nan,False,0
6,0.016,0.9,1000,43,3.7505678611111115,nan,False,0
6,0.016,0.9,1000,44,3.732263476190477,nan,False,0
6,0.016,0.9,1000,45,3.7061458194444445,nan,False,0
6,0.016,0.9,1000,46,3.7132866805555556,nan,False,0
6,0.016,0.9,16000,42,4.707449522988505,nan,False,0
6,0.016,0.9,16000,43,4.771508040935673,nan,False,0
6,0.016,0.9,16000,44,4.774736212643678,nan,False,0
6,0.016,0.9,16000,45,4.720205270114943,nan,False,0
6,0.016,0.9,16000,46,4.693857752873564,nan,False,0
6,0.016,0.9,4000,42,4.241143739393939,nan,False,0
6,0.016,0.9,4000,43,4.252678872727273,nan,False,0
6,0.016,0.9,4000,44,4.276947509090909,nan,False,0
6,0.016,0.9,4000,45,4.245630030864198,nan,False,0
6,0.016,0.9,4000,46,4.2444766049382725,nan,False,0
6,0.03,0.95,1000,42,3.734270156462585,nan,False,0
6,0.03,0.95,1000,43,3.7506213958333334,nan,False,0
6,0.03,0.95,1000,44,3.7246704513888886,nan,False,0
6,0.03,0.95,1000,45,3.733589789115646,nan,False,0
6,0.03,0.95,1000,46,3.6811405069444447,nan,False,0
6,0.03,0.95,16000,42,4.751923385964912,nan,False,0
6,0.03,0.95,16000,43,4.769747081871345,nan,False,0
6,0.03,0.95,16000,44,4.7831598245614035,nan,False,0
6,0.03,0.95,16000,45,4.753063444444446,nan,False,0
6,0.03,0.95,16000,46,4.752339748538011,nan,False,0
6,0.03,0.95,4000,42,4.2367176851851855,nan,False,0
6,0.03,0.95,4000,43,4.232282314814815,nan,False,0
6,0.03,0.95,4000,44,4.248245938271605,nan,False,0
6,0.03,0.95,4000,45,4.312067433962264,nan,False,0
6,0.03,0.95,4000,46,4.236036314814815,nan,False,0
6,0.03,0.95,64000,42,5.26661282183908,nan,False,0
6,0.03,0.95,64000,43,5.243805563218391,nan,False,0
6,0.03,0.95,64000,44,5.324716068965517,nan,False,0
6,0.03,0.95,64000,45,5.270623637931036,nan,False,0
6,0.03,0.95,64000,46,5.270384379310344,nan,False,0
6,0.03,0.995,1000,42,3.748696768707483,nan,False,0
6,0.03,0.995,1000,43,3.7576110340136055,nan,False,0
6,0.03,0.995,1000,44,3.723071944444444,nan,False,0
6,0.03,0.995,1000,45,3.7373737291666664,nan,False,0
6,0.03,0.995,1000,46,3.7241491180555553,nan,False,0
6,0.03,0.995,16000,42,4.774995245614035,nan,False,0
6,0.03,0.995,16000,43,4.783552239766081,nan,False,0
6,0.03,0.995,16000,44,4.791075497076023,nan,False,0
6,0.03,0.995,16000,45,4.78163483625731,nan,False,0
6,0.03,0.995,16000,46,4.726773380116959,nan,False,0
6,0.03,0.995,4000,42,4.286158339506172,nan,False,0
6,0.03,0.995,4000,43,4.267998648148149,nan,False,0
6,0.03,0.995,4000,44,4.301893407407407,nan,False,0
6,0.03,0.995,4000,45,4.305160364197532,nan,False,0
6,0.03,0.995,4000,46,4.278462351851853,nan,False,0
6,0.03,0.995,64000,42,9.606962000000001,nan,False,0
6,0.03,0.995,64000,43,9.607602,nan,False,0
6,0.03,0.995,64000,44,9.776194555555556,nan,False,0
6,0.03,0.995,64000,45,5.225939264367816,nan,False,0
6,0.03,0.995,64000,46,5.246521137931034,nan,False,0
6,0.03,0.999,1000,42,3.5717098163265306,nan,False,2
6,0.03,0.999,1000,43,3.790029028368794,nan,False,0
6,0.03,0.999,1000,44,3.6899371319444447,nan,False,0
6,0.03,0.999,1000,45,3.707721390070921,nan,False,0
6,0.03,0.999,1000,46,3.718201539007092,nan,False,0
6,0.03,0.999,16000,42,4.8906969090909085,nan,False,0
6,0.03,0.999,16000,43,4.8536265654761905,nan,False,0
6,0.03,0.999,16000,44,4.817015958333333,nan,False,0
6,0.03,0.999,16000,45,4.878517708333333,nan,False,0
6,0.03,0.999,16000,46,4.793811923976608,nan,False,2
6,0.03,0.999,4000,42,4.167176708333334,nan,False,2
6,0.03,0.999,4000,43,4.237178358490565,nan,False,0
6,0.03,0.999,4000,44,4.277465490566038,nan,False,0
6,0.03,0.999,4000,45,4.3392722692307695,nan,False,0
6,0.03,0.999,4000,46,4.19171663580247,nan,False,2
6,0.03,0.999,64000,42,5.309561169590643,nan,False,0
6,0.03,0.999,64000,43,5.298829906432748,nan,False,0
6,0.03,0.999,64000,44,5.441874220238096,nan,False,0
6,0.03,0.999,64000,45,5.405056415204678,nan,False,0
6,0.03,0.999,64000,46,5.350832545977012,nan,False,0
6,0.03,0.99,1000,42,3.7562634166666666,nan,False,0
6,0.03,0.99,1000,43,3.7178599574468083,nan,False,0
6,0.03,0.99,1000,44,3.7246260208333335,nan,False,0
6,0.03,0.99,1000,45,3.7200956241134744,nan,False,0
6,0.03,0.99,1000,46,3.7307099930555556,nan,False,0
6,0.03,0.99,16000,42,4.788700619883041,nan,False,0
6,0.03,0.99,16000,43,4.8067144736842105,nan,False,0
6,0.03,0.99,16000,44,4.812887976608187,nan,False,0
6,0.03,0.99,16000,45,4.798478748538011,nan,False,0
6,0.03,0.99,16000,46,4.771231385964913,nan,False,0
6,0.03,0.99,4000,42,4.289813265432099,nan,False,0
6,0.03,0.99,4000,43,4.285829530864198,nan,False,0
6,0.03,0.99,4000,44,4.314781197530864,nan,False,0
6,0.03,0.99,4000,45,4.328572820987655,nan,False,0
6,0.03,0.99,4000,46,4.294185783950618,nan,False,0
6,0.03,0.99,64000,42,5.233944327586207,nan,False,0
6,0.03,0.99,64000,43,5.255976505747127,nan,False,0
6,0.03,0.99,64000,44,5.312028333333333,nan,False,0
6,0.03,0.99,64000,45,5.265863683908046,nan,False,0
6,0.03,0.99,64000,46,5.238435902298852,nan,False,0
6,0.03,0.9,1000,42,3.7405991428571435,nan,False,0
6,0.03,0.9,1000,43,3.7336869591836734,nan,False,0
6,0.03,0.9,1000,44,3.6991559305555555,nan,False,0
6,0.03,0.9,1000,45,3.7044740340136055,nan,False,0
6,0.03,0.9,1000,46,3.7186513129251697,nan,False,0
6,0.03,0.9,16000,42,4.808295842105263,nan,False,0
6,0.03,0.9,16000,43,4.8113353684210525,nan,False,0
6,0.03,0.9,16000,44,4.812883771929825,nan,False,0
6,0.03,0.9,16000,45,4.824205315789474,nan,False,0
6,0.03,0.9,16000,46,4.74171081871345,nan,False,0
6,0.03,0.9,4000,42,4.2308733518518515,nan,False,0
6,0.03,0.9,4000,43,4.224496290123457,nan,False,0
6,0.03,0.9,4000,44,4.271158230303031,nan,False,0
6,0.03,0.9,4000,45,4.250474728395061,nan,False,0
6,0.03,0.9,4000,46,4.220068827160495,nan,False,0
6,0.03,0.9,64000,42,5.229786252873564,nan,False,0
6,0.03,0.9,64000,43,5.290040051724139,nan,False,0
6,0.03,0.9,64000,44,5.316991830508475,nan,False,0
6,0.03,0.9,64000,45,5.288654418079097,nan,False,0
6,0.03,0.9,64000,46,5.280966689655173,nan,False,0
6,0.05,0.95,1000,42,3.728641625,nan,False,0
6,0.05,0.95,1000,43,3.7290819787234035,nan,False,0
6,0.05,0.95,1000,44,3.740602951388889,nan,False,0
6,0.05,0.95,1000,45,3.7222025694444447,nan,False,0
6,0.05,0.95,1000,46,3.7033876041666667,nan,False,0
6,0.05,0.95,16000,42,4.851288773809523,nan,False,0
6,0.05,0.95,16000,43,4.837086773809523,nan,False,0
6,0.05,0.95,16000,44,4.895781297619048,nan,False,0
6,0.05,0.95,16000,45,4.860951029761905,nan,False,0
6,0.05,0.95,16000,46,4.8190263859649125,nan,False,0
6,0.05,0.95,4000,42,4.233001296296296,nan,False,0
6,0.05,0.95,4000,43,4.233580604938272,nan,False,0
6,0.05,0.95,4000,44,4.271427722222222,nan,False,0
6,0.05,0.95,4000,45,4.27935463580247,nan,False,0
6,0.05,0.95,4000,46,4.252727197530864,nan,False,0
6,0.05,0.95,64000,42,5.323529912280702,nan,False,0
6,0.05,0.95,64000,43,5.330657017543859,nan,False,0
6,0.05,0.95,64000,44,5.382884438596492,nan,False,0
6,0.05,0.95,64000,45,5.324848766081873,nan,False,0
6,0.05,0.95,64000,46,5.294670976608187,nan,False,0
6,0.05,0.995,1000,42,3.7087730625,nan,False,0
6,0.05,0.995,1000,43,3.7513364652777774,nan,False,0
6,0.05,0.995,1000,44,3.7532521597222224,nan,False,0
6,0.05,0.995,1000,45,3.703701708333334,nan,False,0
6,0.05,0.995,1000,46,3.689145597222222,nan,False,0
6,0.05,0.995,16000,42,4.796158719298246,nan,False,0
6,0.05,0.995,16000,43,4.7729506964285715,nan,False,0
6,0.05,0.995,16000,44,4.817876812865497,nan,False,0
6,0.05,0.995,16000,45,4.777035958333333,nan,False,0
6,0.05,0.995,16000,46,4.780469444444445,nan,False,0
6,0.05,0.995,4000,42,4.260310679012346,nan,False,0
6,0.05,0.995,4000,43,4.256568209876543,nan,False,0
6,0.05,0.995,4000,44,4.287337438271605,nan,False,0
6,0.05,0.995,4000,45,4.32099088271605,nan,False,0
6,0.05,0.995,4000,46,4.240851937106918,nan,False,0
6,0.05,0.995,64000,42,5.256060228070176,nan,False,0
6,0.05,0.995,64000,43,5.2817360233918125,nan,False,0
6,0.05,0.995,64000,44,5.283293155172413,nan,False,0
6,0.05,0.995,64000,45,5.303299362573099,nan,False,0
6,0.05,0.995,64000,46,5.267420035087719,nan,False,0
6,0.05,0.999,1000,42,3.7573431304347826,nan,False,0
6,0.05,0.999,1000,43,3.8287715851851853,nan,False,0
6,0.05,0.999,1000,44,3.7317070567375876,nan,False,0
6,0.05,0.999,1000,45,3.7452491449275365,nan,False,0
6,0.05,0.999,1000,46,3.701809255319148,nan,False,0
6,0.05,0.999,16000,42,4.919149818181817,nan,False,0
6,0.05,0.999,16000,43,4.889686586419753,nan,False,0
6,0.05,0.999,16000,44,4.914356413580247,nan,False,0
6,0.05,0.999,16000,45,4.93833625925926,nan,False,0
6,0.05,0.999,16000,46,4.865913830303031,nan,False,0
6,0.05,0.999,4000,42,4.300020358490566,nan,False,0
6,0.05,0.999,4000,43,4.351114269230769,nan,False,0
6,0.05,0.999,4000,44,4.309720301886793,nan,False,0
6,0.05,0.999,4000,45,4.338954069182391,nan,False,0
6,0.05,0.999,4000,46,4.3464925897435895,nan,False,0
6,0.05,0.999,64000,42,5.354801922619047,nan,False,0
6,0.05,0.999,64000,43,5.3411222261904765,nan,False,0
6,0.05,0.999,64000,44,5.415864248484849,nan,False,0
6,0.05,0.999,64000,45,5.388597145454545,nan,False,0
6,0.05,0.999,64000,46,5.366816715151515,nan,False,0
6,0.05,0.99,1000,42,3.731930576388889,nan,False,0
6,0.05,0.99,1000,43,3.7477103958333333,nan,False,0
6,0.05,0.99,1000,44,3.746043208333333,nan,False,0
6,0.05,0.99,1000,45,3.711707222222222,nan,False,0
6,0.05,0.99,1000,46,3.7167181180555553,nan,False,0
6,0.05,0.99,16000,42,4.829812701754385,nan,False,0
6,0.05,0.99,16000,43,4.826830292397661,nan,False,0
6,0.05,0.99,16000,44,4.815339202380953,nan,False,0
6,0.05,0.99,16000,45,4.793482208333335,nan,False,0
6,0.05,0.99,16000,46,4.7934332514619875,nan,False,0
6,0.05,0.99,4000,42,4.284251734567902,nan,False,0
6,0.05,0.99,4000,43,4.270356777777777,nan,False,0
6,0.05,0.99,4000,44,4.274843396226414,nan,False,0
6,0.05,0.99,4000,45,4.3209002654320985,nan,False,0
6,0.05,0.99,4000,46,4.306416876543211,nan,False,0
6,0.05,0.99,64000,42,5.2986035344827584,nan,False,0
6,0.05,0.99,64000,43,5.297772432748538,nan,False,0
6,0.05,0.99,64000,44,5.313341908045978,nan,False,0
6,0.05,0.99,64000,45,5.2952749367816105,nan,False,0
6,0.05,0.99,64000,46,5.239600775862069,nan,False,0
6,0.05,0.9,1000,42,3.7085936527777776,nan,False,0
6,0.05,0.9,1000,43,3.7069395486111105,nan,False,0
6,0.05,0.9,1000,44,3.677999708333333,nan,False,0
6,0.05,0.9,1000,45,3.6937069930555553,nan,False,0
6,0.05,0.9,1000,46,3.661710284722222,nan,False,0
6,0.05,0.9,16000,42,4.838061267857142,nan,False,0
6,0.05,0.9,16000,43,4.88333406547619,nan,False,0
6,0.05,0.9,16000,44,4.8330546,nan,False,0
6,0.05,0.9,16000,45,4.878196053571429,nan,False,0
6,0.05,0.9,16000,46,4.822078589285714,nan,False,0
6,0.05,0.9,4000,42,4.222263067901234,nan,False,0
6,0.05,0.9,4000,43,4.2507637777777765,nan,False,0
6,0.05,0.9,4000,44,4.279527561728395,nan,False,0
6,0.05,0.9,4000,45,4.243729779874213,nan,False,0
6,0.05,0.9,4000,46,4.241600814814815,nan,False,0
6,0.05,0.9,64000,42,5.365380035087719,nan,False,0
6,0.05,0.9,64000,43,5.34967552631579,nan,False,0
6,0.05,0.9,64000,44,5.386091654970761,nan,False,0
6,0.05,0.9,64000,45,5.375827233918129,nan,False,0
6,0.05,0.9,64000,46,5.3378946257309945,nan,False,0
6,0.064,0.95,1000,42,3.700900895833333,nan,False,0
6,0.064,0.95,1000,43,3.7304138680555554,nan,False,0
6,0.064,0.95,1000,44,3.7159639148936185,nan,False,0
6,0.064,0.95,1000,45,3.7413200763888894,nan,False,0
6,0.064,0.95,1000,46,3.7154390694444444,nan,False,0
6,0.064,0.95,4000,42,4.258384327044025,nan,False,0
6,0.064,0.95,4000,43,4.246370277777778,nan,False,0
6,0.064,0.95,4000,44,4.274141805031446,nan,False,0
6,0.064,0.95,4000,45,4.24867506918239,nan,False,0
6,0.064,0.95,4000,46,4.233024407407408,nan,False,0
6,0.064,0.995,1000,42,3.732439444444445,nan,False,0
6,0.064,0.995,1000,43,3.7351605069444442,nan,False,0
6,0.064,0.995,1000,44,3.765622744680851,nan,False,0
6,0.064,0.995,1000,45,3.7088271527777774,nan,False,0
6,0.064,0.995,1000,46,3.7095927777777775,nan,False,0
6,0.064,0.995,4000,42,4.262282754716981,nan,False,0
6,0.064,0.995,4000,43,4.262064722222222,nan,False,0
6,0.064,0.995,4000,44,4.270786685534591,nan,False,0
6,0.064,0.995,4000,45,4.32899698765432,nan,False,0
6,0.064,0.995,4000,46,4.284678191358024,nan,False,0
6,0.064,0.999,1000,42,3.7723526376811587,nan,False,0
6,0.064,0.999,1000,43,3.748926210144928,nan,False,0
6,0.064,0.999,1000,44,3.75042818115942,nan,False,0
6,0.064,0.999,1000,45,3.7579869716312055,nan,False,0
6,0.064,0.999,1000,46,3.7620475602836883,nan,False,0
6,0.064,0.999,4000,42,4.374975955128205,nan,False,0
6,0.064,0.999,4000,43,4.351827955128205,nan,False,0
6,0.064,0.999,4000,44,4.335669987179487,nan,False,0
6,0.064,0.999,4000,45,4.400432137254902,nan,False,0
6,0.064,0.999,4000,46,4.3691874935897435,nan,False,0
6,0.064,0.99,1000,42,3.716381722222222,nan,False,0
6,0.064,0.99,1000,43,3.7138799652777776,nan,False,0
6,0.064,0.99,1000,44,3.7434570624999997,nan,False,0
6,0.064,0.99,1000,45,3.692893737588653,nan,False,0
6,0.064,0.99,1000,46,3.7080512430555554,nan,False,0
6,0.064,0.99,4000,42,4.28780974074074,nan,False,0
6,0.064,0.99,4000,43,4.244274805031447,nan,False,0
6,0.064,0.99,4000,44,4.300204358490566,nan,False,0
6,0.064,0.99,4000,45,4.335094493827161,nan,False,0
6,0.064,0.99,4000,46,4.283885240740741,nan,False,0
6,0.064,0.9,1000,42,3.674958263888889,nan,False,0
6,0.064,0.9,1000,43,3.701688380952381,nan,False,0
6,0.064,0.9,1000,44,3.684280159722222,nan,False,0
6,0.064,0.9,1000,45,3.6889887823129257,nan,False,0
6,0.064,0.9,1000,46,3.656185166666667,nan,False,0
6,0.064,0.9,4000,42,4.27774006918239,nan,False,0
6,0.064,0.9,4000,43,4.24303062345679,nan,False,0
6,0.064,0.9,4000,44,4.26120074074074,nan,False,0
6,0.064,0.9,4000,45,4.27601387654321,nan,False,0
6,0.064,0.9,4000,46,4.277202012345679,nan,False,0
6,0.0,0.95,1000,42,2.7412656069651744,nan,False,2
6,0.0,0.95,1000,43,2.684546743961353,nan,False,2
6,0.0,0.95,1000,44,2.786683019900497,nan,False,2
6,0.0,0.95,1000,45,2.694275681372549,nan,False,2
6,0.0,0.95,1000,46,2.6498985619047613,nan,False,2
6,0.0,0.95,16000,42,4.6495668,nan,False,2
6,0.0,0.95,16000,43,4.6902313866666665,nan,False,2
6,0.0,0.95,16000,44,4.705633884615385,nan,False,2
6,0.0,0.95,16000,45,4.633032256410256,nan,False,2
6,0.0,0.95,16000,46,4.652913615384615,nan,False,2
6,0.0,0.95,256000,42,5.688330657657659,nan,False,2
6,0.0,0.95,256000,43,5.727527148148148,nan,False,2
6,0.0,0.95,256000,44,5.771031306306306,nan,False,2
6,0.0,0.95,256000,45,5.723750063063063,nan,False,2
6,0.0,0.95,256000,46,5.7404726018518515,nan,False,2
6,0.0,0.95,4000,42,3.8259092708333333,nan,False,2
6,0.0,0.95,4000,43,4.035974488888889,nan,False,2
6,0.0,0.95,4000,44,3.9252489777777773,nan,False,2
6,0.0,0.95,4000,45,4.12802419047619,nan,False,2
6,0.0,0.95,4000,46,4.073113404761904,nan,False,2
6,0.0,0.95,64000,42,5.241074225806451,nan,False,2
6,0.0,0.95,64000,43,5.163362161616162,nan,False,2
6,0.0,0.95,64000,44,5.274033483870968,nan,False,2
6,0.0,0.95,64000,45,5.169761718749999,nan,False,2
6,0.0,0.95,64000,46,5.166168313131313,nan,False,2
6,0.0,0.995,1000,42,3.198896369047619,nan,False,2
6,0.0,0.995,1000,43,2.6807579411764704,nan,False,2
6,0.0,0.995,1000,44,2.9941570710382517,nan,False,2
6,0.0,0.995,1000,45,3.0024148852459014,nan,False,2
6,0.0,0.995,1000,46,2.8677533915343916,nan,False,2
6,0.0,0.995,16000,42,2.4486803333333333,3.063389,True,2
6,0.0,0.995,16000,43,2.5034073333333335,3.063491,True,2
6,0.0,0.995,16000,44,2.5117786666666664,2.936153,True,2
6,0.0,0.995,16000,45,2.5293829999999997,3.057049,True,2
6,0.0,0.995,16000,46,2.5064026666666663,2.935911,True,2
6,0.0,0.995,256000,42,2.524538,3.007625,True,2
6,0.0,0.995,256000,43,2.5113736666666666,3.006389,True,2
6,0.0,0.995,256000,44,2.5056709999999995,3.007667,True,2
6,0.0,0.995,256000,45,2.486261666666667,3.006576,True,2
6,0.0,0.995,256000,46,2.5174066666666666,3.075045,True,2
6,0.0,0.995,4000,42,2.2212023333333337,3.15298,True,2
6,0.0,0.995,4000,43,2.581289911111112,nan,False,2
6,0.0,0.995,4000,44,2.746487666666667,2.807022,True,2
6,0.0,0.995,4000,45,2.458745,3.165727,True,2
6,0.0,0.995,4000,46,2.504803666666667,2.810762,True,2
6,0.0,0.995,64000,42,2.5030249999999996,3.065529,True,2
6,0.0,0.995,64000,43,2.480230666666667,3.064127,True,2
6,0.0,0.995,64000,44,2.398484,3.141066,True,2
6,0.0,0.995,64000,45,2.582832,3.065709,True,2
6,0.0,0.995,64000,46,2.4805896666666665,2.999767,True,2
6,0.0,0.999,1000,42,0.9117274666666667,nan,False,2
6,0.0,0.999,1000,43,0.9617950933333335,nan,False,2
6,0.0,0.999,1000,44,0.7039725833333333,nan,False,2
6,0.0,0.999,1000,45,0.7530406944444445,nan,False,2
6,0.0,0.999,1000,46,2.2341111300813004,nan,False,2
6,0.0,0.999,16000,42,0.7921936666666666,5.104694,True,2
6,0.0,0.999,16000,43,0.7445956666666667,5.533169,True,2
6,0.0,0.999,16000,44,0.8425596666666667,5.698519,True,2
6,0.0,0.999,16000,45,0.751462,4.429937,True,2
6,0.0,0.999,16000,46,0.7477143333333333,5.162483,True,2
6,0.0,0.999,256000,42,0.770419,4.913575,True,2
6,0.0,0.999,256000,43,0.7706816666666666,5.16738,True,2
6,0.0,0.999,256000,44,0.7796086666666667,5.023668,True,2
6,0.0,0.999,256000,45,0.7819913333333334,4.860072,True,2
6,0.0,0.999,256000,46,0.7803333333333334,5.085271,True,2
6,0.0,0.999,4000,42,0.7086773333333333,5.908812,True,2
6,0.0,0.999,4000,43,0.8595895555555556,nan,False,2
6,0.0,0.999,4000,44,0.895424652173913,nan,False,2
6,0.0,0.999,4000,45,0.94047564,nan,False,2
6,0.0,0.999,4000,46,0.7821970512820513,nan,False,2
6,0.0,0.999,64000,42,0.7747343333333333,4.81374,True,4
6,0.0,0.999,64000,43,0.7733043333333334,4.852915,True,2
6,0.0,0.999,64000,44,0.7785276666666667,5.136522,True,2
6,0.0,0.999,64000,45,0.7960743333333333,5.239672,True,4
6,0.0,0.999,64000,46,0.7877033333333333,4.689792,True,2
6,0.0,0.99,1000,42,3.0830715611111112,nan,False,2
6,0.0,0.99,1000,43,3.34108236419753,nan,False,2
6,0.0,0.99,1000,44,3.2992905939393946,nan,False,2
6,0.0,0.99,1000,45,3.020999016393443,nan,False,2
6,0.0,0.99,1000,46,3.2683184606060602,nan,False,2
6,0.0,0.99,16000,42,3.9853462424242423,nan,False,2
6,0.0,0.99,16000,43,4.032247539682539,nan,False,2
6,0.0,0.99,16000,44,4.161562849999999,nan,False,2
6,0.0,0.99,16000,45,3.7906041594202895,nan,False,2
6,0.0,0.99,16000,46,3.860076166666666,nan,False,2
6,0.0,0.99,256000,42,4.7786651880341875,nan,False,4
6,0.0,0.99,256000,43,4.743845841666667,nan,False,4
6,0.0,0.99,256000,44,4.863704131578948,nan,False,3
6,0.0,0.99,256000,45,4.745030391666666,nan,False,4
6,0.0,0.99,256000,46,4.915050815789473,nan,False,4
6,0.0,0.99,4000,42,3.55257,nan,False,2
6,0.0,0.99,4000,43,3.273347066666667,nan,False,2
6,0.0,0.99,4000,44,3.3998384761904767,nan,False,2
6,0.0,0.99,4000,45,3.373350666666667,nan,False,2
6,0.0,0.99,4000,46,3.3867788518518522,nan,False,2
6,0.0,0.99,64000,42,4.328163291666667,nan,False,4
6,0.0,0.99,64000,43,4.305079260416667,nan,False,4
6,0.0,0.99,64000,44,4.503229344086022,nan,False,2
6,0.0,0.99,64000,45,4.498223268817204,nan,False,2
6,0.0,0.99,64000,46,4.458231064516129,nan,False,3
6,0.0,0.9,1000,42,2.937775026881721,nan,False,0
6,0.0,0.9,1000,43,3.0172309166666667,nan,False,0
6,0.0,0.9,1000,44,3.0592968305084747,nan,False,0
6,0.0,0.9,1000,45,3.0291037944444446,nan,False,0
6,0.0,0.9,1000,46,3.0581652372881356,nan,False,0
6,0.0,0.9,16000,42,5.902971282051282,nan,False,0
6,0.0,0.9,16000,43,5.861300785714286,nan,False,0
6,0.0,0.9,16000,44,5.957410261904761,nan,False,0
6,0.0,0.9,16000,45,5.756491476190476,nan,False,0
6,0.0,0.9,16000,46,5.827925119047619,nan,False,0
6,0.0,0.9,256000,42,7.155553043478261,nan,False,0
6,0.0,0.9,256000,43,7.18490111594203,nan,False,0
6,0.0,0.9,256000,44,7.1840267826086945,nan,False,0
6,0.0,0.9,256000,45,7.166569884057971,nan,False,0
6,0.0,0.9,256000,46,7.251651130434782,nan,False,0
6,0.0,0.9,4000,42,5.037628000000001,nan,False,0
6,0.0,0.9,4000,43,4.9066789166666664,nan,False,0
6,0.0,0.9,4000,44,5.05471275,nan,False,0
6,0.0,0.9,4000,45,5.107072916666667,nan,False,0
6,0.0,0.9,4000,46,5.032161583333334,nan,False,0
6,0.0,0.9,64000,42,6.532716964912281,nan,False,0
6,0.0,0.9,64000,43,6.57804757894737,nan,False,0
6,0.0,0.9,64000,44,6.665481649122808,nan,False,0
6,0.0,0.9,64000,45,6.5211370833333335,nan,False,0
6,0.0,0.9,64000,46,6.504501543859649,nan,False,0
7,0.001,0.95,1000,42,3.2157485297619046,nan,False,2
7,0.001,0.95,1000,43,3.195003721212122,nan,False,0
7,0.001,0.95,1000,44,3.2627021071428572,nan,False,0
7,0.001,0.95,1000,45,3.248460345238095,nan,False,0
7,0.001,0.95,1000,46,3.17882675,nan,False,2
7,0.001,0.95,16000,42,5.821508625,nan,False,0
7,0.001,0.95,16000,43,5.891021208333333,nan,False,0
7,0.001,0.95,16000,44,5.9103839166666665,nan,False,0
7,0.001,0.95,16000,45,5.586700111111112,nan,False,0
7,0.001,0.95,16000,46,5.5366295,nan,False,0
7,0.001,0.95,4000,42,3.4498918805970145,nan,False,0
7,0.001,0.95,4000,43,3.531293257575758,nan,False,0
7,0.001,0.95,4000,44,3.4865365124378105,nan,False,0
7,0.001,0.95,4000,45,3.489883984848485,nan,False,0
7,0.001,0.95,4000,46,3.533139758974359,nan,False,0
7,0.001,0.995,1000,42,1.4056338888888888,nan,False,2
7,0.001,0.995,1000,43,1.6073900476190475,nan,False,2
7,0.001,0.995,1000,44,2.4967909305555556,nan,False,2
7,0.001,0.995,1000,45,1.5280027999999999,nan,False,2
7,0.001,0.995,1000,46,2.485650846846847,nan,False,2
7,0.001,0.995,16000,42,1.622575333333333,2.317631,True,2
7,0.001,0.995,16000,43,1.5278436666666666,2.314699,True,2
7,0.001,0.995,16000,44,1.5375593333333333,2.41249,True,2
7,0.001,0.995,16000,45,1.4667286666666666,2.319851,True,2
7,0.001,0.995,16000,46,1.5953093333333335,2.317001,True,2
7,0.001,0.995,4000,42,1.5506366666666664,2.248227,True,2
7,0.001,0.995,4000,43,1.3466243333333334,2.446143,True,2
7,0.001,0.995,4000,44,1.5398166666666668,2.255288,True,2
7,0.001,0.995,4000,45,1.7745173333333335,2.253605,True,2
7,0.001,0.995,4000,46,1.4704336666666666,2.441766,True,2
7,0.001,0.999,1000,42,3.7427850567375893,nan,False,2
7,0.001,0.999,1000,43,3.4938098533333335,nan,False,2
7,0.001,0.999,1000,44,3.601083170068027,nan,False,2
7,0.001,0.999,1000,45,3.5807350612244897,nan,False,2
7,0.001,0.999,1000,46,3.30257750617284,nan,False,2
7,0.001,0.999,16000,42,2.164572666666667,nan,False,2
7,0.001,0.999,16000,43,2.1633250555555557,nan,False,2
7,0.001,0.999,16000,44,1.9667432820512818,nan,False,2
7,0.001,0.999,16000,45,4.282217353535353,nan,False,2
7,0.001,0.999,16000,46,2.161333805555555,nan,False,2
7,0.001,0.999,4000,42,4.068080505952381,nan,False,2
7,0.001,0.999,4000,43,3.4398979362745097,nan,False,2
7,0.001,0.999,4000,44,3.4843471840796028,nan,False,2
7,0.001,0.999,4000,45,1.4623546666666667,nan,False,2
7,0.001,0.999,4000,46,3.446516848039216,nan,False,2
7,0.001,0.99,1000,42,1.6975056666666668,nan,False,2
7,0.001,0.99,1000,43,2.510571222222222,nan,False,2
7,0.001,0.99,1000,44,2.4600184666666665,nan,False,2
7,0.001,0.99,1000,45,1.7342048666666667,nan,False,2
7,0.001,0.99,1000,46,1.830607583333333,nan,False,2
7,0.001,0.99,16000,42,1.926643,1.953622,True,2
7,0.001,0.99,16000,43,1.8578229999999998,2.039505,True,2
7,0.001,0.99,16000,44,1.8970806666666666,1.953622,True,2
7,0.001,0.99,16000,45,1.923674,1.954581,True,2
7,0.001,0.99,16000,46,1.83148,1.954281,True,2
7,0.001,0.99,4000,42,1.7850426666666668,2.000997,True,2
7,0.001,0.99,4000,43,2.074456,1.920483,True,2
7,0.001,0.99,4000,44,1.9713156666666665,1.998884,True,2
7,0.001,0.99,4000,45,2.0457520000000002,2.083249,True,2
7,0.001,0.99,4000,46,1.8495893333333335,1.99384,True,2
7,0.001,0.9,1000,42,3.4148659679487183,nan,False,0
7,0.001,0.9,1000,43,3.371087125786163,nan,False,0
7,0.001,0.9,1000,44,3.4092546981132075,nan,False,0
7,0.001,0.9,1000,45,3.3405701913580237,nan,False,0
7,0.001,0.9,1000,46,3.373924251572327,nan,False,0
7,0.001,0.9,16000,42,6.742584555555556,nan,False,0
7,0.001,0.9,16000,43,4.185945148717948,nan,False,0
7,0.001,0.9,16000,44,4.204562200000001,nan,False,0
7,0.001,0.9,16000,45,4.153652020512821,nan,False,0
7,0.001,0.9,16000,46,4.21365017948718,nan,False,0
7,0.001,0.9,4000,42,3.744002508196721,nan,False,0
7,0.001,0.9,4000,43,3.7661951092896175,nan,False,0
7,0.001,0.9,4000,44,3.7826053934426236,nan,False,0
7,0.001,0.9,4000,45,3.832178211111111,nan,False,0
7,0.001,0.9,4000,46,3.7571309677419347,nan,False,0
7,0.004,0.95,1000,42,3.1182701781609192,nan,False,2
7,0.004,0.95,1000,43,3.131852482758621,nan,False,2
7,0.004,0.95,1000,44,3.2929711575757565,nan,False,0
7,0.004,0.95,1000,45,3.1978556959064326,nan,False,0
7,0.004,0.95,1000,46,3.065043925287356,nan,False,2
7,0.004,0.95,16000,42,5.601525033333333,nan,False,0
7,0.004,0.95,16000,43,5.643178366666667,nan,False,0
7,0.004,0.95,16000,44,5.7061559393939385,nan,False,0
7,0.004,0.95,16000,45,5.670691030303031,nan,False,0
7,0.004,0.95,16000,46,5.4542608,nan,False,0
7,0.004,0.95,4000,42,3.418493279411765,nan,False,0
7,0.004,0.95,4000,43,3.40827009178744,nan,False,0
7,0.004,0.95,4000,44,3.3135351971830986,nan,False,2
7,0.004,0.95,4000,45,3.4017503526570043,nan,False,0
7,0.004,0.95,4000,46,3.356575895238095,nan,False,2
7,0.004,0.995,1000,42,1.4268463333333334,nan,False,2
7,0.004,0.995,1000,43,2.41547086936937,nan,False,2
7,0.004,0.995,1000,44,1.264311759259259,nan,False,2
7,0.004,0.995,1000,45,1.4118997083333333,nan,False,2
7,0.004,0.995,1000,46,1.2247476666666666,2.166971,True,2
7,0.004,0.995,16000,42,1.2751783333333333,2.308577,True,2
7,0.004,0.995,16000,43,1.3844423333333333,2.314365,True,2
7,0.004,0.995,16000,44,1.3362536666666667,2.413119,True,2
7,0.004,0.995,16000,45,1.2775083333333332,2.217083,True,2
7,0.004,0.995,16000,46,1.360055,2.3128,True,2
7,0.004,0.995,4000,42,1.2982509999999998,2.237522,True,2
7,0.004,0.995,4000,43,1.319378,2.243899,True,2
7,0.004,0.995,4000,44,1.318132,2.152154,True,2
7,0.004,0.995,4000,45,1.46382,2.43686,True,2
7,0.004,0.995,4000,46,1.2694066666666666,2.436351,True,2
7,0.004,0.999,1000,42,3.6415691376811594,nan,False,2
7,0.004,0.999,1000,43,3.5490491292517015,nan,False,2
7,0.004,0.999,1000,44,3.379263921568627,nan,False,2
7,0.004,0.999,1000,45,3.6335167569444438,nan,False,2
7,0.004,0.999,1000,46,3.2769025283018864,nan,False,2
7,0.004,0.999,16000,42,2.103264512820513,nan,False,2
7,0.004,0.999,16000,43,1.9596377424242422,nan,False,2
7,0.004,0.999,16000,44,1.7197183000000003,nan,False,2
7,0.004,0.999,16000,45,1.9426693508771933,nan,False,2
7,0.004,0.999,16000,46,1.8622479222222224,nan,False,2
7,0.004,0.999,4000,42,1.3134340666666666,nan,False,2
7,0.004,0.999,4000,43,3.225497324200913,nan,False,2
7,0.004,0.999,4000,44,1.6528331666666667,nan,False,2
7,0.004,0.999,4000,45,3.5595927727272727,nan,False,2
7,0.004,0.999,4000,46,1.3245037017543861,nan,False,2
7,0.004,0.99,1000,42,2.6314909033816423,nan,False,2
7,0.004,0.99,1000,43,2.9536759071038254,nan,False,2
7,0.004,0.99,1000,44,2.6857609607843136,nan,False,2
7,0.004,0.99,1000,45,2.834464312820513,nan,False,2
7,0.004,0.99,1000,46,2.5260198148148145,nan,False,2
7,0.004,0.99,16000,42,2.079932,1.953502,True,2
7,0.004,0.99,16000,43,2.0503423333333335,1.95482,True,2
7,0.004,0.99,16000,44,2.2155016666666665,2.039379,True,2
7,0.004,0.99,16000,45,2.217759,2.040578,True,2
7,0.004,0.99,16000,46,2.197787,2.039632,True,2
7,0.004,0.99,4000,42,2.150249,1.921992,True,2
7,0.004,0.99,4000,43,2.0877486666666667,1.999148,True,2
7,0.004,0.99,4000,44,2.0826549999999995,1.99756,True,2
7,0.004,0.99,4000,45,2.2161446666666667,2.080754,True,2
7,0.004,0.99,4000,46,2.309712333333333,1.921992,True,2
7,0.004,0.9,1000,42,3.372439098765432,nan,False,0
7,0.004,0.9,1000,43,3.342757919753086,nan,False,0
7,0.004,0.9,1000,44,3.370631188679245,nan,False,0
7,0.004,0.9,1000,45,3.3883532564102556,nan,False,0
7,0.004,0.9,1000,46,3.4029390377358486,nan,False,0
7,0.004,0.9,16000,42,4.158082358974359,nan,False,0
7,0.004,0.9,16000,43,4.156601230769231,nan,False,0
7,0.004,0.9,16000,44,4.196855507692308,nan,False,0
7,0.004,0.9,16000,45,4.189459712820513,nan,False,0
7,0.004,0.9,16000,46,6.651294666666668,nan,False,0
7,0.004,0.9,4000,42,3.768371759562842,nan,False,0
7,0.004,0.9,4000,43,3.757522808743169,nan,False,0
7,0.004,0.9,4000,44,3.795933054644809,nan,False,0
7,0.004,0.9,4000,45,3.8005133387978143,nan,False,0
7,0.004,0.9,4000,46,3.7543303114754094,nan,False,0
7,0.005,0.95,1000,42,3.280965230303031,nan,False,0
7,0.005,0.95,1000,43,3.286920315151514,nan,False,0
7,0.005,0.95,1000,44,3.290284606060606,nan,False,0
7,0.005,0.95,1000,45,3.290964757575757,nan,False,0
7,0.005,0.95,1000,46,3.19496349122807,nan,False,2
7,0.005,0.95,16000,42,5.7122429583333325,nan,False,0
7,0.005,0.95,16000,43,5.907702185185186,nan,False,0
7,0.005,0.95,16000,44,5.856774583333333,nan,False,0
7,0.005,0.95,16000,45,5.814005291666666,nan,False,0
7,0.005,0.95,16000,46,5.649848481481481,nan,False,0
7,0.005,0.95,256000,42,7.1056819,nan,False,0
7,0.005,0.95,256000,43,7.0468201,nan,False,0
7,0.005,0.95,256000,44,7.071896216666666,nan,False,0
7,0.005,0.95,256000,45,7.145628616666667,nan,False,0
7,0.005,0.95,256000,46,7.13684175,nan,False,0
7,0.005,0.95,4000,42,3.4738898137254894,nan,False,0
7,0.005,0.95,4000,43,3.5155025920398013,nan,False,0
7,0.005,0.95,4000,44,3.461067102941176,nan,False,0
7,0.005,0.95,4000,45,3.539821656716418,nan,False,0
7,0.005,0.95,4000,46,3.4820531592039803,nan,False,0
7,0.005,0.95,64000,42,6.407981288888889,nan,False,0
7,0.005,0.95,64000,43,6.385160955555556,nan,False,0
7,0.005,0.95,64000,44,6.6514686888888885,nan,False,0
7,0.005,0.95,64000,45,6.470456888888888,nan,False,0
7,0.005,0.95,64000,46,6.35949088888889,nan,False,0
7,0.005,0.995,1000,42,2.4216483157894735,nan,False,2
7,0.005,0.995,1000,43,1.2979419047619045,nan,False,2
7,0.005,0.995,1000,44,2.580641685446009,nan,False,2
7,0.005,0.995,1000,45,1.3712083333333331,nan,False,2
7,0.005,0.995,1000,46,2.4526999132420095,nan,False,2
7,0.005,0.995,16000,42,1.5153393333333334,2.379192,True,2
7,0.005,0.995,16000,43,1.529459,2.31548,True,2
7,0.005,0.995,16000,44,1.5247366666666666,2.416729,True,2
7,0.005,0.995,16000,45,1.4237346666666666,2.318261,True,2
7,0.005,0.995,16000,46,1.4572326666666668,2.419699,True,2
7,0.005,0.995,256000,42,1.543548666666667,2.353351,True,2
7,0.005,0.995,256000,43,1.5477653333333334,2.318013,True,2
7,0.005,0.995,256000,44,1.5564003333333334,2.355385,True,2
7,0.005,0.995,256000,45,1.5519943333333333,2.435378,True,2
7,0.005,0.995,256000,46,1.5601353333333332,2.317868,True,2
7,0.005,0.995,4000,42,1.3853859999999998,2.346044,True,2
7,0.005,0.995,4000,43,1.6702703333333335,2.253452,True,2
7,0.005,0.995,4000,44,1.489146,2.441091,True,2
7,0.005,0.995,4000,45,1.716702,2.429537,True,2
7,0.005,0.995,4000,46,1.571014,2.345722,True,2
7,0.005,0.995,64000,42,1.5924723333333333,2.381309,True,2
7,0.005,0.995,64000,43,1.5357223333333334,2.385006,True,2
7,0.005,0.995,64000,44,1.533334,2.385625,True,2
7,0.005,0.995,64000,45,1.5512230000000002,2.383515,True,2
7,0.005,0.995,64000,46,1.5209543333333333,2.382129,True,2
7,0.005,0.999,1000,42,3.4393837884615386,nan,False,2
7,0.005,0.999,1000,43,3.218475424242424,nan,False,2
7,0.005,0.999,1000,44,3.53294826,nan,False,2
7,0.005,0.999,1000,45,3.3629646474358976,nan,False,2
7,0.005,0.999,1000,46,2.4028112044444447,nan,False,2
7,0.005,0.999,16000,42,2.4950316666666668,nan,False,2
7,0.005,0.999,16000,43,2.254785122807018,nan,False,2
7,0.005,0.999,16000,44,1.7026802121212121,nan,False,2
7,0.005,0.999,16000,45,2.0825590833333334,nan,False,2
7,0.005,0.999,16000,46,1.7776346388888886,nan,False,2
7,0.005,0.999,256000,42,1.8466353333333334,5.943569,True,2
7,0.005,0.999,256000,43,1.6861863333333333,6.246408,True,2
7,0.005,0.999,256000,44,1.4169643333333335,6.282887,True,2
7,0.005,0.999,256000,45,1.772534,5.945094,True,2
7,0.005,0.999,256000,46,1.6162796666666666,6.281079,True,2
7,0.005,0.999,4000,42,1.7575553333333331,nan,False,2
7,0.005,0.999,4000,43,3.2312358518518516,nan,False,2
7,0.005,0.999,4000,44,1.6944717777777776,nan,False,2
7,0.005,0.999,4000,45,1.3689570416666668,nan,False,2
7,0.005,0.999,4000,46,1.616802483333333,nan,False,2
7,0.005,0.999,64000,42,1.9090742450980391,nan,False,2
7,0.005,0.999,64000,43,1.9345525512820514,nan,False,2
7,0.005,0.999,64000,44,1.755541722222222,nan,False,2
7,0.005,0.999,64000,45,1.7239302619047618,nan,False,2
7,0.005,0.999,64000,46,2.186344,nan,False,2
7,0.005,0.99,1000,42,1.7472106666666667,nan,False,2
7,0.005,0.99,1000,43,2.75632345959596,nan,False,2
7,0.005,0.99,1000,44,2.5660660046948363,nan,False,2
7,0.005,0.99,1000,45,1.6506158333333332,nan,False,2
7,0.005,0.99,1000,46,2.4624536666666668,nan,False,2
7,0.005,0.99,16000,42,2.154711,1.922632,True,2
7,0.005,0.99,16000,43,2.0357606666666666,1.953502,True,2
7,0.005,0.99,16000,44,2.0372893333333333,1.92281,True,2
7,0.005,0.99,16000,45,2.0416486666666667,2.040389,True,2
7,0.005,0.99,16000,46,2.1232026666666663,1.953982,True,2
7,0.005,0.99,256000,42,2.072782666666667,2.002965,True,2
7,0.005,0.99,256000,43,2.074933666666667,2.037212,True,2
7,0.005,0.99,256000,44,2.095660333333333,2.037342,True,2
7,0.005,0.99,256000,45,2.079679666666667,2.002996,True,2
7,0.005,0.99,256000,46,2.075802,2.002691,True,2
7,0.005,0.99,4000,42,2.16593,1.920986,True,2
7,0.005,0.99,4000,43,2.0639186666666665,1.840818,True,2
7,0.005,0.99,4000,44,1.8584966666666665,2.000997,True,2
7,0.005,0.99,4000,45,1.9154833333333332,1.999941,True,2
7,0.005,0.99,4000,46,1.99317,2.080198,True,2
7,0.005,0.99,64000,42,2.049023,1.987244,True,2
7,0.005,0.99,64000,43,2.0703616666666664,1.986385,True,2
7,0.005,0.99,64000,44,2.0789243333333336,1.986743,True,2
7,0.005,0.99,64000,45,2.0469786666666665,1.986255,True,2
7,0.005,0.99,64000,46,2.133483,1.953546,True,2
7,0.005,0.9,1000,42,3.4222756282051274,nan,False,0
7,0.005,0.9,1000,43,3.35542999382716,nan,False,0
7,0.005,0.9,1000,44,3.3603147924528307,nan,False,0
7,0.005,0.9,1000,45,3.3933605408805025,nan,False,0
7,0.005,0.9,1000,46,3.380584006289308,nan,False,0
7,0.005,0.9,16000,42,4.160886143589744,nan,False,0
7,0.005,0.9,16000,43,4.218113482051281,nan,False,0
7,0.005,0.9,16000,44,4.2308201589743595,nan,False,0
7,0.005,0.9,16000,45,4.203721307692308,nan,False,0
7,0.005,0.9,16000,46,6.609432111111111,nan,False,0
7,0.005,0.9,256000,42,8.228606282051281,nan,False,0
7,0.005,0.9,256000,43,8.242134,nan,False,0
7,0.005,0.9,256000,44,8.256013153846153,nan,False,0
7,0.005,0.9,256000,45,8.234262461538462,nan,False,0
7,0.005,0.9,256000,46,8.30789835897436,nan,False,0
7,0.005,0.9,4000,42,3.746003240437159,nan,False,0
7,0.005,0.9,4000,43,3.7422347150537636,nan,False,0
7,0.005,0.9,4000,44,3.7635675053763444,nan,False,0
7,0.005,0.9,4000,45,3.7846521748633877,nan,False,0
7,0.005,0.9,4000,46,3.7802211344086025,nan,False,0
7,0.005,0.9,64000,42,7.47834862962963,nan,False,0
7,0.005,0.9,64000,43,7.545040666666665,nan,False,0
7,0.005,0.9,64000,44,7.723711111111111,nan,False,0
7,0.005,0.9,64000,45,7.559716703703704,nan,False,0
7,0.005,0.9,64000,46,7.533293555555556,nan,False,0
7,0.015,0.95,1000,42,3.904614785185185,nan,False,0
7,0.015,0.95,1000,43,3.900305471014492,nan,False,0
7,0.015,0.95,1000,44,3.906888253623188,nan,False,0
7,0.015,0.95,1000,45,3.9109963333333333,nan,False,0
7,0.015,0.95,1000,46,3.8860695777777776,nan,False,0
7,0.015,0.95,16000,42,4.959977012121213,nan,False,0
7,0.015,0.95,16000,43,4.9612783575757575,nan,False,0
7,0.015,0.95,16000,44,4.959052745454546,nan,False,0
7,0.015,0.95,16000,45,4.939549181818182,nan,False,0
7,0.015,0.95,16000,46,4.91110563030303,nan,False,0
7,0.015,0.95,256000,42,5.835334678571429,nan,False,0
7,0.015,0.95,256000,43,5.794668017857142,nan,False,0
7,0.015,0.95,256000,44,5.820926136904761,nan,False,0
7,0.015,0.95,256000,45,5.825495500000001,nan,False,0
7,0.015,0.95,256000,46,5.8562511964285715,nan,False,0
7,0.015,0.95,4000,42,4.411234366013072,nan,False,0
7,0.015,0.95,4000,43,4.467024801282051,nan,False,0
7,0.015,0.95,4000,44,4.429740699346405,nan,False,0
7,0.015,0.95,4000,45,4.481615607843137,nan,False,0
7,0.015,0.95,4000,46,4.430555045751634,nan,False,0
7,0.015,0.95,64000,42,5.35836444047619,nan,False,0
7,0.015,0.95,64000,43,5.359455720238095,nan,False,0
7,0.015,0.95,64000,44,5.446242994152047,nan,False,0
7,0.015,0.95,64000,45,5.387100696428571,nan,False,0
7,0.015,0.95,64000,46,5.3659987440476185,nan,False,0
7,0.015,0.995,1000,42,3.8554960652173915,nan,False,0
7,0.015,0.995,1000,43,3.8421257028985503,nan,False,0
7,0.015,0.995,1000,44,3.886902891304348,nan,False,0
7,0.015,0.995,1000,45,3.840993992753624,nan,False,0
7,0.015,0.995,1000,46,3.8420551086956514,nan,False,0
7,0.015,0.995,16000,42,4.880038619883041,nan,False,0
7,0.015,0.995,16000,43,4.895686520467836,nan,False,0
7,0.015,0.995,16000,44,4.8188599523809525,nan,False,0
7,0.015,0.995,16000,45,4.863716416666667,nan,False,0
7,0.015,0.995,16000,46,4.849763719298245,nan,False,0
7,0.015,0.995,256000,42,5.838676988505747,nan,False,0
7,0.015,0.995,256000,43,5.775373591954023,nan,False,0
7,0.015,0.995,256000,44,5.851750508771929,nan,False,0
7,0.015,0.995,256000,45,5.830935,nan,False,0
7,0.015,0.995,256000,46,5.804340426900584,nan,False,0
7,0.015,0.995,4000,42,4.36667644871795,nan,False,0
7,0.015,0.995,4000,43,4.358352967948718,nan,False,0
7,0.015,0.995,4000,44,4.390259608974359,nan,False,0
7,0.015,0.995,4000,45,4.4148050833333325,nan,False,0
7,0.015,0.995,4000,46,4.385227641025642,nan,False,0
7,0.015,0.995,64000,42,5.288881231638417,nan,False,0
7,0.015,0.995,64000,43,5.285448519774011,nan,False,0
7,0.015,0.995,64000,44,5.312009259887005,nan,False,0
7,0.015,0.995,64000,45,5.3210541977401125,nan,False,0
7,0.015,0.995,64000,46,5.298289847457627,nan,False,0
7,0.015,0.999,1000,42,3.602135170068027,nan,False,2
7,0.015,0.999,1000,43,3.5989410851063828,nan,False,2
7,0.015,0.999,1000,44,3.455050588235294,nan,False,2
7,0.015,0.999,1000,45,3.253568333333334,nan,False,2
7,0.015,0.999,1000,46,2.6817990151515154,nan,False,2
7,0.015,0.999,16000,42,4.2778107487179495,nan,False,2
7,0.015,0.999,16000,43,2.5526017333333337,nan,False,2
7,0.015,0.999,16000,44,2.027260740740741,nan,False,2
7,0.015,0.999,16000,45,2.1147163589743587,nan,False,2
7,0.015,0.999,16000,46,4.36797909375,nan,False,2
7,0.015,0.999,256000,42,2.7987265777777783,nan,False,2
7,0.015,0.999,256000,43,3.5741358666666665,nan,False,2
7,0.015,0.999,256000,44,3.1786068888888885,nan,False,2
7,0.015,0.999,256000,45,1.94012256,nan,False,2
7,0.015,0.999,256000,46,1.7952074137931033,nan,False,2
7,0.015,0.999,4000,42,3.593289435897436,nan,False,2
7,0.015,0.999,4000,43,3.91564584180791,nan,False,2
7,0.015,0.999,4000,44,1.67935275,nan,False,2
7,0.015,0.999,4000,45,3.738427155913979,nan,False,2
7,0.015,0.999,4000,46,1.8146763333333336,nan,False,2
7,0.015,0.999,64000,42,3.8548801111111106,nan,False,2
7,0.015,0.999,64000,43,3.3234005333333334,nan,False,2
7,0.015,0.999,64000,44,3.425127916666667,nan,False,2
7,0.015,0.999,64000,45,3.5392051666666666,nan,False,2
7,0.015,0.999,64000,46,5.138802241935483,nan,False,2
7,0.015,0.99,1000,42,3.87748086231884,nan,False,0
7,0.015,0.99,1000,43,3.908736471014493,nan,False,0
7,0.015,0.99,1000,44,3.8849407481481473,nan,False,0
7,0.015,0.99,1000,45,3.8687371666666666,nan,False,0
7,0.015,0.99,1000,46,3.8616542318840583,nan,False,0
7,0.015,0.99,16000,42,4.935861842424243,nan,False,0
7,0.015,0.99,16000,43,4.961321715151515,nan,False,0
7,0.015,0.99,16000,44,4.992467484848484,nan,False,0
7,0.015,0.99,16000,45,4.9536876242424235,nan,False,0
7,0.015,0.99,16000,46,4.9046105030303035,nan,False,0
7,0.015,0.99,256000,42,5.8441167202380955,nan,False,0
7,0.015,0.99,256000,43,5.8347856547619035,nan,False,0
7,0.015,0.99,256000,44,5.840394446428571,nan,False,0
7,0.015,0.99,256000,45,5.853717922619047,nan,False,0
7,0.015,0.99,256000,46,5.910974888888888,nan,False,0
7,0.015,0.99,4000,42,4.414579823529412,nan,False,0
7,0.015,0.99,4000,43,4.463432961538461,nan,False,0
7,0.015,0.99,4000,44,4.430007816993464,nan,False,0
7,0.015,0.99,4000,45,4.476616725490197,nan,False,0
7,0.015,0.99,4000,46,4.429342352941176,nan,False,0
7,0.015,0.99,64000,42,5.412027152046783,nan,False,0
7,0.015,0.99,64000,43,5.418824520467836,nan,False,0
7,0.015,0.99,64000,44,5.391866863095238,nan,False,0
7,0.015,0.99,64000,45,5.451768064327486,nan,False,0
7,0.015,0.99,64000,46,5.422807935672514,nan,False,0
7,0.015,0.9,1000,42,3.879575896296296,nan,False,0
7,0.015,0.9,1000,43,3.8730525362318833,nan,False,0
7,0.015,0.9,1000,44,3.8896941666666662,nan,False,0
7,0.015,0.9,1000,45,3.8476752246376815,nan,False,0
7,0.015,0.9,1000,46,3.841250876811594,nan,False,0
7,0.015,0.9,16000,42,4.968206339393939,nan,False,0
7,0.015,0.9,16000,43,4.977161836363636,nan,False,0
7,0.015,0.9,16000,44,5.00164590909091,nan,False,0
7,0.015,0.9,16000,45,4.990878593939394,nan,False,0
7,0.015,0.9,16000,46,4.931076163636363,nan,False,0
7,0.015,0.9,256000,42,5.862178315789473,nan,False,0
7,0.015,0.9,256000,43,5.833326333333334,nan,False,0
7,0.015,0.9,256000,44,5.857107713450293,nan,False,0
7,0.015,0.9,256000,45,5.924881748538011,nan,False,0
7,0.015,0.9,256000,46,5.81037719047619,nan,False,0
7,0.015,0.9,4000,42,4.451467538461538,nan,False,0
7,0.015,0.9,4000,43,4.42454245751634,nan,False,0
7,0.015,0.9,4000,44,4.484876192307692,nan,False,0
7,0.015,0.9,4000,45,4.445776764705883,nan,False,0
7,0.015,0.9,4000,46,4.452335333333333,nan,False,0
7,0.015,0.9,64000,42,5.437652744047619,nan,False,0
7,0.015,0.9,64000,43,5.362985976190477,nan,False,0
7,0.015,0.9,64000,44,5.407309744047619,nan,False,0
7,0.015,0.9,64000,45,5.379654172619047,nan,False,0
7,0.015,0.9,64000,46,5.424171005952381,nan,False,0
7,0.016,0.95,1000,42,3.8804838148148146,nan,False,0
7,0.016,0.95,1000,43,3.90109768115942,nan,False,0
7,0.016,0.95,1000,44,3.9184606376811595,nan,False,0
7,0.016,0.95,1000,45,3.8891228000000004,nan,False,0
7,0.016,0.95,1000,46,3.882594548148148,nan,False,0
7,0.016,0.95,16000,42,4.986473581818181,nan,False,0
7,0.016,0.95,16000,43,4.972022351515151,nan,False,0
7,0.016,0.95,16000,44,4.941188172839507,nan,False,0
7,0.016,0.95,16000,45,4.95403633939394,nan,False,0
7,0.016,0.95,16000,46,4.948497945454545,nan,False,0
7,0.016,0.95,4000,42,4.4113122875816995,nan,False,0
7,0.016,0.95,4000,43,4.445403281045752,nan,False,0
7,0.016,0.95,4000,44,4.482477237179487,nan,False,0
7,0.016,0.95,4000,45,4.447281411764706,nan,False,0
7,0.016,0.95,4000,46,4.420871169934641,nan,False,0
7,0.016,0.995,1000,42,3.8927371014492755,nan,False,0
7,0.016,0.995,1000,43,3.886821920289855,nan,False,0
7,0.016,0.995,1000,44,3.9145528695652176,nan,False,0
7,0.016,0.995,1000,45,3.864499362318841,nan,False,0
7,0.016,0.995,1000,46,3.848770920289856,nan,False,0
7,0.016,0.995,16000,42,4.939363084848485,nan,False,0
7,0.016,0.995,16000,43,4.9461408060606065,nan,False,0
7,0.016,0.995,16000,44,4.936651787878788,nan,False,0
7,0.016,0.995,16000,45,4.968104113095238,nan,False,0
7,0.016,0.995,16000,46,4.923210202380951,nan,False,0
7,0.016,0.995,4000,42,4.422754503267973,nan,False,0
7,0.016,0.995,4000,43,4.443440576923077,nan,False,0
7,0.016,0.995,4000,44,4.464753512820513,nan,False,0
7,0.016,0.995,4000,45,4.4597002287581695,nan,False,0
7,0.016,0.995,4000,46,4.453396250000001,nan,False,0
7,0.016,0.999,1000,42,3.6129066805555556,nan,False,2
7,0.016,0.999,1000,43,3.5657422380952384,nan,False,2
7,0.016,0.999,1000,44,3.5356946870748294,nan,False,2
7,0.016,0.999,1000,45,3.714532489361702,nan,False,2
7,0.016,0.999,1000,46,3.4828807066666667,nan,False,2
7,0.016,0.999,16000,42,2.272833625,nan,False,2
7,0.016,0.999,16000,43,4.588839863387977,nan,False,2
7,0.016,0.999,16000,44,4.410927904761906,nan,False,2
7,0.016,0.999,16000,45,4.116832294117648,nan,False,2
7,0.016,0.999,16000,46,1.9945009333333332,nan,False,2
7,0.016,0.999,4000,42,3.759683494623656,nan,False,2
7,0.016,0.999,4000,43,3.9071180847457625,nan,False,2
7,0.016,0.999,4000,44,3.697529396825397,nan,False,2
7,0.016,0.999,4000,45,3.751156172043011,nan,False,2
7,0.016,0.999,4000,46,3.776296737704919,nan,False,2
7,0.016,0.99,1000,42,3.9102752463768122,nan,False,0
7,0.016,0.99,1000,43,3.9012485942028987,nan,False,0
7,0.016,0.99,1000,44,3.927439963768115,nan,False,0
7,0.016,0.99,1000,45,3.8831326521739133,nan,False,0
7,0.016,0.99,1000,46,3.851283289855073,nan,False,0
7,0.016,0.99,16000,42,4.989446533333334,nan,False,0
7,0.016,0.99,16000,43,4.99162427878788,nan,False,0
7,0.016,0.99,16000,44,4.975178419753087,nan,False,0
7,0.016,0.99,16000,45,4.998038993939393,nan,False,0
7,0.016,0.99,16000,46,4.936919395061729,nan,False,0
7,0.016,0.99,4000,42,4.458274535947712,nan,False,0
7,0.016,0.99,4000,43,4.435299464052288,nan,False,0
7,0.016,0.99,4000,44,4.452882477124183,nan,False,0
7,0.016,0.99,4000,45,4.491695784313725,nan,False,0
7,0.016,0.99,4000,46,4.435606222222223,nan,False,0
7,0.016,0.9,1000,42,3.9007751259259256,nan,False,0
7,0.016,0.9,1000,43,3.8958354202898557,nan,False,0
7,0.016,0.9,1000,44,3.877221123188406,nan,False,0
7,0.016,0.9,1000,45,3.855259413043478,nan,False,0
7,0.016,0.9,1000,46,3.8671048962962966,nan,False,0
7,0.016,0.9,16000,42,4.916682957575758,nan,False,0
7,0.016,0.9,16000,43,4.935210302469136,nan,False,0
7,0.016,0.9,16000,44,5.000343878787879,nan,False,0
7,0.016,0.9,16000,45,4.929093962962963,nan,False,0
7,0.016,0.9,16000,46,4.915448412121211,nan,False,0
7,0.016,0.9,4000,42,4.414779810457516,nan,False,0
7,0.016,0.9,4000,43,4.467806596153846,nan,False,0
7,0.016,0.9,4000,44,4.45329579738562,nan,False,0
7,0.016,0.9,4000,45,4.451118607843137,nan,False,0
7,0.016,0.9,4000,46,4.457707455128205,nan,False,0
7,0.03,0.95,1000,42,3.8950007629629626,nan,False,0
7,0.03,0.95,1000,43,3.9032996444444454,nan,False,0
7,0.03,0.95,1000,44,3.9034133037037035,nan,False,0
7,0.03,0.95,1000,45,3.854448148148148,nan,False,0
7,0.03,0.95,1000,46,3.8634165629629638,nan,False,0
7,0.03,0.95,16000,42,4.982214407407407,nan,False,0
7,0.03,0.95,16000,43,5.02245011728395,nan,False,0
7,0.03,0.95,16000,44,4.995429561728395,nan,False,0
7,0.03,0.95,16000,45,5.011404444444445,nan,False,0
7,0.03,0.95,16000,46,4.9581277037037035,nan,False,0
7,0.03,0.95,4000,42,4.420160673202615,nan,False,0
7,0.03,0.95,4000,43,4.4312971372549015,nan,False,0
7,0.03,0.95,4000,44,4.4782909673202616,nan,False,0
7,0.03,0.95,4000,45,4.482382843137255,nan,False,0
7,0.03,0.95,4000,46,4.451476078431372,nan,False,0
7,0.03,0.95,64000,42,5.428145260606061,nan,False,0
7,0.03,0.95,64000,43,5.477234012121212,nan,False,0
7,0.03,0.95,64000,44,5.540058024242425,nan,False,0
7,0.03,0.95,64000,45,5.52162316969697,nan,False,0
7,0.03,0.95,64000,46,5.512562945454547,nan,False,0
7,0.03,0.995,1000,42,3.8561755797101447,nan,False,0
7,0.03,0.995,1000,43,3.850391259259259,nan,False,0
7,0.03,0.995,1000,44,3.9096071333333335,nan,False,0
7,0.03,0.995,1000,45,3.870812733333333,nan,False,0
7,0.03,0.995,1000,46,3.8623728712121217,nan,False,0
7,0.03,0.995,16000,42,4.974107814814814,nan,False,0
7,0.03,0.995,16000,43,4.97264,nan,False,0
7,0.03,0.995,16000,44,5.004049462962962,nan,False,0
7,0.03,0.995,16000,45,4.982248203703704,nan,False,0
7,0.03,0.995,16000,46,4.938887425925925,nan,False,0
7,0.03,0.995,4000,42,4.45526462745098,nan,False,0
7,0.03,0.995,4000,43,4.4314733933333335,nan,False,0
7,0.03,0.995,4000,44,4.45169248,nan,False,0
7,0.03,0.995,4000,45,4.46783472,nan,False,0
7,0.03,0.995,4000,46,4.46671145751634,nan,False,0
7,0.03,0.995,64000,42,5.47866374404762,nan,False,0
7,0.03,0.995,64000,43,5.473347791666667,nan,False,0
7,0.03,0.995,64000,44,5.508030726190476,nan,False,0
7,0.03,0.995,64000,45,5.488963458333333,nan,False,0
7,0.03,0.995,64000,46,5.468320172619047,nan,False,0
7,0.03,0.999,1000,42,3.9109741407407403,nan,False,0
7,0.03,0.999,1000,43,3.937683053030304,nan,False,0
7,0.03,0.999,1000,44,3.8797696518518516,nan,False,0
7,0.03,0.999,1000,45,3.887971903703704,nan,False,0
7,0.03,0.999,1000,46,3.74913763768116,nan,False,2
7,0.03,0.999,16000,42,5.08903525,nan,False,0
7,0.03,0.999,16000,43,5.037181762820513,nan,False,0
7,0.03,0.999,16000,44,5.149824641025641,nan,False,0
7,0.03,0.999,16000,45,5.082057730769231,nan,False,0
7,0.03,0.999,16000,46,4.930229228395063,nan,False,2
7,0.03,0.999,4000,42,4.549517493333333,nan,False,0
7,0.03,0.999,4000,43,4.434288646258503,nan,False,0
7,0.03,0.999,4000,44,4.5088591632653054,nan,False,0
7,0.03,0.999,4000,45,4.538478053333334,nan,False,0
7,0.03,0.999,4000,46,4.49889786,nan,False,0
7,0.03,0.999,64000,42,5.484308037037037,nan,False,0
7,0.03,0.999,64000,43,5.468718975308641,nan,False,0
7,0.03,0.999,64000,44,5.552284132075472,nan,False,0
7,0.03,0.999,64000,45,5.583912938271605,nan,False,0
7,0.03,0.999,64000,46,5.487676401234569,nan,False,0
7,0.03,0.99,1000,42,3.9243542296296305,nan,False,0
7,0.03,0.99,1000,43,3.8765194888888894,nan,False,0
7,0.03,0.99,1000,44,3.8944020530303023,nan,False,0
7,0.03,0.99,1000,45,3.911479066666666,nan,False,0
7,0.03,0.99,1000,46,3.8839942074074076,nan,False,0
7,0.03,0.99,16000,42,5.003241043209876,nan,False,0
7,0.03,0.99,16000,43,5.004115226415093,nan,False,0
7,0.03,0.99,16000,44,5.005518111111111,nan,False,0
7,0.03,0.99,16000,45,4.976912129629629,nan,False,0
7,0.03,0.99,16000,46,4.953874864197531,nan,False,0
7,0.03,0.99,4000,42,4.47134637254902,nan,False,0
7,0.03,0.99,4000,43,4.474651104575163,nan,False,0
7,0.03,0.99,4000,44,4.490993366666666,nan,False,0
7,0.03,0.99,4000,45,4.46862228,nan,False,0
7,0.03,0.99,4000,46,4.432416026666666,nan,False,0
7,0.03,0.99,64000,42,5.399194369696969,nan,False,0
7,0.03,0.99,64000,43,5.413766175757575,nan,False,0
7,0.03,0.99,64000,44,5.45697821818182,nan,False,0
7,0.03,0.99,64000,45,5.418763363636364,nan,False,0
7,0.03,0.99,64000,46,5.426730018181817,nan,False,0
7,0.03,0.9,1000,42,3.8619914492753624,nan,False,0
7,0.03,0.9,1000,43,3.860927081481482,nan,False,0
7,0.03,0.9,1000,44,3.8911540579710144,nan,False,0
7,0.03,0.9,1000,45,3.853228088888889,nan,False,0
7,0.03,0.9,1000,46,3.8412840144927527,nan,False,0
7,0.03,0.9,16000,42,5.0186319444444445,nan,False,0
7,0.03,0.9,16000,43,5.006762679012346,nan,False,0
7,0.03,0.9,16000,44,5.042437308641975,nan,False,0
7,0.03,0.9,16000,45,5.011254901234569,nan,False,0
7,0.03,0.9,16000,46,5.004721925925927,nan,False,0
7,0.03,0.9,4000,42,4.43272654248366,nan,False,0
7,0.03,0.9,4000,43,4.39559039869281,nan,False,0
7,0.03,0.9,4000,44,4.427443921568628,nan,False,0
7,0.03,0.9,4000,45,4.481948464052286,nan,False,0
7,0.03,0.9,4000,46,4.430581660130718,nan,False,0
7,0.03,0.9,64000,42,5.509096739393939,nan,False,0
7,0.03,0.9,64000,43,5.501112521212121,nan,False,0
7,0.03,0.9,64000,44,5.589101806060606,nan,False,0
7,0.03,0.9,64000,45,5.484671921212122,nan,False,0
7,0.03,0.9,64000,46,5.533374884848485,nan,False,0
7,0.05,0.95,1000,42,3.8503806518518515,nan,False,0
7,0.05,0.95,1000,43,3.8582605925925932,nan,False,0
7,0.05,0.95,1000,44,3.852364577777778,nan,False,0
7,0.05,0.95,1000,45,3.844563577777777,nan,False,0
7,0.05,0.95,1000,46,3.8240025777777777,nan,False,0
7,0.05,0.95,16000,42,5.042156993710693,nan,False,0
7,0.05,0.95,16000,43,5.065938081761006,nan,False,0
7,0.05,0.95,16000,44,5.040481224358975,nan,False,0
7,0.05,0.95,16000,45,4.967631660377359,nan,False,0
7,0.05,0.95,16000,46,5.027694352201257,nan,False,0
7,0.05,0.95,4000,42,4.41685104,nan,False,0
7,0.05,0.95,4000,43,4.431661431372548,nan,False,0
7,0.05,0.95,4000,44,4.426189810457516,nan,False,0
7,0.05,0.95,4000,45,4.480055575163399,nan,False,0
7,0.05,0.95,4000,46,4.415509529411764,nan,False,0
7,0.05,0.95,64000,42,5.519933012345679,nan,False,0
7,0.05,0.95,64000,43,5.487918962962964,nan,False,0
7,0.05,0.95,64000,44,5.547649265432098,nan,False,0
7,0.05,0.95,64000,45,5.465670679012346,nan,False,0
7,0.05,0.95,64000,46,5.513549419753086,nan,False,0
7,0.05,0.995,1000,42,3.9060929703703704,nan,False,0
7,0.05,0.995,1000,43,3.8837317272727274,nan,False,0
7,0.05,0.995,1000,44,3.8589877629629634,nan,False,0
7,0.05,0.995,1000,45,3.900960466666667,nan,False,0
7,0.05,0.995,1000,46,3.871152192592592,nan,False,0
7,0.05,0.995,16000,42,4.97389779245283,nan,False,0
7,0.05,0.995,16000,43,4.9631738616352195,nan,False,0
7,0.05,0.995,16000,44,4.986683,nan,False,0
7,0.05,0.995,16000,45,4.9669961698113205,nan,False,0
7,0.05,0.995,16000,46,4.946921207547171,nan,False,0
7,0.05,0.995,4000,42,4.454617486666667,nan,False,0
7,0.05,0.995,4000,43,4.462076346405229,nan,False,0
7,0.05,0.995,4000,44,4.47966152,nan,False,0
7,0.05,0.995,4000,45,4.50357666,nan,False,0
7,0.05,0.995,4000,46,4.449935124183006,nan,False,0
7,0.05,0.995,64000,42,5.393598067901234,nan,False,0
7,0.05,0.995,64000,43,5.4074571757575765,nan,False,0
7,0.05,0.995,64000,44,5.471187678787878,nan,False,0
7,0.05,0.995,64000,45,5.436805121212122,nan,False,0
7,0.05,0.995,64000,46,5.409076957575758,nan,False,0
7,0.05,0.999,1000,42,3.9197132575757574,nan,False,0
7,0.05,0.999,1000,43,3.9301577575757576,nan,False,0
7,0.05,0.999,1000,44,3.9215294999999997,nan,False,0
7,0.05,0.999,1000,45,3.953152507575757,nan,False,0
7,0.05,0.999,1000,46,3.886490265151515,nan,False,0
7,0.05,0.999,16000,42,5.1398465,nan,False,0
7,0.05,0.999,16000,43,5.097369797385621,nan,False,0
7,0.05,0.999,16000,44,5.072905826923077,nan,False,0
7,0.05,0.999,16000,45,5.061941052287582,nan,False,0
7,0.05,0.999,16000,46,5.068166115384615,nan,False,0
7,0.05,0.999,4000,42,4.476459952380953,nan,False,0
7,0.05,0.999,4000,43,4.483444500000001,nan,False,0
7,0.05,0.999,4000,44,4.512450729166667,nan,False,0
7,0.05,0.999,4000,45,4.489689446666667,nan,False,0
7,0.05,0.999,4000,46,4.504335727891156,nan,False,0
7,0.05,0.999,64000,42,5.609319402515722,nan,False,0
7,0.05,0.999,64000,43,5.595602352201259,nan,False,0
7,0.05,0.999,64000,44,5.681008119496855,nan,False,0
7,0.05,0.999,64000,45,5.650373672955976,nan,False,0
7,0.05,0.999,64000,46,5.575011943396226,nan,False,0
7,0.05,0.99,1000,42,3.9046271481481476,nan,False,0
7,0.05,0.99,1000,43,3.8833117703703706,nan,False,0
7,0.05,0.99,1000,44,3.8964383629629626,nan,False,0
7,0.05,0.99,1000,45,3.889687155555555,nan,False,0
7,0.05,0.99,1000,46,3.8312085075757567,nan,False,0
7,0.05,0.99,16000,42,4.951353767295597,nan,False,0
7,0.05,0.99,16000,43,4.980926723270439,nan,False,0
7,0.05,0.99,16000,44,5.004823924528301,nan,False,0
7,0.05,0.99,16000,45,4.969437301886792,nan,False,0
7,0.05,0.99,16000,46,4.943780855345912,nan,False,0
7,0.05,0.99,4000,42,4.4482956,nan,False,0
7,0.05,0.99,4000,43,4.451519091503267,nan,False,0
7,0.05,0.99,4000,44,4.48121938,nan,False,0
7,0.05,0.99,4000,45,4.48241968627451,nan,False,0
7,0.05,0.99,4000,46,4.46885345751634,nan,False,0
7,0.05,0.99,64000,42,5.413515751515152,nan,False,0
7,0.05,0.99,64000,43,5.459051555555556,nan,False,0
7,0.05,0.99,64000,44,5.454682727272728,nan,False,0
7,0.05,0.99,64000,45,5.487231872727274,nan,False,0
7,0.05,0.99,64000,46,5.4231876484848485,nan,False,0
7,0.05,0.9,1000,42,3.8382884888888897,nan,False,0
7,0.05,0.9,1000,43,3.8371277318840584,nan,False,0
7,0.05,0.9,1000,44,3.881845155555556,nan,False,0
7,0.05,0.9,1000,45,3.825559903703703,nan,False,0
7,0.05,0.9,1000,46,3.786425789855073,nan,False,0
7,0.05,0.9,16000,42,5.034889798742138,nan,False,0
7,0.05,0.9,16000,43,5.053175213836478,nan,False,0
7,0.05,0.9,16000,44,4.992265559748428,nan,False,0
7,0.05,0.9,16000,45,4.968811610062893,nan,False,0
7,0.05,0.9,16000,46,5.037305773584905,nan,False,0
7,0.05,0.9,4000,42,4.408387313725491,nan,False,0
7,0.05,0.9,4000,43,4.406717013071895,nan,False,0
7,0.05,0.9,4000,44,4.4472121568627445,nan,False,0
7,0.05,0.9,4000,45,4.467931183006535,nan,False,0
7,0.05,0.9,4000,46,4.4282181176470585,nan,False,0
7,0.05,0.9,64000,42,5.548442765432098,nan,False,0
7,0.05,0.9,64000,43,5.532613425925926,nan,False,0
7,0.05,0.9,64000,44,5.598900339506174,nan,False,0
7,0.05,0.9,64000,45,5.590759839506172,nan,False,0
7,0.05,0.9,64000,46,5.527303524691356,nan,False,0
7,0.064,0.95,1000,42,3.854509637037037,nan,False,0
7,0.064,0.95,1000,43,3.8815766740740747,nan,False,0
7,0.064,0.95,1000,44,3.8698190652173916,nan,False,0
7,0.064,0.95,1000,45,3.8568571594202896,nan,False,0
7,0.064,0.95,1000,46,3.8107625434782606,nan,False,0
7,0.064,0.95,4000,42,4.419931413333334,nan,False,0
7,0.064,0.95,4000,43,4.395979457516339,nan,False,0
7,0.064,0.95,4000,44,4.403445732026143,nan,False,0
7,0.064,0.95,4000,45,4.42756137254902,nan,False,0
7,0.064,0.95,4000,46,4.385035193333334,nan,False,0
7,0.064,0.995,1000,42,3.8796170814814817,nan,False,0
7,0.064,0.995,1000,43,3.9154111259259263,nan,False,0
7,0.064,0.995,1000,44,3.848520133333334,nan,False,0
7,0.064,0.995,1000,45,3.8439838962962964,nan,False,0
7,0.064,0.995,1000,46,3.8750594592592593,nan,False,0
7,0.064,0.995,4000,42,4.457461940000001,nan,False,0
7,0.064,0.995,4000,43,4.4483409,nan,False,0
7,0.064,0.995,4000,44,4.457670233333333,nan,False,0
7,0.064,0.995,4000,45,4.43981606,nan,False,0
7,0.064,0.995,4000,46,4.454576846666667,nan,False,0
7,0.064,0.999,1000,42,3.8655720000000002,nan,False,0
7,0.064,0.999,1000,43,3.928893736434109,nan,False,0
7,0.064,0.999,1000,44,3.93397640909091,nan,False,0
7,0.064,0.999,1000,45,3.8635690303030303,nan,False,0
7,0.064,0.999,1000,46,3.8698033712121203,nan,False,0
7,0.064,0.999,4000,42,4.552911741496599,nan,False,0
7,0.064,0.999,4000,43,4.492611231292518,nan,False,0
7,0.064,0.999,4000,44,4.552101258503401,nan,False,0
7,0.064,0.999,4000,45,4.551699673611111,nan,False,0
7,0.064,0.999,4000,46,4.502461789115647,nan,False,0
7,0.064,0.99,1000,42,3.8619894074074073,nan,False,0
7,0.064,0.99,1000,43,3.911305985185185,nan,False,0
7,0.064,0.99,1000,44,3.8848247851851854,nan,False,0
7,0.064,0.99,1000,45,3.86117134074074,nan,False,0
7,0.064,0.99,1000,46,3.850502970370371,nan,False,0
7,0.064,0.99,4000,42,4.47627978,nan,False,0
7,0.064,0.99,4000,43,4.45663222,nan,False,0
7,0.064,0.99,4000,44,4.4483756266666665,nan,False,0
7,0.064,0.99,4000,45,4.49533928,nan,False,0
7,0.064,0.99,4000,46,4.442381033333333,nan,False,0
7,0.064,0.9,1000,42,3.8398071231884057,nan,False,0
7,0.064,0.9,1000,43,3.8613440579710137,nan,False,0
7,0.064,0.9,1000,44,3.849713985507246,nan,False,0
7,0.064,0.9,1000,45,3.8213802836879434,nan,False,0
7,0.064,0.9,1000,46,3.789197188405797,nan,False,0
7,0.064,0.9,4000,42,4.404757477124183,nan,False,0
7,0.064,0.9,4000,43,4.428042333333334,nan,False,0
7,0.064,0.9,4000,44,4.413590947712419,nan,False,0
7,0.064,0.9,4000,45,4.4070192399999994,nan,False,0
7,0.064,0.9,4000,46,4.398908751633987,nan,False,0
7,0.0,0.95,1000,42,3.0401230847457628,nan,False,2
7,0.0,0.95,1000,43,3.040784977777778,nan,False,2
7,0.0,0.95,1000,44,3.082507689655172,nan,False,2
7,0.0,0.95,1000,45,3.036310022222223,nan,False,2
7,0.0,0.95,1000,46,3.0357580000000004,nan,False,2
7,0.0,0.95,16000,42,5.4976894722222225,nan,False,0
7,0.0,0.95,16000,43,5.426814666666666,nan,False,2
7,0.0,0.95,16000,44,5.510080846153847,nan,False,2
7,0.0,0.95,16000,45,5.404807358974359,nan,False,2
7,0.0,0.95,16000,46,5.319226307692308,nan,False,2
7,0.0,0.95,256000,42,6.63452673611111,nan,False,0
7,0.0,0.95,256000,43,6.582338680555556,nan,False,0
7,0.0,0.95,256000,44,6.68501375,nan,False,0
7,0.0,0.95,256000,45,6.696524055555554,nan,False,0
7,0.0,0.95,256000,46,6.640867833333334,nan,False,0
7,0.0,0.95,4000,42,4.471609,nan,False,2
7,0.0,0.95,4000,43,4.518420444444444,nan,False,2
7,0.0,0.95,4000,44,3.327903826291079,nan,False,2
7,0.0,0.95,4000,45,3.3718910285714285,nan,False,0
7,0.0,0.95,4000,46,3.299466680751174,nan,False,2
7,0.0,0.95,64000,42,6.080378016666667,nan,False,2
7,0.0,0.95,64000,43,6.033043333333333,nan,False,0
7,0.0,0.95,64000,44,6.1126679824561405,nan,False,0
7,0.0,0.95,64000,45,6.012504210526315,nan,False,0
7,0.0,0.95,64000,46,6.1148666,nan,False,2
7,0.0,0.995,1000,42,3.483246509803922,nan,False,2
7,0.0,0.995,1000,43,3.5842611133333326,nan,False,2
7,0.0,0.995,1000,44,3.4541697115384618,nan,False,2
7,0.0,0.995,1000,45,3.375955937106918,nan,False,2
7,0.0,0.995,1000,46,3.1585876666666666,nan,False,2
7,0.0,0.995,16000,42,2.967622739130435,nan,False,3
7,0.0,0.995,16000,43,2.9885325507246376,nan,False,4
7,0.0,0.995,16000,44,2.789851333333333,2.726952,True,2
7,0.0,0.995,16000,45,2.9126076666666667,2.846224,True,3
7,0.0,0.995,16000,46,2.700936166666667,nan,False,4
7,0.0,0.995,256000,42,3.0931083333333333,2.695547,True,4
7,0.0,0.995,256000,43,2.9678186666666666,2.733624,True,4
7,0.0,0.995,256000,44,3.0089506666666668,2.832047,True,4
7,0.0,0.995,256000,45,3.018678,2.695453,True,4
7,0.0,0.995,256000,46,3.020474333333333,2.69513,True,4
7,0.0,0.995,4000,42,2.1320963333333336,nan,False,2
7,0.0,0.995,4000,43,3.3636281333333335,nan,False,2
7,0.0,0.995,4000,44,3.3989476135265697,nan,False,2
7,0.0,0.995,4000,45,3.6036154615384612,nan,False,2
7,0.0,0.995,4000,46,2.335740125,nan,False,2
7,0.0,0.995,64000,42,2.8968743333333333,2.743069,True,4
7,0.0,0.995,64000,43,2.9906363333333332,2.835394,True,4
7,0.0,0.995,64000,44,2.9435563333333334,2.743048,True,4
7,0.0,0.995,64000,45,2.9520763333333337,2.743027,True,4
7,0.0,0.995,64000,46,3.0563273333333334,2.706331,True,4
7,0.0,0.999,1000,42,0.759517908045977,nan,False,2
7,0.0,0.999,1000,43,0.8838570370370369,nan,False,2
7,0.0,0.999,1000,44,2.68010154,nan,False,2
7,0.0,0.999,1000,45,0.6930845252525253,nan,False,2
7,0.0,0.999,1000,46,2.6563351621621627,nan,False,2
7,0.0,0.999,16000,42,0.7018749999999999,4.223512,True,4
7,0.0,0.999,16000,43,0.7196766666666666,4.368583,True,2
7,0.0,0.999,16000,44,0.7098823333333334,4.111867,True,2
7,0.0,0.999,16000,45,0.7630163333333333,4.454515,True,2
7,0.0,0.999,16000,46,0.7236513333333333,3.602776,True,4
7,0.0,0.999,256000,42,0.7127093333333333,3.921069,True,2
7,0.0,0.999,256000,43,0.7095213333333333,4.003248,True,2
7,0.0,0.999,256000,44,0.7122493333333333,3.957132,True,2
7,0.0,0.999,256000,45,0.7205363333333334,3.957492,True,2
7,0.0,0.999,256000,46,0.7159776666666667,3.9224,True,2
7,0.0,0.999,4000,42,0.9104958176100628,nan,False,2
7,0.0,0.999,4000,43,0.6954363333333333,3.531749,True,2
7,0.0,0.999,4000,44,0.700881,4.024256,True,2
7,0.0,0.999,4000,45,2.522499878787879,nan,False,2
7,0.0,0.999,4000,46,0.7796273333333333,3.167295,True,2
7,0.0,0.999,64000,42,0.7259333333333333,3.931668,True,2
7,0.0,0.999,64000,43,0.726769,4.042208,True,2
7,0.0,0.999,64000,44,0.723999,4.164621,True,2
7,0.0,0.999,64000,45,0.7143393333333333,3.899993,True,2
7,0.0,0.999,64000,46,0.7381286666666668,3.972031,True,2
7,0.0,0.99,1000,42,3.5838405800000004,nan,False,2
7,0.0,0.99,1000,43,3.5122129607843133,nan,False,2
7,0.0,0.99,1000,44,3.545355307189542,nan,False,2
7,0.0,0.99,1000,45,3.578506226666667,nan,False,2
7,0.0,0.99,1000,46,3.509685065359478,nan,False,2
7,0.0,0.99,16000,42,4.662479476190476,nan,False,2
7,0.0,0.99,16000,43,4.518552666666666,nan,False,2
7,0.0,0.99,16000,44,4.902085777777778,nan,False,2
7,0.0,0.99,16000,45,4.490850333333334,nan,False,3
7,0.0,0.99,16000,46,4.613075708333334,nan,False,2
7,0.0,0.99,256000,42,5.2705665,nan,False,4
7,0.0,0.99,256000,43,4.960476809523809,nan,False,4
7,0.0,0.99,256000,44,5.175458938271605,nan,False,4
7,0.0,0.99,256000,45,5.131887827160494,nan,False,4
7,0.0,0.99,256000,46,5.157669222222222,nan,False,4
7,0.0,0.99,4000,42,3.7216065925925923,nan,False,2
7,0.0,0.99,4000,43,3.7593012849462366,nan,False,2
7,0.0,0.99,4000,44,3.7740835537634414,nan,False,2
7,0.0,0.99,4000,45,3.821953142076503,nan,False,2
7,0.0,0.99,4000,46,3.7927239354838713,nan,False,2
7,0.0,0.99,64000,42,5.090647666666667,nan,False,2
7,0.0,0.99,64000,43,4.8187581403508775,nan,False,4
7,0.0,0.99,64000,44,5.256857437500001,nan,False,2
7,0.0,0.99,64000,45,4.840925703703705,nan,False,4
7,0.0,0.99,64000,46,4.656359105263158,nan,False,4
7,0.0,0.9,1000,42,3.3427518086419745,nan,False,0
7,0.0,0.9,1000,43,3.3793001111111107,nan,False,0
7,0.0,0.9,1000,44,3.406262402515723,nan,False,0
7,0.0,0.9,1000,45,3.2806377757575755,nan,False,0
7,0.0,0.9,1000,46,3.3561639629629627,nan,False,0
7,0.0,0.9,16000,42,6.6537502222222225,nan,False,0
7,0.0,0.9,16000,43,6.757358444444443,nan,False,0
7,0.0,0.9,16000,44,6.764631555555556,nan,False,0
7,0.0,0.9,16000,45,6.725261333333333,nan,False,0
7,0.0,0.9,16000,46,6.540239,nan,False,0
7,0.0,0.9,256000,42,8.14637719047619,nan,False,0
7,0.0,0.9,256000,43,8.200685023809523,nan,False,0
7,0.0,0.9,256000,44,8.198170785714284,nan,False,0
7,0.0,0.9,256000,45,8.182276904761904,nan,False,0
7,0.0,0.9,256000,46,8.241357380952381,nan,False,0
7,0.0,0.9,4000,42,3.735289207650273,nan,False,0
7,0.0,0.9,4000,43,3.7121718688524594,nan,False,0
7,0.0,0.9,4000,44,3.756715537634409,nan,False,0
7,0.0,0.9,4000,45,3.7214581720430115,nan,False,0
7,0.0,0.9,4000,46,3.710526704301075,nan,False,0
7,0.0,0.9,64000,42,7.473902133333334,nan,False,0
7,0.0,0.9,64000,43,7.438398199999999,nan,False,0
7,0.0,0.9,64000,44,7.642606499999999,nan,False,0
7,0.0,0.9,64000,45,7.413183296296296,nan,False,0
7,0.0,0.9,64000,46,7.428865185185185,nan,False,0
8,0.001,0.95,1000,42,3.3595114038461538,nan,False,2
8,0.001,0.95,1000,43,3.4335428974358972,nan,False,2
8,0.001,0.95,1000,44,3.4194120754716986,nan,False,0
8,0.001,0.95,1000,45,3.4450357581699347,nan,False,0
8,0.001,0.95,1000,46,3.4391607884615385,nan,False,2
8,0.001,0.95,16000,42,4.073632119402985,nan,False,0
8,0.001,0.95,16000,43,4.128099085858587,nan,False,0
8,0.001,0.95,16000,44,4.106467641791045,nan,False,0
8,0.001,0.95,16000,45,4.119670139303483,nan,False,0
8,0.001,0.95,16000,46,4.066008960199006,nan,False,0
8,0.001,0.95,4000,42,3.7961289398907105,nan,False,0
8,0.001,0.95,4000,43,3.770835306010929,nan,False,0
8,0.001,0.95,4000,44,3.717823849462366,nan,False,0
8,0.001,0.95,4000,45,3.786333650273224,nan,False,0
8,0.001,0.95,4000,46,3.7479788032786887,nan,False,0
8,0.001,0.995,1000,42,2.505531577464789,nan,False,2
8,0.001,0.995,1000,43,2.498553835680751,nan,False,2
8,0.001,0.995,1000,44,2.5072256760563376,nan,False,2
8,0.001,0.995,1000,45,1.2658845,nan,False,2
8,0.001,0.995,1000,46,2.5818262125603866,nan,False,2
8,0.001,0.995,16000,42,1.4924576666666667,2.003216,True,2
8,0.001,0.995,16000,43,1.5937729999999999,1.997229,True,2
8,0.001,0.995,16000,44,1.510294,1.915735,True,2
8,0.001,0.995,16000,45,1.4753093333333334,1.914232,True,2
8,0.001,0.995,16000,46,1.503612666666667,2.002427,True,2
8,0.001,0.995,4000,42,1.506573666666667,1.882305,True,2
8,0.001,0.995,4000,43,1.6945050000000001,2.042764,True,2
8,0.001,0.995,4000,44,1.437862,1.879641,True,2
8,0.001,0.995,4000,45,1.4851283333333336,1.96599,True,2
8,0.001,0.995,4000,46,1.3420440000000002,2.04095,True,2
8,0.001,0.999,1000,42,3.6377066666666655,nan,False,2
8,0.001,0.999,1000,43,3.8807916439393937,nan,False,2
8,0.001,0.999,1000,44,3.6241853262411357,nan,False,2
8,0.001,0.999,1000,45,3.6084232916666665,nan,False,2
8,0.001,0.999,1000,46,3.732129152173913,nan,False,2
8,0.001,0.999,16000,42,4.240224111111111,nan,False,2
8,0.001,0.999,16000,43,4.572002444444445,nan,False,2
8,0.001,0.999,16000,44,4.16047811442786,nan,False,2
8,0.001,0.999,16000,45,4.230461742424242,nan,False,2
8,0.001,0.999,16000,46,4.580464277777777,nan,False,2
8,0.001,0.999,4000,42,3.8293854833333336,nan,False,2
8,0.001,0.999,4000,43,4.129615412121213,nan,False,2
8,0.001,0.999,4000,44,4.374857211538461,nan,False,2
8,0.001,0.999,4000,45,4.081446208333333,nan,False,2
8,0.001,0.999,4000,46,4.248900559748427,nan,False,2
8,0.001,0.99,1000,42,3.0724985689655178,nan,False,2
8,0.001,0.99,1000,43,3.173865208333333,nan,False,2
8,0.001,0.99,1000,44,3.1935214909090908,nan,False,2
8,0.001,0.99,1000,45,3.091330701754386,nan,False,2
8,0.001,0.99,1000,46,2.9136588360655735,nan,False,2
8,0.001,0.99,16000,42,2.6234043333333332,1.686658,True,2
8,0.001,0.99,16000,43,2.476994,1.743566,True,2
8,0.001,0.99,16000,44,2.5292486666666663,1.762035,True,2
8,0.001,0.99,16000,45,2.6528223333333334,1.686709,True,2
8,0.001,0.99,16000,46,2.5839086666666664,1.685972,True,2
8,0.001,0.99,4000,42,2.3510519999999997,1.815801,True,2
8,0.001,0.99,4000,43,2.7253776666666667,1.742918,True,2
8,0.001,0.99,4000,44,2.661568,nan,False,2
8,0.001,0.99,4000,45,2.4263483333333333,1.81699,True,2
8,0.001,0.99,4000,46,2.5105566666666665,1.814371,True,2
8,0.001,0.9,1000,42,3.685256042553192,nan,False,0
8,0.001,0.9,1000,43,3.6692247375886518,nan,False,0
8,0.001,0.9,1000,44,3.68001975177305,nan,False,0
8,0.001,0.9,1000,45,3.692155743055556,nan,False,0
8,0.001,0.9,1000,46,3.687257170212766,nan,False,0
8,0.001,0.9,16000,42,4.551748338983051,nan,False,0
8,0.001,0.9,16000,43,4.535234740112995,nan,False,0
8,0.001,0.9,16000,44,4.5499780111111106,nan,False,0
8,0.001,0.9,16000,45,4.546323961111112,nan,False,0
8,0.001,0.9,16000,46,4.498115894444444,nan,False,0
8,0.001,0.9,4000,42,4.083876625,nan,False,0
8,0.001,0.9,4000,43,4.0932801939393935,nan,False,0
8,0.001,0.9,4000,44,4.102005618181818,nan,False,0
8,0.001,0.9,4000,45,4.11906586060606,nan,False,0
8,0.001,0.9,4000,46,4.107380903030304,nan,False,0
8,0.004,0.95,1000,42,3.319010559748428,nan,False,2
8,0.004,0.95,1000,43,3.393333465408805,nan,False,0
8,0.004,0.95,1000,44,3.337329938271605,nan,False,0
8,0.004,0.95,1000,45,3.381283716981131,nan,False,2
8,0.004,0.95,1000,46,3.372687217948718,nan,False,0
8,0.004,0.95,16000,42,5.872114555555555,nan,False,0
8,0.004,0.95,16000,43,4.00886019117647,nan,False,0
8,0.004,0.95,16000,44,3.985114553921569,nan,False,0
8,0.004,0.95,16000,45,4.017005208955225,nan,False,0
8,0.004,0.95,16000,46,6.014128333333335,nan,False,0
8,0.004,0.95,4000,42,3.6092726197916667,nan,False,0
8,0.004,0.95,4000,43,3.6788470582010584,nan,False,0
8,0.004,0.95,4000,44,3.636074788359789,nan,False,0
8,0.004,0.95,4000,45,3.6443009841269838,nan,False,0
8,0.004,0.95,4000,46,3.6618687916666666,nan,False,0
8,0.004,0.995,1000,42,2.9847405367231636,nan,False,2
8,0.004,0.995,1000,43,2.76787725,nan,False,2
8,0.004,0.995,1000,44,2.9890896666666666,nan,False,2
8,0.004,0.995,1000,45,2.688942202020202,nan,False,2
8,0.004,0.995,1000,46,2.5799793761904763,nan,False,2
8,0.004,0.995,16000,42,1.7506506666666664,2.004413,True,2
8,0.004,0.995,16000,43,1.6407710000000002,1.998278,True,2
8,0.004,0.995,16000,44,1.6919473333333332,2.002806,True,2
8,0.004,0.995,16000,45,1.6763003333333335,2.001416,True,2
8,0.004,0.995,16000,46,1.6830683333333332,2.004004,True,2
8,0.004,0.995,4000,42,1.6489363333333333,1.966649,True,2
8,0.004,0.995,4000,43,1.659503,1.960692,True,2
8,0.004,0.995,4000,44,1.913051,1.883697,True,2
8,0.004,0.995,4000,45,1.6860216666666668,1.955757,True,2
8,0.004,0.995,4000,46,1.9396989999999998,1.888608,True,2
8,0.004,0.999,1000,42,3.78412628888889,nan,False,2
8,0.004,0.999,1000,43,3.8169167777777773,nan,False,2
8,0.004,0.999,1000,44,3.769795548148148,nan,False,2
8,0.004,0.999,1000,45,3.7643895724637684,nan,False,2
8,0.004,0.999,1000,46,3.8081513333333334,nan,False,2
8,0.004,0.999,16000,42,4.779071497076024,nan,False,2
8,0.004,0.999,16000,43,4.537734377049181,nan,False,2
8,0.004,0.999,16000,44,4.721581718390805,nan,False,2
8,0.004,0.999,16000,45,4.562895622950819,nan,False,2
8,0.004,0.999,16000,46,4.120676666666667,nan,False,2
8,0.004,0.999,4000,42,4.334537891025642,nan,False,2
8,0.004,0.999,4000,43,4.219801067901234,nan,False,2
8,0.004,0.999,4000,44,3.8856803672316382,nan,False,2
8,0.004,0.999,4000,45,3.479627924242424,nan,False,2
8,0.004,0.999,4000,46,3.852958755555555,nan,False,2
8,0.004,0.99,1000,42,3.3045301446540885,nan,False,2
8,0.004,0.99,1000,43,3.416209163398692,nan,False,2
8,0.004,0.99,1000,44,3.446268424836601,nan,False,2
8,0.004,0.99,1000,45,3.107140602339181,nan,False,2
8,0.004,0.99,1000,46,3.045929086206897,nan,False,2
8,0.004,0.99,16000,42,2.879963666666667,1.761767,True,2
8,0.004,0.99,16000,43,2.8024973333333336,1.761687,True,2
8,0.004,0.99,16000,44,2.9020449999999998,1.686481,True,2
8,0.004,0.99,16000,45,2.8441376666666667,1.760294,True,2
8,0.004,0.99,16000,46,2.769587333333334,1.840302,True,4
8,0.004,0.99,4000,42,2.907918,1.744391,True,2
8,0.004,0.99,4000,43,3.2641409765258214,nan,False,2
8,0.004,0.99,4000,44,3.2476241596244138,nan,False,2
8,0.004,0.99,4000,45,3.3992131372549017,nan,False,2
8,0.004,0.99,4000,46,2.7497221666666665,nan,False,2
8,0.004,0.9,1000,42,3.6077477142857144,nan,False,0
8,0.004,0.9,1000,43,3.605628931972789,nan,False,0
8,0.004,0.9,1000,44,3.6309023133333334,nan,False,0
8,0.004,0.9,1000,45,3.657882409722222,nan,False,0
8,0.004,0.9,1000,46,3.6635133194444442,nan,False,0
8,0.004,0.9,16000,42,4.490041888888888,nan,False,0
8,0.004,0.9,16000,43,4.471403918032786,nan,False,0
8,0.004,0.9,16000,44,4.456295442622951,nan,False,0
8,0.004,0.9,16000,45,4.469316087431694,nan,False,0
8,0.004,0.9,16000,46,4.440521983606557,nan,False,0
8,0.004,0.9,4000,42,4.026850466666668,nan,False,0
8,0.004,0.9,4000,43,4.0027302690058475,nan,False,0
8,0.004,0.9,4000,44,4.021368309523809,nan,False,0
8,0.004,0.9,4000,45,4.031310267857143,nan,False,0
8,0.004,0.9,4000,46,4.025891292397661,nan,False,0
8,0.005,0.95,1000,42,3.5365611599999998,nan,False,2
8,0.005,0.95,1000,43,3.4971564266666673,nan,False,0
8,0.005,0.95,1000,44,3.523899379084967,nan,False,0
8,0.005,0.95,1000,45,3.5367258571428573,nan,False,2
8,0.005,0.95,1000,46,3.5507005442176873,nan,False,0
8,0.005,0.95,16000,42,4.191506082051283,nan,False,0
8,0.005,0.95,16000,43,4.218567631313131,nan,False,0
8,0.005,0.95,16000,44,4.225743538461538,nan,False,0
8,0.005,0.95,16000,45,4.186804015384616,nan,False,0
8,0.005,0.95,16000,46,4.221753056410256,nan,False,0
8,0.005,0.95,256000,42,8.003951363636363,nan,False,0
8,0.005,0.95,256000,43,8.06656593939394,nan,False,0
8,0.005,0.95,256000,44,8.065230999999999,nan,False,0
8,0.005,0.95,256000,45,7.956020242424242,nan,False,0
8,0.005,0.95,256000,46,8.11331806060606,nan,False,0
8,0.005,0.95,4000,42,3.8275473333333334,nan,False,0
8,0.005,0.95,4000,43,3.853887988888889,nan,False,0
8,0.005,0.95,4000,44,3.7842677868852457,nan,False,0
8,0.005,0.95,4000,45,3.855314777777778,nan,False,0
8,0.005,0.95,4000,46,3.871550079096045,nan,False,0
8,0.005,0.95,64000,42,7.237154888888888,nan,False,0
8,0.005,0.95,64000,43,7.143069888888888,nan,False,0
8,0.005,0.95,64000,44,7.319233888888888,nan,False,0
8,0.005,0.95,64000,45,7.311200666666665,nan,False,0
8,0.005,0.95,64000,46,7.248080388888887,nan,False,0
8,0.005,0.995,1000,42,2.980489615819209,nan,False,2
8,0.005,0.995,1000,43,2.8087604232804235,nan,False,2
8,0.005,0.995,1000,44,2.430105748858447,nan,False,2
8,0.005,0.995,1000,45,1.2794167142857142,nan,False,2
8,0.005,0.995,1000,46,1.1534676666666666,nan,False,2
8,0.005,0.995,16000,42,1.6741963333333334,2.00072,True,2
8,0.005,0.995,16000,43,1.6502506666666665,2.000055,True,2
8,0.005,0.995,16000,44,1.6621893333333333,1.914923,True,2
8,0.005,0.995,16000,45,1.536905,2.002774,True,2
8,0.005,0.995,16000,46,1.6497986666666666,1.917324,True,2
8,0.005,0.995,256000,42,1.681347,1.998463,True,2
8,0.005,0.995,256000,43,1.6697959999999998,1.99719,True,2
8,0.005,0.995,256000,44,1.6897950000000002,1.998145,True,2
8,0.005,0.995,256000,45,1.695175,1.998329,True,2
8,0.005,0.995,256000,46,1.687735,1.997947,True,2
8,0.005,0.995,4000,42,1.747507,1.961224,True,2
8,0.005,0.995,4000,43,1.5943156666666667,2.044436,True,2
8,0.005,0.995,4000,44,1.4757846666666667,1.962949,True,2
8,0.005,0.995,4000,45,1.685265,2.126963,True,2
8,0.005,0.995,4000,46,1.6426040000000002,1.963214,True,2
8,0.005,0.995,64000,42,1.6847306666666668,1.948474,True,2
8,0.005,0.995,64000,43,1.6909109999999998,1.947821,True,2
8,0.005,0.995,64000,44,1.6859686666666667,2.021606,True,2
8,0.005,0.995,64000,45,1.6837096666666664,1.947441,True,2
8,0.005,0.995,64000,46,1.684861,1.948302,True,2
8,0.005,0.999,1000,42,3.731966403100775,nan,False,2
8,0.005,0.999,1000,43,3.874101431818182,nan,False,2
8,0.005,0.999,1000,44,3.638614694444444,nan,False,2
8,0.005,0.999,1000,45,3.815381696296295,nan,False,2
8,0.005,0.999,1000,46,3.697288624113476,nan,False,2
8,0.005,0.999,16000,42,4.0489873043478255,nan,False,2
8,0.005,0.999,16000,43,4.143806706467662,nan,False,2
8,0.005,0.999,16000,44,4.278598087179486,nan,False,2
8,0.005,0.999,16000,45,3.9919356095238103,nan,False,2
8,0.005,0.999,16000,46,4.785998643274855,nan,False,2
8,0.005,0.999,256000,42,1.9228127435897435,nan,False,2
8,0.005,0.999,256000,43,1.5717170833333334,nan,False,2
8,0.005,0.999,256000,44,1.6692527333333333,nan,False,2
8,0.005,0.999,256000,45,1.351448,nan,False,2
8,0.005,0.999,256000,46,1.8638371568627452,nan,False,2
8,0.005,0.999,4000,42,3.912520488505747,nan,False,2
8,0.005,0.999,4000,43,3.978740712643678,nan,False,2
8,0.005,0.999,4000,44,3.6191561058201054,nan,False,2
8,0.005,0.999,4000,45,4.2524529567901235,nan,False,2
8,0.005,0.999,4000,46,3.8523291186440676,nan,False,2
8,0.005,0.999,64000,42,4.870482075757576,nan,False,2
8,0.005,0.999,64000,43,1.628272051282051,nan,False,2
8,0.005,0.999,64000,44,1.8059625555555554,nan,False,2
8,0.005,0.999,64000,45,1.8267373888888887,nan,False,2
8,0.005,0.999,64000,46,1.7507942,nan,False,2
8,0.005,0.99,1000,42,2.816479546875,nan,False,2
8,0.005,0.99,1000,43,3.017431909604519,nan,False,2
8,0.005,0.99,1000,44,3.3649220769230768,nan,False,2
8,0.005,0.99,1000,45,3.299314937106918,nan,False,2
8,0.005,0.99,1000,46,2.9468496284153005,nan,False,2
8,0.005,0.99,16000,42,2.7300676666666663,1.686176,True,2
8,0.005,0.99,16000,43,2.6611996666666666,1.685413,True,2
8,0.005,0.99,16000,44,2.543157666666667,1.686049,True,2
8,0.005,0.99,16000,45,2.715657333333333,1.685947,True,2
8,0.005,0.99,16000,46,2.4802486666666668,1.76174,True,2
8,0.005,0.99,256000,42,2.6206666666666667,1.727094,True,4
8,0.005,0.99,256000,43,2.6301133333333335,1.727042,True,4
8,0.005,0.99,256000,44,2.622916,1.726866,True,4
8,0.005,0.99,256000,45,2.6640460000000004,1.727,True,4
8,0.005,0.99,256000,46,2.6065113333333336,1.727124,True,2
8,0.005,0.99,4000,42,2.7148263333333333,1.744391,True,2
8,0.005,0.99,4000,43,2.642466,nan,False,2
8,0.005,0.99,4000,44,2.5978176666666664,1.743145,True,2
8,0.005,0.99,4000,45,2.5766626666666665,1.743258,True,2
8,0.005,0.99,4000,46,2.7860366666666665,1.81699,True,2
8,0.005,0.99,64000,42,2.6218233333333334,1.699098,True,2
8,0.005,0.99,64000,43,2.628197,1.680882,True,4
8,0.005,0.99,64000,44,2.638521,1.698852,True,4
8,0.005,0.99,64000,45,2.6428853333333335,1.699182,True,4
8,0.005,0.99,64000,46,2.585882666666667,1.698671,True,3
8,0.005,0.9,1000,42,3.6583501944444436,nan,False,0
8,0.005,0.9,1000,43,3.676064673758865,nan,False,0
8,0.005,0.9,1000,44,3.672481666666666,nan,False,0
8,0.005,0.9,1000,45,3.65355587755102,nan,False,0
8,0.005,0.9,1000,46,3.6905704652777778,nan,False,0
8,0.005,0.9,16000,42,4.513432405555557,nan,False,0
8,0.005,0.9,16000,43,4.517507361111111,nan,False,0
8,0.005,0.9,16000,44,4.555531723163842,nan,False,0
8,0.005,0.9,16000,45,4.514049833333334,nan,False,0
8,0.005,0.9,16000,46,4.466383422222222,nan,False,0
8,0.005,0.9,256000,42,9.159811199999998,nan,False,0
8,0.005,0.9,256000,43,9.152381466666666,nan,False,0
8,0.005,0.9,256000,44,9.2203382,nan,False,0
8,0.005,0.9,256000,45,9.188790466666667,nan,False,0
8,0.005,0.9,256000,46,9.218966466666668,nan,False,0
8,0.005,0.9,4000,42,4.056455148809524,nan,False,0
8,0.005,0.9,4000,43,4.100340357142857,nan,False,0
8,0.005,0.9,4000,44,4.089054648809523,nan,False,0
8,0.005,0.9,4000,45,4.131261571428571,nan,False,0
8,0.005,0.9,4000,46,4.098146827380952,nan,False,0
8,0.005,0.9,64000,42,4.900535232804233,nan,False,0
8,0.005,0.9,64000,43,4.901040153439153,nan,False,0
8,0.005,0.9,64000,44,4.9164845191256825,nan,False,0
8,0.005,0.9,64000,45,4.90277725136612,nan,False,0
8,0.005,0.9,64000,46,4.922925510752688,nan,False,0
8,0.015,0.95,1000,42,3.973670689922481,nan,False,0
8,0.015,0.95,1000,43,4.017326341085271,nan,False,0
8,0.015,0.95,1000,44,4.007923333333333,nan,False,0
8,0.015,0.95,1000,45,3.974788379844962,nan,False,0
8,0.015,0.95,1000,46,3.9679038372093025,nan,False,0
8,0.015,0.95,16000,42,5.167930673076923,nan,False,0
8,0.015,0.95,16000,43,5.111707594771242,nan,False,0
8,0.015,0.95,16000,44,5.15277491503268,nan,False,0
8,0.015,0.95,16000,45,5.121652948717948,nan,False,0
8,0.015,0.95,16000,46,5.134418525641025,nan,False,0
8,0.015,0.95,256000,42,5.986885240740741,nan,False,0
8,0.015,0.95,256000,43,5.996789481481483,nan,False,0
8,0.015,0.95,256000,44,5.967985308641975,nan,False,0
8,0.015,0.95,256000,45,5.999596703703704,nan,False,0
8,0.015,0.95,256000,46,6.002167376543209,nan,False,0
8,0.015,0.95,4000,42,4.57453038,nan,False,0
8,0.015,0.95,4000,43,4.551971700680272,nan,False,0
8,0.015,0.95,4000,44,4.590930526666667,nan,False,0
8,0.015,0.95,4000,45,4.56244731292517,nan,False,0
8,0.015,0.95,4000,46,4.537829836734693,nan,False,0
8,0.015,0.95,64000,42,5.562961591194969,nan,False,0
8,0.015,0.95,64000,43,5.5725484339622655,nan,False,0
8,0.015,0.95,64000,44,5.629478194968552,nan,False,0
8,0.015,0.95,64000,45,5.5844684716981146,nan,False,0
8,0.015,0.95,64000,46,5.557160641509434,nan,False,0
8,0.015,0.995,1000,42,4.030541496124032,nan,False,0
8,0.015,0.995,1000,43,4.01384680620155,nan,False,0
8,0.015,0.995,1000,44,4.054618821705425,nan,False,0
8,0.015,0.995,1000,45,4.009139722222223,nan,False,0
8,0.015,0.995,1000,46,4.01071280620155,nan,False,0
8,0.015,0.995,16000,42,5.103495333333334,nan,False,0
8,0.015,0.995,16000,43,5.138491267973857,nan,False,0
8,0.015,0.995,16000,44,5.1412674248366015,nan,False,0
8,0.015,0.995,16000,45,5.129482718954248,nan,False,0
8,0.015,0.995,16000,46,5.093780115384616,nan,False,0
8,0.015,0.995,256000,42,5.975591666666667,nan,False,0
8,0.015,0.995,256000,43,5.946526351851852,nan,False,0
8,0.015,0.995,256000,44,5.971305148148149,nan,False,0
8,0.015,0.995,256000,45,5.991473666666668,nan,False,0
8,0.015,0.995,256000,46,5.971070160493826,nan,False,0
8,0.015,0.995,4000,42,4.542472034013606,nan,False,0
8,0.015,0.995,4000,43,4.56716343537415,nan,False,0
8,0.015,0.995,4000,44,4.590683047619048,nan,False,0
8,0.015,0.995,4000,45,4.581083346938776,nan,False,0
8,0.015,0.995,4000,46,4.5707466598639455,nan,False,0
8,0.015,0.995,64000,42,5.561865,nan,False,0
8,0.015,0.995,64000,43,5.554471603773585,nan,False,0
8,0.015,0.995,64000,44,5.632652251572328,nan,False,0
8,0.015,0.995,64000,45,5.579470194968552,nan,False,0
8,0.015,0.995,64000,46,5.56927403773585,nan,False,0
8,0.015,0.999,1000,42,3.7682426231884043,nan,False,2
8,0.015,0.999,1000,43,3.8735163787878792,nan,False,2
8,0.015,0.999,1000,44,3.816031807407406,nan,False,2
8,0.015,0.999,1000,45,3.88649046969697,nan,False,0
8,0.015,0.999,1000,46,3.923356492424242,nan,False,0
8,0.015,0.999,16000,42,5.065901923076923,nan,False,2
8,0.015,0.999,16000,43,4.913826851851851,nan,False,2
8,0.015,0.999,16000,44,5.024157410256409,nan,False,2
8,0.015,0.999,16000,45,5.070281452830189,nan,False,2
8,0.015,0.999,16000,46,4.974949327160494,nan,False,2
8,0.015,0.999,256000,42,6.088297702380953,nan,False,2
8,0.015,0.999,256000,43,6.085696970238096,nan,False,2
8,0.015,0.999,256000,44,6.145121209876543,nan,False,2
8,0.015,0.999,256000,45,6.062800187878788,nan,False,2
8,0.015,0.999,256000,46,6.062283549707602,nan,False,2
8,0.015,0.999,4000,42,4.365650666666667,nan,False,2
8,0.015,0.999,4000,43,4.392305477124183,nan,False,2
8,0.015,0.999,4000,44,4.288885737179488,nan,False,2
8,0.015,0.999,4000,45,4.260790949685534,nan,False,2
8,0.015,0.999,4000,46,4.3626036405228765,nan,False,2
8,0.015,0.999,64000,42,5.153551145161292,nan,False,2
8,0.015,0.999,64000,43,5.537392454545454,nan,False,2
8,0.015,0.999,64000,44,5.550523006060606,nan,False,2
8,0.015,0.999,64000,45,5.616762888888888,nan,False,1
8,0.015,0.999,64000,46,5.570051812121212,nan,False,2
8,0.015,0.99,1000,42,4.029604317829458,nan,False,0
8,0.015,0.99,1000,43,4.04437288372093,nan,False,0
8,0.015,0.99,1000,44,4.033584333333333,nan,False,0
8,0.015,0.99,1000,45,4.007372186046512,nan,False,0
8,0.015,0.99,1000,46,3.9898273720930226,nan,False,0
8,0.015,0.99,16000,42,5.143768666666667,nan,False,0
8,0.015,0.99,16000,43,5.1226177124183,nan,False,0
8,0.015,0.99,16000,44,5.155619359477125,nan,False,0
8,0.015,0.99,16000,45,5.11724362745098,nan,False,0
8,0.015,0.99,16000,46,5.103196235294118,nan,False,0
8,0.015,0.99,256000,42,5.95883538271605,nan,False,0
8,0.015,0.99,256000,43,5.981738586419753,nan,False,0
8,0.015,0.99,256000,44,5.99866036419753,nan,False,0
8,0.015,0.99,256000,45,5.985191197530865,nan,False,0
8,0.015,0.99,256000,46,5.972852913580247,nan,False,0
8,0.015,0.99,4000,42,4.528492272108843,nan,False,0
8,0.015,0.99,4000,43,4.5478786394557815,nan,False,0
8,0.015,0.99,4000,44,4.5891386122448985,nan,False,0
8,0.015,0.99,4000,45,4.582070312925169,nan,False,0
8,0.015,0.99,4000,46,4.576641346938776,nan,False,0
8,0.015,0.99,64000,42,5.581820402515723,nan,False,0
8,0.015,0.99,64000,43,5.575352358490566,nan,False,0
8,0.015,0.99,64000,44,5.636180578616352,nan,False,0
8,0.015,0.99,64000,45,5.592398641509434,nan,False,0
8,0.015,0.99,64000,46,5.5845056540880496,nan,False,0
8,0.015,0.9,1000,42,3.9931295658914734,nan,False,0
8,0.015,0.9,1000,43,4.015370085271318,nan,False,0
8,0.015,0.9,1000,44,4.031927255813954,nan,False,0
8,0.015,0.9,1000,45,3.9698771472868213,nan,False,0
8,0.015,0.9,1000,46,3.9802508449612413,nan,False,0
8,0.015,0.9,16000,42,5.1117571699346405,nan,False,0
8,0.015,0.9,16000,43,5.14223160897436,nan,False,0
8,0.015,0.9,16000,44,5.126556032679739,nan,False,0
8,0.015,0.9,16000,45,5.126861692810458,nan,False,0
8,0.015,0.9,16000,46,5.151030012820513,nan,False,0
8,0.015,0.9,256000,42,6.014545956790124,nan,False,0
8,0.015,0.9,256000,43,6.0314519074074076,nan,False,0
8,0.015,0.9,256000,44,6.013797969135802,nan,False,0
8,0.015,0.9,256000,45,6.007628271604938,nan,False,0
8,0.015,0.9,256000,46,6.0311805679012345,nan,False,0
8,0.015,0.9,4000,42,4.545943768707483,nan,False,0
8,0.015,0.9,4000,43,4.548387210884354,nan,False,0
8,0.015,0.9,4000,44,4.619074333333334,nan,False,0
8,0.015,0.9,4000,45,4.663157394557824,nan,False,0
8,0.015,0.9,4000,46,4.571653206666666,nan,False,0
8,0.015,0.9,64000,42,5.588251647798741,nan,False,0
8,0.015,0.9,64000,43,5.579815503144655,nan,False,0
8,0.015,0.9,64000,44,5.647196094339624,nan,False,0
8,0.015,0.9,64000,45,5.608355943396227,nan,False,0
8,0.015,0.9,64000,46,5.53584096226415,nan,False,0
8,0.016,0.95,1000,42,3.9898915426356583,nan,False,0
8,0.016,0.95,1000,43,4.023658713178294,nan,False,0
8,0.016,0.95,1000,44,4.005104992248062,nan,False,0
8,0.016,0.95,1000,45,4.016351666666666,nan,False,0
8,0.016,0.95,1000,46,3.970692418604652,nan,False,0
8,0.016,0.95,16000,42,5.169670070512821,nan,False,0
8,0.016,0.95,16000,43,5.107068418300654,nan,False,0
8,0.016,0.95,16000,44,5.1177187973856215,nan,False,0
8,0.016,0.95,16000,45,5.103533908496733,nan,False,0
8,0.016,0.95,16000,46,5.15077923076923,nan,False,0
8,0.016,0.95,4000,42,4.56923564,nan,False,0
8,0.016,0.95,4000,43,4.61134825170068,nan,False,0
8,0.016,0.95,4000,44,4.5862679733333325,nan,False,0
8,0.016,0.95,4000,45,4.55722774829932,nan,False,0
8,0.016,0.95,4000,46,4.591701573333333,nan,False,0
8,0.016,0.995,1000,42,3.9794571363636364,nan,False,0
8,0.016,0.995,1000,43,4.012370166666667,nan,False,0
8,0.016,0.995,1000,44,4.019578136363636,nan,False,0
8,0.016,0.995,1000,45,4.014200046511628,nan,False,0
8,0.016,0.995,1000,46,3.9822441860465116,nan,False,0
8,0.016,0.995,16000,42,5.126573712418301,nan,False,0
8,0.016,0.995,16000,43,5.134184915032679,nan,False,0
8,0.016,0.995,16000,44,5.134048803921569,nan,False,0
8,0.016,0.995,16000,45,5.126097921568627,nan,False,0
8,0.016,0.995,16000,46,5.0965398888888895,nan,False,0
8,0.016,0.995,4000,42,4.568323190476191,nan,False,0
8,0.016,0.995,4000,43,4.559886149659864,nan,False,0
8,0.016,0.995,4000,44,4.551586605442177,nan,False,0
8,0.016,0.995,4000,45,4.622698850340136,nan,False,0
8,0.016,0.995,4000,46,4.560405809523809,nan,False,0
8,0.016,0.999,1000,42,3.9431025681818186,nan,False,0
8,0.016,0.999,1000,43,3.965890449612403,nan,False,0
8,0.016,0.999,1000,44,3.88726875,nan,False,2
8,0.016,0.999,1000,45,3.8612728814814816,nan,False,2
8,0.016,0.999,1000,46,3.831254196969697,nan,False,2
8,0.016,0.999,16000,42,5.004925289308177,nan,False,2
8,0.016,0.999,16000,43,4.99807137037037,nan,False,2
8,0.016,0.999,16000,44,4.990622547169811,nan,False,2
8,0.016,0.999,16000,45,4.8804962181818174,nan,False,2
8,0.016,0.999,16000,46,4.865088333333333,nan,False,2
8,0.016,0.999,4000,42,4.027319070175439,nan,False,2
8,0.016,0.999,4000,43,4.4910286326530615,nan,False,0
8,0.016,0.999,4000,44,4.452287137254903,nan,False,2
8,0.016,0.999,4000,45,4.394352713333333,nan,False,2
8,0.016,0.999,4000,46,4.497768829931973,nan,False,0
8,0.016,0.99,1000,42,3.9915866744186053,nan,False,0
8,0.016,0.99,1000,43,4.010953279069768,nan,False,0
8,0.016,0.99,1000,44,4.03748107751938,nan,False,0
8,0.016,0.99,1000,45,4.011358418604652,nan,False,0
8,0.016,0.99,1000,46,3.997914372093023,nan,False,0
8,0.016,0.99,16000,42,5.123085091503268,nan,False,0
8,0.016,0.99,16000,43,5.148207124183006,nan,False,0
8,0.016,0.99,16000,44,5.152397156862746,nan,False,0
8,0.016,0.99,16000,45,5.116539588235295,nan,False,0
8,0.016,0.99,16000,46,5.099782026143791,nan,False,0
8,0.016,0.99,4000,42,4.528419408163265,nan,False,0
8,0.016,0.99,4000,43,4.532613340136055,nan,False,0
8,0.016,0.99,4000,44,4.600819244897959,nan,False,0
8,0.016,0.99,4000,45,4.591088979591837,nan,False,0
8,0.016,0.99,4000,46,4.56134343537415,nan,False,0
8,0.016,0.9,1000,42,3.995336581395349,nan,False,0
8,0.016,0.9,1000,43,4.032291,nan,False,0
8,0.016,0.9,1000,44,4.0250343798449615,nan,False,0
8,0.016,0.9,1000,45,3.977608992248062,nan,False,0
8,0.016,0.9,1000,46,3.976392627906977,nan,False,0
8,0.016,0.9,16000,42,5.1205834807692305,nan,False,0
8,0.016,0.9,16000,43,5.142199091503269,nan,False,0
8,0.016,0.9,16000,44,5.121010705882353,nan,False,0
8,0.016,0.9,16000,45,5.116875993464052,nan,False,0
8,0.016,0.9,16000,46,5.161380352564101,nan,False,0
8,0.016,0.9,4000,42,4.599064095238095,nan,False,0
8,0.016,0.9,4000,43,4.5575000533333325,nan,False,0
8,0.016,0.9,4000,44,4.5932259,nan,False,0
8,0.016,0.9,4000,45,4.647513673469388,nan,False,0
8,0.016,0.9,4000,46,4.561808193333333,nan,False,0
8,0.03,0.95,1000,42,3.95740692248062,nan,False,0
8,0.03,0.95,1000,43,4.015174393939393,nan,False,0
8,0.03,0.95,1000,44,4.005706170542636,nan,False,0
8,0.03,0.95,1000,45,3.9736108560606067,nan,False,0
8,0.03,0.95,1000,46,3.9272797596899225,nan,False,0
8,0.03,0.95,16000,42,5.132944673076922,nan,False,0
8,0.03,0.95,16000,43,5.193678104575164,nan,False,0
8,0.03,0.95,16000,44,5.19810868627451,nan,False,0
8,0.03,0.95,16000,45,5.128554852564102,nan,False,0
8,0.03,0.95,16000,46,5.080287967320262,nan,False,0
8,0.03,0.95,4000,42,4.529060850340136,nan,False,0
8,0.03,0.95,4000,43,4.550688503401361,nan,False,0
8,0.03,0.95,4000,44,4.561328097222222,nan,False,0
8,0.03,0.95,4000,45,4.586207925170068,nan,False,0
8,0.03,0.95,4000,46,4.545928455782313,nan,False,0
8,0.03,0.95,64000,42,5.607928955128205,nan,False,0
8,0.03,0.95,64000,43,5.610392262820513,nan,False,0
8,0.03,0.95,64000,44,5.660511352564102,nan,False,0
8,0.03,0.95,64000,45,5.607735397435897,nan,False,0
8,0.03,0.95,64000,46,5.582343846153847,nan,False,0
8,0.03,0.995,1000,42,4.028764519379845,nan,False,0
8,0.03,0.995,1000,43,3.988907706349207,nan,False,0
8,0.03,0.995,1000,44,4.054485860465116,nan,False,0
8,0.03,0.995,1000,45,4.017958434108526,nan,False,0
8,0.03,0.995,1000,46,3.9944442325581395,nan,False,0
8,0.03,0.995,16000,42,5.0830561437908495,nan,False,0
8,0.03,0.995,16000,43,5.139419320261438,nan,False,0
8,0.03,0.995,16000,44,5.15709665359477,nan,False,0
8,0.03,0.995,16000,45,5.072077163398692,nan,False,0
8,0.03,0.995,16000,46,5.099530784313726,nan,False,0
8,0.03,0.995,4000,42,4.577805367346939,nan,False,0
8,0.03,0.995,4000,43,4.569037986394558,nan,False,0
8,0.03,0.995,4000,44,4.586336231292517,nan,False,0
8,0.03,0.995,4000,45,4.6293573680555555,nan,False,0
8,0.03,0.995,4000,46,4.570421306122449,nan,False,0
8,0.03,0.995,64000,42,5.54880220754717,nan,False,0
8,0.03,0.995,64000,43,5.628393025157234,nan,False,0
8,0.03,0.995,64000,44,5.6942001383647805,nan,False,0
8,0.03,0.995,64000,45,5.637644421383647,nan,False,0
8,0.03,0.995,64000,46,5.599171257861635,nan,False,0
8,0.03,0.999,1000,42,4.029713849206349,nan,False,0
8,0.03,0.999,1000,43,4.048881777777778,nan,False,0
8,0.03,0.999,1000,44,3.913058573643411,nan,False,0
8,0.03,0.999,1000,45,3.976278418604651,nan,False,0
8,0.03,0.999,1000,46,3.973740550387597,nan,False,0
8,0.03,0.999,16000,42,5.15773182,nan,False,0
8,0.03,0.999,16000,43,5.219704751633987,nan,False,0
8,0.03,0.999,16000,44,5.161564973333334,nan,False,0
8,0.03,0.999,16000,45,5.136134275641026,nan,False,0
8,0.03,0.999,16000,46,5.186671542483661,nan,False,0
8,0.03,0.999,4000,42,4.5829275972222225,nan,False,0
8,0.03,0.999,4000,43,4.546636819444444,nan,False,0
8,0.03,0.999,4000,44,4.637005638297872,nan,False,0
8,0.03,0.999,4000,45,4.663327673758865,nan,False,0
8,0.03,0.999,4000,46,4.591679822695035,nan,False,0
8,0.03,0.999,64000,42,5.617210000000001,nan,False,0
8,0.03,0.999,64000,43,5.671619141025641,nan,False,0
8,0.03,0.999,64000,44,5.680670166666667,nan,False,0
8,0.03,0.999,64000,45,5.588506653846154,nan,False,0
8,0.03,0.999,64000,46,5.644249032051283,nan,False,0
8,0.03,0.99,1000,42,4.000440744186046,nan,False,0
8,0.03,0.99,1000,43,4.030185891472869,nan,False,0
8,0.03,0.99,1000,44,4.0454969922480615,nan,False,0
8,0.03,0.99,1000,45,4.028413627906977,nan,False,0
8,0.03,0.99,1000,46,3.9596576279069766,nan,False,0
8,0.03,0.99,16000,42,5.124520758169934,nan,False,0
8,0.03,0.99,16000,43,5.15337231372549,nan,False,0
8,0.03,0.99,16000,44,5.145855843137255,nan,False,0
8,0.03,0.99,16000,45,5.1383238235294115,nan,False,0
8,0.03,0.99,16000,46,5.086661869281046,nan,False,0
8,0.03,0.99,4000,42,4.5587864149659865,nan,False,0
8,0.03,0.99,4000,43,4.564102523809524,nan,False,0
8,0.03,0.99,4000,44,4.60979374829932,nan,False,0
8,0.03,0.99,4000,45,4.622980993055555,nan,False,0
8,0.03,0.99,4000,46,4.553655285714286,nan,False,0
8,0.03,0.99,64000,42,5.585949861635221,nan,False,0
8,0.03,0.99,64000,43,5.581356169811319,nan,False,0
8,0.03,0.99,64000,44,5.631398974842766,nan,False,0
8,0.03,0.99,64000,45,5.578916729559749,nan,False,0
8,0.03,0.99,64000,46,5.667551572327045,nan,False,0
8,0.03,0.9,1000,42,3.972370749999999,nan,False,0
8,0.03,0.9,1000,43,3.9628415581395355,nan,False,0
8,0.03,0.9,1000,44,4.000441492424242,nan,False,0
8,0.03,0.9,1000,45,3.966773090909091,nan,False,0
8,0.03,0.9,1000,46,3.919349426356589,nan,False,0
8,0.03,0.9,16000,42,5.144722359477123,nan,False,0
8,0.03,0.9,16000,43,5.167874128205128,nan,False,0
8,0.03,0.9,16000,44,5.17697294871795,nan,False,0
8,0.03,0.9,16000,45,5.141144673076923,nan,False,0
8,0.03,0.9,16000,46,5.117636955128205,nan,False,0
8,0.03,0.9,4000,42,4.539694401360544,nan,False,0
8,0.03,0.9,4000,43,4.5374502448979595,nan,False,0
8,0.03,0.9,4000,44,4.584949368055555,nan,False,0
8,0.03,0.9,4000,45,4.569617136054421,nan,False,0
8,0.03,0.9,4000,46,4.549151952380952,nan,False,0
8,0.03,0.9,64000,42,5.64533307051282,nan,False,0
8,0.03,0.9,64000,43,5.5930609433962255,nan,False,0
8,0.03,0.9,64000,44,5.713379775641025,nan,False,0
8,0.03,0.9,64000,45,5.628217647798743,nan,False,0
8,0.03,0.9,64000,46,5.650207032051281,nan,False,0
8,0.05,0.95,1000,42,3.9716701212121213,nan,False,0
8,0.05,0.95,1000,43,3.9704810075757564,nan,False,0
8,0.05,0.95,1000,44,3.944870992248062,nan,False,0
8,0.05,0.95,1000,45,3.956050775193798,nan,False,0
8,0.05,0.95,1000,46,3.9354069772727276,nan,False,0
8,0.05,0.95,16000,42,5.1325798562091505,nan,False,0
8,0.05,0.95,16000,43,5.214669771241829,nan,False,0
8,0.05,0.95,16000,44,5.203295601307189,nan,False,0
8,0.05,0.95,16000,45,5.199266209150327,nan,False,0
8,0.05,0.95,16000,46,5.157111052287583,nan,False,0
8,0.05,0.95,4000,42,4.536398465277778,nan,False,0
8,0.05,0.95,4000,43,4.544069673611111,nan,False,0
8,0.05,0.95,4000,44,4.559356523809524,nan,False,0
8,0.05,0.95,4000,45,4.56854456462585,nan,False,0
8,0.05,0.95,4000,46,4.559326166666666,nan,False,0
8,0.05,0.95,64000,42,5.577729448717948,nan,False,0
8,0.05,0.95,64000,43,5.590415620915032,nan,False,0
8,0.05,0.95,64000,44,5.663572666666666,nan,False,0
8,0.05,0.95,64000,45,5.577396544871794,nan,False,0
8,0.05,0.95,64000,46,5.657940635220126,nan,False,0
8,0.05,0.995,1000,42,3.9941837519379844,nan,False,0
8,0.05,0.995,1000,43,4.03308896124031,nan,False,0
8,0.05,0.995,1000,44,4.024556217054263,nan,False,0
8,0.05,0.995,1000,45,3.9885137984496115,nan,False,0
8,0.05,0.995,1000,46,3.949821333333333,nan,False,0
8,0.05,0.995,16000,42,5.0792616993464055,nan,False,0
8,0.05,0.995,16000,43,5.096878738562091,nan,False,0
8,0.05,0.995,16000,44,5.106827679738562,nan,False,0
8,0.05,0.995,16000,45,5.096981045751634,nan,False,0
8,0.05,0.995,16000,46,5.049828267973855,nan,False,0
8,0.05,0.995,4000,42,4.548221236111111,nan,False,0
8,0.05,0.995,4000,43,4.5573035,nan,False,0
8,0.05,0.995,4000,44,4.602275618055556,nan,False,0
8,0.05,0.995,4000,45,4.6198529652777784,nan,False,0
8,0.05,0.995,4000,46,4.578565458333333,nan,False,0
8,0.05,0.995,64000,42,5.645514566037737,nan,False,0
8,0.05,0.995,64000,43,5.566164198717948,nan,False,0
8,0.05,0.995,64000,44,5.601620147435897,nan,False,0
8,0.05,0.995,64000,45,5.57658423076923,nan,False,0
8,0.05,0.995,64000,46,5.632080025157233,nan,False,0
8,0.05,0.999,1000,42,3.9676635193798444,nan,False,0
8,0.05,0.999,1000,43,4.004466412698413,nan,False,0
8,0.05,0.999,1000,44,4.025298753968253,nan,False,0
8,0.05,0.999,1000,45,3.9993321705426355,nan,False,0
8,0.05,0.999,1000,46,3.9246322558139535,nan,False,0
8,0.05,0.999,16000,42,5.254148646666668,nan,False,0
8,0.05,0.999,16000,43,5.2027111,nan,False,0
8,0.05,0.999,16000,44,5.219640513333334,nan,False,0
8,0.05,0.999,16000,45,5.234020826666666,nan,False,0
8,0.05,0.999,16000,46,5.174718753333333,nan,False,0
8,0.05,0.999,4000,42,4.654577319148938,nan,False,0
8,0.05,0.999,4000,43,4.658592567375886,nan,False,0
8,0.05,0.999,4000,44,4.649657184397164,nan,False,0
8,0.05,0.999,4000,45,4.721351304964539,nan,False,0
8,0.05,0.999,4000,46,4.609394875,nan,False,0
8,0.05,0.999,64000,42,5.663767483660131,nan,False,0
8,0.05,0.999,64000,43,5.697155052287582,nan,False,0
8,0.05,0.999,64000,44,5.716497183006536,nan,False,0
8,0.05,0.999,64000,45,5.682440405228758,nan,False,0
8,0.05,0.999,64000,46,5.660917183006536,nan,False,0
8,0.05,0.99,1000,42,3.9894110310077524,nan,False,0
8,0.05,0.99,1000,43,3.9929363333333336,nan,False,0
8,0.05,0.99,1000,44,4.020165937984497,nan,False,0
8,0.05,0.99,1000,45,3.9596914806201546,nan,False,0
8,0.05,0.99,1000,46,3.9557792403100773,nan,False,0
8,0.05,0.99,16000,42,5.095448137254903,nan,False,0
8,0.05,0.99,16000,43,5.098481294117646,nan,False,0
8,0.05,0.99,16000,44,5.093411686274509,nan,False,0
8,0.05,0.99,16000,45,5.089178241830066,nan,False,0
8,0.05,0.99,16000,46,5.061583496732026,nan,False,0
8,0.05,0.99,4000,42,4.581628694444444,nan,False,0
8,0.05,0.99,4000,43,4.552670659863945,nan,False,0
8,0.05,0.99,4000,44,4.586760074829932,nan,False,0
8,0.05,0.99,4000,45,4.624117854166667,nan,False,0
8,0.05,0.99,4000,46,4.55922331292517,nan,False,0
8,0.05,0.99,64000,42,5.575726596153846,nan,False,0
8,0.05,0.99,64000,43,5.5526669551282035,nan,False,0
8,0.05,0.99,64000,44,5.595434974358975,nan,False,0
8,0.05,0.99,64000,45,5.640361132075472,nan,False,0
8,0.05,0.99,64000,46,5.5786745320512825,nan,False,0
8,0.05,0.9,1000,42,3.955686015503875,nan,False,0
8,0.05,0.9,1000,43,3.960356534883721,nan,False,0
8,0.05,0.9,1000,44,3.953483961240311,nan,False,0
8,0.05,0.9,1000,45,3.943843023255814,nan,False,0
8,0.05,0.9,1000,46,3.896856255813954,nan,False,0
8,0.05,0.9,16000,42,5.117288699346405,nan,False,0
8,0.05,0.9,16000,43,5.130331560000001,nan,False,0
8,0.05,0.9,16000,44,5.184158966666668,nan,False,0
8,0.05,0.9,16000,45,5.119901718954248,nan,False,0
8,0.05,0.9,16000,46,5.1351536866666665,nan,False,0
8,0.05,0.9,4000,42,4.519790673469387,nan,False,0
8,0.05,0.9,4000,43,4.544254472222222,nan,False,0
8,0.05,0.9,4000,44,4.570246131944444,nan,False,0
8,0.05,0.9,4000,45,4.579032708333333,nan,False,0
8,0.05,0.9,4000,46,4.541729108843537,nan,False,0
8,0.05,0.9,64000,42,5.584442756410256,nan,False,0
8,0.05,0.9,64000,43,5.591353333333334,nan,False,0
8,0.05,0.9,64000,44,5.659809846153847,nan,False,0
8,0.05,0.9,64000,45,5.6326283653846145,nan,False,0
8,0.05,0.9,64000,46,5.591497288461539,nan,False,0
8,0.064,0.95,1000,42,3.9726949545454544,nan,False,0
8,0.064,0.95,1000,43,3.947163581395349,nan,False,0
8,0.064,0.95,1000,44,3.9873157364341085,nan,False,0
8,0.064,0.95,1000,45,3.9820363720930234,nan,False,0
8,0.064,0.95,1000,46,3.934742227272728,nan,False,0
8,0.064,0.95,4000,42,4.502785258503401,nan,False,0
8,0.064,0.95,4000,43,4.513662979166667,nan,False,0
8,0.064,0.95,4000,44,4.534805284722222,nan,False,0
8,0.064,0.95,4000,45,4.5839494513888885,nan,False,0
8,0.064,0.95,4000,46,4.557895131944444,nan,False,0
8,0.064,0.995,1000,42,3.9491539922480614,nan,False,0
8,0.064,0.995,1000,43,3.9761213255813947,nan,False,0
8,0.064,0.995,1000,44,3.9725786124031006,nan,False,0
8,0.064,0.995,1000,45,3.943003984496124,nan,False,0
8,0.064,0.995,1000,46,3.9244410930232565,nan,False,0
8,0.064,0.995,4000,42,4.559763666666667,nan,False,0
8,0.064,0.995,4000,43,4.578550173611111,nan,False,0
8,0.064,0.995,4000,44,4.598719013888889,nan,False,0
8,0.064,0.995,4000,45,4.630712923611111,nan,False,0
8,0.064,0.995,4000,46,4.5660513125,nan,False,0
8,0.064,0.999,1000,42,3.9949397398373985,nan,False,0
8,0.064,0.999,1000,43,4.049179926829268,nan,False,0
8,0.064,0.999,1000,44,4.082909142857143,nan,False,0
8,0.064,0.999,1000,45,3.994365658730159,nan,False,0
8,0.064,0.999,1000,46,4.026972753968254,nan,False,0
8,0.064,0.999,4000,42,4.65814002173913,nan,False,0
8,0.064,0.999,4000,43,4.553187753623189,nan,False,0
8,0.064,0.999,4000,44,4.619248773049646,nan,False,0
8,0.064,0.999,4000,45,4.675499811594204,nan,False,0
8,0.064,0.999,4000,46,4.618817241134752,nan,False,0
8,0.064,0.99,1000,42,3.9743561317829457,nan,False,0
8,0.064,0.99,1000,43,3.9756568604651163,nan,False,0
8,0.064,0.99,1000,44,4.00428019379845,nan,False,0
8,0.064,0.99,1000,45,3.972503849206349,nan,False,0
8,0.064,0.99,1000,46,3.985108511627907,nan,False,0
8,0.064,0.99,4000,42,4.558061585034014,nan,False,0
8,0.064,0.99,4000,43,4.548720701388889,nan,False,0
8,0.064,0.99,4000,44,4.58638798611111,nan,False,0
8,0.064,0.99,4000,45,4.606398784722222,nan,False,0
8,0.064,0.99,4000,46,4.5686307500000005,nan,False,0
8,0.064,0.9,1000,42,3.9453037984496118,nan,False,0
8,0.064,0.9,1000,43,3.976721174242424,nan,False,0
8,0.064,0.9,1000,44,3.9182449069767435,nan,False,0
8,0.064,0.9,1000,45,3.949429825757576,nan,False,0
8,0.064,0.9,1000,46,3.9385158409090906,nan,False,0
8,0.064,0.9,4000,42,4.531284972222222,nan,False,0
8,0.064,0.9,4000,43,4.536531979166667,nan,False,0
8,0.064,0.9,4000,44,4.519579041666667,nan,False,0
8,0.064,0.9,4000,45,4.547939263888889,nan,False,0
8,0.064,0.9,4000,46,4.511436944444444,nan,False,0
8,0.0,0.95,1000,42,3.341044358024692,nan,False,2
8,0.0,0.95,1000,43,3.3667232389937105,nan,False,0
8,0.0,0.95,1000,44,3.3779017861635214,nan,False,0
8,0.0,0.95,1000,45,3.242948715151515,nan,False,2
8,0.0,0.95,1000,46,3.3107896851851852,nan,False,2
8,0.0,0.95,16000,42,6.054039888888888,nan,False,0
8,0.0,0.95,16000,43,6.1360705555555555,nan,False,0
8,0.0,0.95,16000,44,6.169247444444444,nan,False,0
8,0.0,0.95,16000,45,6.110514888888889,nan,False,0
8,0.0,0.95,16000,46,5.786607,nan,False,0
8,0.0,0.95,256000,42,7.51112191111111,nan,False,0
8,0.0,0.95,256000,43,7.468968088888888,nan,False,0
8,0.0,0.95,256000,44,7.521688066666666,nan,False,0
8,0.0,0.95,256000,45,7.424044270833333,nan,False,0
8,0.0,0.95,256000,46,7.609755622222223,nan,False,0
8,0.0,0.95,4000,42,3.6329222857142853,nan,False,0
8,0.0,0.95,4000,43,3.5819423281250002,nan,False,0
8,0.0,0.95,4000,44,3.562532166666667,nan,False,0
8,0.0,0.95,4000,45,3.6944724098360657,nan,False,0
8,0.0,0.95,4000,46,3.5786295743589744,nan,False,0
8,0.0,0.95,64000,42,6.819174066666666,nan,False,0
8,0.0,0.95,64000,43,6.7764671000000005,nan,False,0
8,0.0,0.95,64000,44,6.954585633333332,nan,False,0
8,0.0,0.95,64000,45,6.866821166666666,nan,False,0
8,0.0,0.95,64000,46,6.730815848484848,nan,False,0
8,0.0,0.995,1000,42,3.73965719858156,nan,False,2
8,0.0,0.995,1000,43,3.758211492753623,nan,False,2
8,0.0,0.995,1000,44,3.6821207375886527,nan,False,2
8,0.0,0.995,1000,45,3.7360225797101445,nan,False,2
8,0.0,0.995,1000,46,3.7155221631205673,nan,False,2
8,0.0,0.995,16000,42,3.6965068571428574,nan,False,2
8,0.0,0.995,16000,43,3.839891333333333,nan,False,2
8,0.0,0.995,16000,44,3.5885208095238093,nan,False,2
8,0.0,0.995,16000,45,3.7927458666666665,nan,False,2
8,0.0,0.995,16000,46,3.4327297142857143,nan,False,4
8,0.0,0.995,256000,42,3.76667,2.423793,True,4
8,0.0,0.995,256000,43,3.7993496666666666,2.423249,True,4
8,0.0,0.995,256000,44,3.7638503333333335,2.44142,True,4
8,0.0,0.995,256000,45,3.7379416666666665,2.423884,True,4
8,0.0,0.995,256000,46,3.769686,2.441243,True,4
8,0.0,0.995,4000,42,3.8200446612021857,nan,False,2
8,0.0,0.995,4000,43,3.795157803278689,nan,False,2
8,0.0,0.995,4000,44,3.933061870056497,nan,False,2
8,0.0,0.995,4000,45,3.805372945355191,nan,False,2
8,0.0,0.995,4000,46,4.0277283684210525,nan,False,2
8,0.0,0.995,64000,42,3.9516213508771934,nan,False,4
8,0.0,0.995,64000,43,3.751224333333333,2.464684,True,4
8,0.0,0.995,64000,44,3.828704333333333,2.353729,True,4
8,0.0,0.995,64000,45,3.748098666666667,2.465097,True,4
8,0.0,0.995,64000,46,3.8110911904761906,nan,False,4
8,0.0,0.999,1000,42,2.542065174603175,nan,False,2
8,0.0,0.999,1000,43,2.9642964545454547,nan,False,2
8,0.0,0.999,1000,44,0.6047431333333334,nan,False,2
8,0.0,0.999,1000,45,2.8469029069767444,nan,False,2
8,0.0,0.999,1000,46,0.6003091111111111,nan,False,2
8,0.0,0.999,16000,42,0.6483936666666668,2.480225,True,2
8,0.0,0.999,16000,43,0.6231426666666667,2.496253,True,2
8,0.0,0.999,16000,44,0.6375773333333333,2.490584,True,2
8,0.0,0.999,16000,45,0.6213736666666667,2.507129,True,2
8,0.0,0.999,16000,46,0.6260033333333334,2.642577,True,2
8,0.0,0.999,256000,42,0.619866,2.458237,True,2
8,0.0,0.999,256000,43,0.6169906666666667,2.480055,True,2
8,0.0,0.999,256000,44,0.618594,2.464003,True,2
8,0.0,0.999,256000,45,0.613323,2.462939,True,2
8,0.0,0.999,256000,46,0.6192449999999999,2.47546,True,2
8,0.0,0.999,4000,42,0.669635,4.58211,True,2
8,0.0,0.999,4000,43,0.620481,2.312951,True,2
8,0.0,0.999,4000,44,0.5682056666666667,2.195031,True,2
8,0.0,0.999,4000,45,0.6542676666666667,2.206207,True,2
8,0.0,0.999,4000,46,0.657671,3.622077,True,2
8,0.0,0.999,64000,42,0.6265346666666667,2.451717,True,2
8,0.0,0.999,64000,43,0.617577,2.489621,True,2
8,0.0,0.999,64000,44,0.6205313333333333,2.467979,True,2
8,0.0,0.999,64000,45,0.6028539999999999,2.539338,True,2
8,0.0,0.999,64000,46,0.6266303333333334,2.450385,True,2
8,0.0,0.99,1000,42,3.8259680814814816,nan,False,0
8,0.0,0.99,1000,43,3.8291678623188403,nan,False,0
8,0.0,0.99,1000,44,3.737143108695652,nan,False,2
8,0.0,0.99,1000,45,3.815963442028986,nan,False,0
8,0.0,0.99,1000,46,3.7401218794326243,nan,False,2
8,0.0,0.99,16000,42,4.374123463541666,nan,False,2
8,0.0,0.99,16000,43,4.408047779569893,nan,False,2
8,0.0,0.99,16000,44,4.388513089947089,nan,False,2
8,0.0,0.99,16000,45,4.3776667301587295,nan,False,2
8,0.0,0.99,16000,46,4.426965999999999,nan,False,2
8,0.0,0.99,256000,42,5.980906377777779,nan,False,4
8,0.0,0.99,256000,43,6.599786611111111,nan,False,0
8,0.0,0.99,256000,44,6.479073512820514,nan,False,2
8,0.0,0.99,256000,45,6.240593,nan,False,2
8,0.0,0.99,256000,46,6.283435025641026,nan,False,2
8,0.0,0.99,4000,42,4.132269703030303,nan,False,2
8,0.0,0.99,4000,43,4.152293410714286,nan,False,2
8,0.0,0.99,4000,44,4.094936595238095,nan,False,2
8,0.0,0.99,4000,45,4.171252272727273,nan,False,2
8,0.0,0.99,4000,46,4.17118173939394,nan,False,2
8,0.0,0.99,64000,42,6.066595733333333,nan,False,0
8,0.0,0.99,64000,43,5.794825166666667,nan,False,2
8,0.0,0.99,64000,44,5.681536277777777,nan,False,4
8,0.0,0.99,64000,45,5.589650857142858,nan,False,4
8,0.0,0.99,64000,46,5.434017142857143,nan,False,4
8,0.0,0.9,1000,42,3.5280287600000007,nan,False,0
8,0.0,0.9,1000,43,3.62123296,nan,False,0
8,0.0,0.9,1000,44,3.5991965266666663,nan,False,0
8,0.0,0.9,1000,45,3.534513130718955,nan,False,0
8,0.0,0.9,1000,46,3.5690922569444443,nan,False,0
8,0.0,0.9,16000,42,4.404218825136612,nan,False,0
8,0.0,0.9,16000,43,4.430782700000001,nan,False,0
8,0.0,0.9,16000,44,4.440884256830601,nan,False,0
8,0.0,0.9,16000,45,4.4361578306010925,nan,False,0
8,0.0,0.9,16000,46,4.386890016393443,nan,False,0
8,0.0,0.9,256000,42,8.991030380952383,nan,False,0
8,0.0,0.9,256000,43,8.936189222222222,nan,False,0
8,0.0,0.9,256000,44,9.073741761904762,nan,False,0
8,0.0,0.9,256000,45,8.98636880952381,nan,False,0
8,0.0,0.9,256000,46,9.083478,nan,False,0
8,0.0,0.9,4000,42,4.046256830409356,nan,False,0
8,0.0,0.9,4000,43,3.972249368421053,nan,False,0
8,0.0,0.9,4000,44,4.0214226257309935,nan,False,0
8,0.0,0.9,4000,45,3.993643830409357,nan,False,0
8,0.0,0.9,4000,46,3.9766794853801164,nan,False,0
8,0.0,0.9,64000,42,4.784094613756614,nan,False,0
8,0.0,0.9,64000,43,4.78298537037037,nan,False,0
8,0.0,0.9,64000,44,4.843300830687831,nan,False,0
8,0.0,0.9,64000,45,4.806934238095239,nan,False,0
8,0.0,0.9,64000,46,4.798157216931217,nan,False,0
9,0.001,0.95,1000,42,3.6567193888888885,nan,False,2
9,0.001,0.95,1000,43,3.6572360416666663,nan,False,0
9,0.001,0.95,1000,44,3.696947007092199,nan,False,0
9,0.001,0.95,1000,45,3.7380297872340424,nan,False,0
9,0.001,0.95,1000,46,3.644017388888889,nan,False,1
9,0.001,0.95,16000,42,4.381685645161291,nan,False,0
9,0.001,0.95,16000,43,4.392176923497268,nan,False,0
9,0.001,0.95,16000,44,4.361472510752688,nan,False,0
9,0.001,0.95,16000,45,4.389997387978141,nan,False,0
9,0.001,0.95,16000,46,4.344616833333333,nan,False,0
9,0.001,0.95,4000,42,3.9882406959064327,nan,False,0
9,0.001,0.95,4000,43,3.9625608771929826,nan,False,0
9,0.001,0.95,4000,44,3.9984407953216374,nan,False,0
9,0.001,0.95,4000,45,4.030032432748538,nan,False,0
9,0.001,0.95,4000,46,3.9794973214285716,nan,False,0
9,0.001,0.995,1000,42,2.6743872039800993,nan,False,2
9,0.001,0.995,1000,43,3.079693396551724,nan,False,2
9,0.001,0.995,1000,44,2.9586823220338982,nan,False,2
9,0.001,0.995,1000,45,2.387863373873874,nan,False,2
9,0.001,0.995,1000,46,2.7601572656249997,nan,False,2
9,0.001,0.995,16000,42,1.7065403333333335,1.740752,True,2
9,0.001,0.995,16000,43,1.8067460000000002,1.741879,True,2
9,0.001,0.995,16000,44,1.7705549999999999,1.667971,True,2
9,0.001,0.995,16000,45,1.6747356666666668,1.74094,True,2
9,0.001,0.995,16000,46,1.6721793333333335,1.743593,True,2
9,0.001,0.995,4000,42,1.7613156666666665,1.658161,True,2
9,0.001,0.995,4000,43,1.7831193333333335,1.72408,True,2
9,0.001,0.995,4000,44,1.6735236666666669,1.725215,True,2
9,0.001,0.995,4000,45,1.6913213333333335,1.724875,True,2
9,0.001,0.995,4000,46,1.5351506666666666,1.876408,True,2
9,0.001,0.999,1000,42,3.960292519379845,nan,False,0
9,0.001,0.999,1000,43,3.8159306666666675,nan,False,2
9,0.001,0.999,1000,44,3.7768700148148144,nan,False,2
9,0.001,0.999,1000,45,3.9766235581395355,nan,False,0
9,0.001,0.999,1000,46,3.9291878484848493,nan,False,2
9,0.001,0.999,16000,42,4.8722303757575744,nan,False,2
9,0.001,0.999,16000,43,4.993668358490566,nan,False,2
9,0.001,0.999,16000,44,4.969022833333334,nan,False,2
9,0.001,0.999,16000,45,4.991679753086419,nan,False,2
9,0.001,0.999,16000,46,4.6839480459770115,nan,False,2
9,0.001,0.999,4000,42,4.327173947712418,nan,False,2
9,0.001,0.999,4000,43,4.3559833333333335,nan,False,2
9,0.001,0.999,4000,44,4.334982461538463,nan,False,2
9,0.001,0.999,4000,45,4.494165448979592,nan,False,2
9,0.001,0.999,4000,46,3.9939784327485377,nan,False,2
9,0.001,0.99,1000,42,3.2735189382716046,nan,False,2
9,0.001,0.99,1000,43,3.5757243605442173,nan,False,2
9,0.001,0.99,1000,44,3.5101279599999997,nan,False,2
9,0.001,0.99,1000,45,3.409364532051282,nan,False,2
9,0.001,0.99,1000,46,3.4657509150326797,nan,False,2
9,0.001,0.99,16000,42,3.0404933333333335,1.597246,True,2
9,0.001,0.99,16000,43,3.337369666666666,1.528312,True,2
9,0.001,0.99,16000,44,3.1003676666666666,1.596861,True,2
9,0.001,0.99,16000,45,3.1764473333333334,1.527947,True,2
9,0.001,0.99,16000,46,3.0990373333333334,1.597246,True,2
9,0.001,0.99,4000,42,3.492270626262626,nan,False,2
9,0.001,0.99,4000,43,3.4420044825870653,nan,False,2
9,0.001,0.99,4000,44,3.330484144927536,nan,False,2
9,0.001,0.99,4000,45,3.5251917948717946,nan,False,2
9,0.001,0.99,4000,46,3.482094333333334,nan,False,2
9,0.001,0.9,1000,42,3.820933797101448,nan,False,0
9,0.001,0.9,1000,43,3.7995826222222218,nan,False,0
9,0.001,0.9,1000,44,3.80976031884058,nan,False,0
9,0.001,0.9,1000,45,3.8038958260869564,nan,False,0
9,0.001,0.9,1000,46,3.7807722898550726,nan,False,0
9,0.001,0.9,16000,42,4.690701928571428,nan,False,0
9,0.001,0.9,16000,43,4.651850708333334,nan,False,0
9,0.001,0.9,16000,44,4.6921519583333335,nan,False,0
9,0.001,0.9,16000,45,4.737861859649123,nan,False,0
9,0.001,0.9,16000,46,4.734205619883041,nan,False,0
9,0.001,0.9,4000,42,4.250766528301887,nan,False,0
9,0.001,0.9,4000,43,4.277813679245283,nan,False,0
9,0.001,0.9,4000,44,4.235791125786164,nan,False,0
9,0.001,0.9,4000,45,4.306169377358491,nan,False,0
9,0.001,0.9,4000,46,4.230976163522013,nan,False,0
9,0.004,0.95,1000,42,3.7406928043478267,nan,False,0
9,0.004,0.95,1000,43,3.7343572269503547,nan,False,0
9,0.004,0.95,1000,44,3.7408811159420283,nan,False,0
9,0.004,0.95,1000,45,3.717692035460993,nan,False,0
9,0.004,0.95,1000,46,3.71421680141844,nan,False,0
9,0.004,0.95,16000,42,4.5241305333333335,nan,False,0
9,0.004,0.95,16000,43,4.480013234972677,nan,False,0
9,0.004,0.95,16000,44,4.517089594444444,nan,False,0
9,0.004,0.95,16000,45,4.515439435028249,nan,False,0
9,0.004,0.95,16000,46,4.467399109195402,nan,False,0
9,0.004,0.95,4000,42,4.10611906060606,nan,False,0
9,0.004,0.95,4000,43,4.064650660714285,nan,False,0
9,0.004,0.95,4000,44,4.078642333333333,nan,False,0
9,0.004,0.95,4000,45,4.069825541666667,nan,False,0
9,0.004,0.95,4000,46,4.098146910714286,nan,False,0
9,0.004,0.995,1000,42,3.5193814800000003,nan,False,2
9,0.004,0.995,1000,43,3.160828601190476,nan,False,2
9,0.004,0.995,1000,44,3.291006836477987,nan,False,2
9,0.004,0.995,1000,45,3.3146272704402513,nan,False,2
9,0.004,0.995,1000,46,3.483323246666667,nan,False,2
9,0.004,0.995,16000,42,2.2289999999999996,1.822144,True,2
9,0.004,0.995,16000,43,2.3102423333333335,1.90438,True,4
9,0.004,0.995,16000,44,2.3268743333333335,1.82327,True,4
9,0.004,0.995,16000,45,2.110154,1.905508,True,4
9,0.004,0.995,16000,46,2.2886213333333334,1.903845,True,4
9,0.004,0.995,4000,42,3.290457985714286,nan,False,2
9,0.004,0.995,4000,43,3.1307629819819818,nan,False,2
9,0.004,0.995,4000,44,3.0516461315789476,nan,False,2
9,0.004,0.995,4000,45,3.2080096342592594,nan,False,2
9,0.004,0.995,4000,46,3.1728702602739727,nan,False,2
9,0.004,0.999,1000,42,3.8458783560606062,nan,False,2
9,0.004,0.999,1000,43,3.9454903560606067,nan,False,2
9,0.004,0.999,1000,44,3.8917503560606064,nan,False,2
9,0.004,0.999,1000,45,3.9486386587301587,nan,False,0
9,0.004,0.999,1000,46,3.9842766511627903,nan,False,0
9,0.004,0.999,16000,42,4.750122461988304,nan,False,2
9,0.004,0.999,16000,43,4.241225394871795,nan,False,2
9,0.004,0.999,16000,44,4.413666010752688,nan,False,2
9,0.004,0.999,16000,45,5.088665596153846,nan,False,2
9,0.004,0.999,16000,46,4.894420709090909,nan,False,2
9,0.004,0.999,4000,42,4.315347833333333,nan,False,2
9,0.004,0.999,4000,43,4.3680850718954245,nan,False,2
9,0.004,0.999,4000,44,3.9666245555555557,nan,False,2
9,0.004,0.999,4000,45,4.5525293741496595,nan,False,2
9,0.004,0.999,4000,46,4.480054073333333,nan,False,2
9,0.004,0.99,1000,42,3.374535220125786,nan,False,2
9,0.004,0.99,1000,43,3.5571378299319725,nan,False,2
9,0.004,0.99,1000,44,3.3235697358490564,nan,False,2
9,0.004,0.99,1000,45,3.371130532051282,nan,False,2
9,0.004,0.99,1000,46,3.3725466538461535,nan,False,2
9,0.004,0.99,16000,42,2.9058120000000005,1.597246,True,2
9,0.004,0.99,16000,43,3.033963333333334,1.597246,True,2
9,0.004,0.99,16000,44,2.843303,1.528312,True,2
9,0.004,0.99,16000,45,3.059535,1.462353,True,2
9,0.004,0.99,16000,46,2.7673629999999996,1.528038,True,2
9,0.004,0.99,4000,42,3.3697086911764704,nan,False,2
9,0.004,0.99,4000,43,2.8072530000000007,1.526955,True,2
9,0.004,0.99,4000,44,3.1457060730593605,nan,False,2
9,0.004,0.99,4000,45,3.37748306372549,nan,False,2
9,0.004,0.99,4000,46,3.3583811787439615,nan,False,2
9,0.004,0.9,1000,42,3.794535666666666,nan,False,0
9,0.004,0.9,1000,43,3.815013775362319,nan,False,0
9,0.004,0.9,1000,44,3.8326678222222217,nan,False,0
9,0.004,0.9,1000,45,3.8204266086956524,nan,False,0
9,0.004,0.9,1000,46,3.7973074855072473,nan,False,0
9,0.004,0.9,16000,42,4.717281113095238,nan,False,0
9,0.004,0.9,16000,43,4.704720672619048,nan,False,0
9,0.004,0.9,16000,44,4.731030898809523,nan,False,0
9,0.004,0.9,16000,45,4.684631398809524,nan,False,0
9,0.004,0.9,16000,46,4.700794726190476,nan,False,0
9,0.004,0.9,4000,42,4.297661620915034,nan,False,0
9,0.004,0.9,4000,43,4.283168220125787,nan,False,0
9,0.004,0.9,4000,44,4.232650062893081,nan,False,0
9,0.004,0.9,4000,45,4.325310544871796,nan,False,0
9,0.004,0.9,4000,46,4.265451205128206,nan,False,0
9,0.005,0.95,1000,42,3.8507828148148135,nan,False,0
9,0.005,0.95,1000,43,3.883931785185186,nan,False,0
9,0.005,0.95,1000,44,3.875297518518519,nan,False,0
9,0.005,0.95,1000,45,3.879159429629629,nan,False,0
9,0.005,0.95,1000,46,3.890289177777778,nan,False,0
9,0.005,0.95,16000,42,4.690006551724138,nan,False,0
9,0.005,0.95,16000,43,4.7376485555555545,nan,False,0
9,0.005,0.95,16000,44,4.711099310344828,nan,False,0
9,0.005,0.95,16000,45,4.7278307602339185,nan,False,0
9,0.005,0.95,16000,46,4.691346224137932,nan,False,0
9,0.005,0.95,256000,42,5.382155956989246,nan,False,0
9,0.005,0.95,256000,43,5.38971230601093,nan,False,0
9,0.005,0.95,256000,44,5.398978005464479,nan,False,0
9,0.005,0.95,256000,45,5.382466795698924,nan,False,0
9,0.005,0.95,256000,46,5.387508860215054,nan,False,0
9,0.005,0.95,4000,42,4.252491408805031,nan,False,0
9,0.005,0.95,4000,43,4.262022830188679,nan,False,0
9,0.005,0.95,4000,44,4.261304037735849,nan,False,0
9,0.005,0.95,4000,45,4.258518333333334,nan,False,0
9,0.005,0.95,4000,46,4.271126968553459,nan,False,0
9,0.005,0.95,64000,42,5.019551305555556,nan,False,0
9,0.005,0.95,64000,43,5.026279488888889,nan,False,0
9,0.005,0.95,64000,44,5.103764916666667,nan,False,0
9,0.005,0.95,64000,45,5.086573655555555,nan,False,0
9,0.005,0.95,64000,46,5.036877850000001,nan,False,0
9,0.005,0.995,1000,42,3.5048878933333327,nan,False,2
9,0.005,0.995,1000,43,3.4348231633986934,nan,False,2
9,0.005,0.995,1000,44,3.1894200424242425,nan,False,2
9,0.005,0.995,1000,45,3.2421584074074072,nan,False,2
9,0.005,0.995,1000,46,3.450969464052288,nan,False,2
9,0.005,0.995,16000,42,2.1509103333333335,1.822538,True,2
9,0.005,0.995,16000,43,2.0397723333333335,1.82327,True,4
9,0.005,0.995,16000,44,2.2462959999999996,1.821693,True,4
9,0.005,0.995,16000,45,2.1968853333333334,1.742657,True,4
9,0.005,0.995,16000,46,2.3040833333333333,1.742496,True,2
9,0.005,0.995,256000,42,2.2496683333333336,1.888182,True,2
9,0.005,0.995,256000,43,2.2593089999999996,1.796248,True,2
9,0.005,0.995,256000,44,2.2328366666666666,1.78987,True,4
9,0.005,0.995,256000,45,2.296549666666667,1.796445,True,4
9,0.005,0.995,256000,46,2.2516536666666664,1.789984,True,2
9,0.005,0.995,4000,42,2.3288716000000003,nan,False,2
9,0.005,0.995,4000,43,2.2730186,nan,False,2
9,0.005,0.995,4000,44,2.1352543333333336,1.727933,True,2
9,0.005,0.995,4000,45,2.387397888888889,nan,False,2
9,0.005,0.995,4000,46,2.3337068888888886,nan,False,2
9,0.005,0.995,64000,42,2.2454509999999996,1.846217,True,4
9,0.005,0.995,64000,43,2.2704823333333333,1.84615,True,4
9,0.005,0.995,64000,44,2.3263416666666665,1.761318,True,3
9,0.005,0.995,64000,45,2.1723056666666665,1.846459,True,4
9,0.005,0.995,64000,46,2.2697566666666664,1.754477,True,4
9,0.005,0.999,1000,42,3.986779031007752,nan,False,1
9,0.005,0.999,1000,43,3.9367189457364336,nan,False,2
9,0.005,0.999,1000,44,3.9227380227272732,nan,False,2
9,0.005,0.999,1000,45,3.7620521666666664,nan,False,2
9,0.005,0.999,1000,46,3.8418856590909085,nan,False,2
9,0.005,0.999,16000,42,4.490831382513661,nan,False,2
9,0.005,0.999,16000,43,4.724411281609195,nan,False,2
9,0.005,0.999,16000,44,4.755116596491228,nan,False,2
9,0.005,0.999,16000,45,4.986157067901234,nan,False,2
9,0.005,0.999,16000,46,4.808549863095238,nan,False,2
9,0.005,0.999,256000,42,1.4277820303030302,nan,False,2
9,0.005,0.999,256000,43,1.3197941025641025,nan,False,2
9,0.005,0.999,256000,44,5.818005857923499,nan,False,2
9,0.005,0.999,256000,45,1.1361514848484848,nan,False,2
9,0.005,0.999,256000,46,1.341674111111111,nan,False,2
9,0.005,0.999,4000,42,4.446544700680272,nan,False,2
9,0.005,0.999,4000,43,4.328272807692308,nan,False,2
9,0.005,0.999,4000,44,4.035155226190477,nan,False,2
9,0.005,0.999,4000,45,4.3948383594771245,nan,False,2
9,0.005,0.999,4000,46,4.2427390802469125,nan,False,2
9,0.005,0.999,64000,42,5.1229976451612895,nan,False,2
9,0.005,0.999,64000,43,5.543818726190476,nan,False,2
9,0.005,0.999,64000,44,5.614626678787879,nan,False,2
9,0.005,0.999,64000,45,4.85495857070707,nan,False,2
9,0.005,0.999,64000,46,5.262887172222223,nan,False,2
9,0.005,0.99,1000,42,3.636738409722222,nan,False,2
9,0.005,0.99,1000,43,3.586767784722222,nan,False,2
9,0.005,0.99,1000,44,3.555774142857143,nan,False,2
9,0.005,0.99,1000,45,3.7324058840579712,nan,False,2
9,0.005,0.99,1000,46,3.6542842127659583,nan,False,2
9,0.005,0.99,16000,42,3.899425666666667,1.597005,True,2
9,0.005,0.99,16000,43,3.8259896666666666,1.462353,True,2
9,0.005,0.99,16000,44,3.7098980000000004,1.669289,True,2
9,0.005,0.99,16000,45,3.808750333333333,1.669289,True,2
9,0.005,0.99,16000,46,3.823010666666667,1.527993,True,2
9,0.005,0.99,256000,42,3.8741383333333332,1.547141,True,4
9,0.005,0.99,256000,43,3.835225,1.547233,True,4
9,0.005,0.99,256000,44,3.824795,1.547228,True,4
9,0.005,0.99,256000,45,3.876933333333333,1.539865,True,4
9,0.005,0.99,256000,46,3.833043333333334,1.619414,True,4
9,0.005,0.99,4000,42,3.6890079139784944,nan,False,2
9,0.005,0.99,4000,43,3.775321202185792,nan,False,2
9,0.005,0.99,4000,44,3.747286295081967,nan,False,2
9,0.005,0.99,4000,45,3.647746984126985,nan,False,2
9,0.005,0.99,4000,46,3.666677100529101,nan,False,2
9,0.005,0.99,64000,42,3.8915353333333336,1.530556,True,2
9,0.005,0.99,64000,43,3.763507666666667,1.53061,True,4
9,0.005,0.99,64000,44,3.8602373333333335,1.53061,True,2
9,0.005,0.99,64000,45,3.840130333333333,1.604237,True,4
9,0.005,0.99,64000,46,3.8453916666666665,1.530535,True,3
9,0.005,0.9,1000,42,3.8635128666666674,nan,False,0
9,0.005,0.9,1000,43,3.9215386742424245,nan,False,0
9,0.005,0.9,1000,44,3.8810363409090907,nan,False,0
9,0.005,0.9,1000,45,3.893811992592593,nan,False,0
9,0.005,0.9,1000,46,3.8521195833333337,nan,False,0
9,0.005,0.9,16000,42,4.810475836363636,nan,False,0
9,0.005,0.9,16000,43,4.81277616969697,nan,False,0
9,0.005,0.9,16000,44,4.847061066666667,nan,False,0
9,0.005,0.9,16000,45,4.794430115151514,nan,False,0
9,0.005,0.9,16000,46,4.736837224242424,nan,False,0
9,0.005,0.9,256000,42,5.604030604519772,nan,False,0
9,0.005,0.9,256000,43,5.631968288135593,nan,False,0
9,0.005,0.9,256000,44,5.624133587570621,nan,False,0
9,0.005,0.9,256000,45,5.602818711864406,nan,False,0
9,0.005,0.9,256000,46,5.626317824858757,nan,False,0
9,0.005,0.9,4000,42,4.324369846153846,nan,False,0
9,0.005,0.9,4000,43,4.347742875816993,nan,False,0
9,0.005,0.9,4000,44,4.344811794871795,nan,False,0
9,0.005,0.9,4000,45,4.382661346153847,nan,False,0
9,0.005,0.9,4000,46,4.343916450980391,nan,False,0
9,0.005,0.9,64000,42,5.205530097701149,nan,False,0
9,0.005,0.9,64000,43,5.171506258620689,nan,False,0
9,0.005,0.9,64000,44,5.248921396551724,nan,False,0
9,0.005,0.9,64000,45,5.216813919540231,nan,False,0
9,0.005,0.9,64000,46,5.169158724137931,nan,False,0
9,0.015,0.95,1000,42,4.028311174603175,nan,False,0
9,0.015,0.95,1000,43,4.097705569105691,nan,False,0
9,0.015,0.95,1000,44,4.073274023809524,nan,False,0
9,0.015,0.95,1000,45,4.049766619047619,nan,False,0
9,0.015,0.95,1000,46,4.053759046511629,nan,False,0
9,0.015,0.95,16000,42,5.179482073333333,nan,False,0
9,0.015,0.95,16000,43,5.238454319727891,nan,False,0
9,0.015,0.95,16000,44,5.208421113333333,nan,False,0
9,0.015,0.95,16000,45,5.143315766666666,nan,False,0
9,0.015,0.95,16000,46,5.208118843137254,nan,False,0
9,0.015,0.95,256000,42,6.1388694230769225,nan,False,0
9,0.015,0.95,256000,43,6.139598955128206,nan,False,0
9,0.015,0.95,256000,44,6.17772123076923,nan,False,0
9,0.015,0.95,256000,45,6.142586038461539,nan,False,0
9,0.015,0.95,256000,46,6.161323576923077,nan,False,0
9,0.015,0.95,4000,42,4.668029458333334,nan,False,0
9,0.015,0.95,4000,43,4.674122444444445,nan,False,0
9,0.015,0.95,4000,44,4.713217,nan,False,0
9,0.015,0.95,4000,45,4.736444397163122,nan,False,0
9,0.015,0.95,4000,46,4.688423430555556,nan,False,0
9,0.015,0.95,64000,42,5.672545134615385,nan,False,0
9,0.015,0.95,64000,43,5.725809712418301,nan,False,0
9,0.015,0.95,64000,44,5.7324738269230755,nan,False,0
9,0.015,0.95,64000,45,5.748149810457517,nan,False,0
9,0.015,0.95,64000,46,5.703145732026144,nan,False,0
9,0.015,0.995,1000,42,4.075457158730159,nan,False,0
9,0.015,0.995,1000,43,4.070282439024391,nan,False,0
9,0.015,0.995,1000,44,4.090637714285714,nan,False,0
9,0.015,0.995,1000,45,4.083562484126984,nan,False,0
9,0.015,0.995,1000,46,4.0737518095238086,nan,False,0
9,0.015,0.995,16000,42,5.180351973333334,nan,False,0
9,0.015,0.995,16000,43,5.173316793333333,nan,False,0
9,0.015,0.995,16000,44,5.187612419999999,nan,False,0
9,0.015,0.995,16000,45,5.235275850340137,nan,False,0
9,0.015,0.995,16000,46,5.159074313333333,nan,False,0
9,0.015,0.995,256000,42,6.092696794871794,nan,False,0
9,0.015,0.995,256000,43,6.071494666666666,nan,False,0
9,0.015,0.995,256000,44,6.067222044871794,nan,False,0
9,0.015,0.995,256000,45,6.067174410256412,nan,False,0
9,0.015,0.995,256000,46,6.114910455128205,nan,False,0
9,0.015,0.995,4000,42,4.6895151843971625,nan,False,0
9,0.015,0.995,4000,43,4.685795744680851,nan,False,0
9,0.015,0.995,4000,44,4.729263340425531,nan,False,0
9,0.015,0.995,4000,45,4.724580290780141,nan,False,0
9,0.015,0.995,4000,46,4.698996723404256,nan,False,0
9,0.015,0.995,64000,42,5.679956928104576,nan,False,0
9,0.015,0.995,64000,43,5.681221450980392,nan,False,0
9,0.015,0.995,64000,44,5.7205173398692795,nan,False,0
9,0.015,0.995,64000,45,5.6971120065359475,nan,False,0
9,0.015,0.995,64000,46,5.68264920261438,nan,False,0
9,0.015,0.999,1000,42,4.032007857142856,nan,False,0
9,0.015,0.999,1000,43,4.028399301587302,nan,False,0
9,0.015,0.999,1000,44,4.085981706349206,nan,False,0
9,0.015,0.999,1000,45,4.0435330079365075,nan,False,0
9,0.015,0.999,1000,46,3.990784357142857,nan,False,0
9,0.015,0.999,16000,42,5.2426817551020415,nan,False,0
9,0.015,0.999,16000,43,5.13605,nan,False,2
9,0.015,0.999,16000,44,5.133232078431372,nan,False,2
9,0.015,0.999,16000,45,5.218997366666667,nan,False,0
9,0.015,0.999,16000,46,5.20428234,nan,False,0
9,0.015,0.999,256000,42,6.176096397435899,nan,False,0
9,0.015,0.999,256000,43,6.142174045751634,nan,False,0
9,0.015,0.999,256000,44,6.23350437179487,nan,False,0
9,0.015,0.999,256000,45,6.1993412884615395,nan,False,0
9,0.015,0.999,256000,46,6.167184725490197,nan,False,0
9,0.015,0.999,4000,42,4.639784083333333,nan,False,0
9,0.015,0.999,4000,43,4.5265014081632655,nan,False,2
9,0.015,0.999,4000,44,4.5456781224489795,nan,False,2
9,0.015,0.999,4000,45,4.687044723404255,nan,False,0
9,0.015,0.999,4000,46,4.603700170212766,nan,False,0
9,0.015,0.999,64000,42,5.698394320261438,nan,False,0
9,0.015,0.999,64000,43,5.647863416666667,nan,False,0
9,0.015,0.999,64000,44,5.7207413398692815,nan,False,0
9,0.015,0.999,64000,45,5.732504916666668,nan,False,0
9,0.015,0.999,64000,46,5.719805039215687,nan,False,0
9,0.015,0.99,1000,42,4.042030785714285,nan,False,0
9,0.015,0.99,1000,43,4.071671095238095,nan,False,0
9,0.015,0.99,1000,44,4.08189884126984,nan,False,0
9,0.015,0.99,1000,45,4.042458722222223,nan,False,0
9,0.015,0.99,1000,46,4.029724904761904,nan,False,0
9,0.015,0.99,16000,42,5.177926473333335,nan,False,0
9,0.015,0.99,16000,43,5.194333799999999,nan,False,0
9,0.015,0.99,16000,44,5.261936733333333,nan,False,0
9,0.015,0.99,16000,45,5.2318780680272114,nan,False,0
9,0.015,0.99,16000,46,5.146534886666667,nan,False,0
9,0.015,0.99,256000,42,6.065600410256408,nan,False,0
9,0.015,0.99,256000,43,6.096188487179488,nan,False,0
9,0.015,0.99,256000,44,6.11286442948718,nan,False,0
9,0.015,0.99,256000,45,6.092195141025641,nan,False,0
9,0.015,0.99,256000,46,6.120315179487178,nan,False,0
9,0.015,0.99,4000,42,4.626475624113476,nan,False,0
9,0.015,0.99,4000,43,4.699215163120568,nan,False,0
9,0.015,0.99,4000,44,4.658670687943263,nan,False,0
9,0.015,0.99,4000,45,4.736589219858156,nan,False,0
9,0.015,0.99,4000,46,4.698021439716312,nan,False,0
9,0.015,0.99,64000,42,5.6751755882352946,nan,False,0
9,0.015,0.99,64000,43,5.681981888888888,nan,False,0
9,0.015,0.99,64000,44,5.731505098039214,nan,False,0
9,0.015,0.99,64000,45,5.707588359477124,nan,False,0
9,0.015,0.99,64000,46,5.676047862745099,nan,False,0
9,0.015,0.9,1000,42,4.071199372093023,nan,False,0
9,0.015,0.9,1000,43,4.037201404761905,nan,False,0
9,0.015,0.9,1000,44,4.068428793650794,nan,False,0
9,0.015,0.9,1000,45,4.036100515873015,nan,False,0
9,0.015,0.9,1000,46,4.054889426356589,nan,False,0
9,0.015,0.9,16000,42,5.161080226666667,nan,False,0
9,0.015,0.9,16000,43,5.203669293333333,nan,False,0
9,0.015,0.9,16000,44,5.212246133333334,nan,False,0
9,0.015,0.9,16000,45,5.193536166666666,nan,False,0
9,0.015,0.9,16000,46,5.176040593333333,nan,False,0
9,0.015,0.9,256000,42,6.143709326923077,nan,False,0
9,0.015,0.9,256000,43,6.175609410256412,nan,False,0
9,0.015,0.9,256000,44,6.185446038461537,nan,False,0
9,0.015,0.9,256000,45,6.176093794871795,nan,False,0
9,0.015,0.9,256000,46,6.169560942307692,nan,False,0
9,0.015,0.9,4000,42,4.6582750625000005,nan,False,0
9,0.015,0.9,4000,43,4.672959423611111,nan,False,0
9,0.015,0.9,4000,44,4.698599177304964,nan,False,0
9,0.015,0.9,4000,45,4.714628444444444,nan,False,0
9,0.015,0.9,4000,46,4.6603936458333335,nan,False,0
9,0.015,0.9,64000,42,5.6716523589743595,nan,False,0
9,0.015,0.9,64000,43,5.660449352564102,nan,False,0
9,0.015,0.9,64000,44,5.74909816025641,nan,False,0
9,0.015,0.9,64000,45,5.706449506410257,nan,False,0
9,0.015,0.9,64000,46,5.685252608974358,nan,False,0
9,0.016,0.95,1000,42,4.045346166666667,nan,False,0
9,0.016,0.95,1000,43,4.085170211382114,nan,False,0
9,0.016,0.95,1000,44,4.067293238095238,nan,False,0
9,0.016,0.95,1000,45,4.075488782945737,nan,False,0
9,0.016,0.95,1000,46,4.0281780852713185,nan,False,0
9,0.016,0.95,16000,42,5.296827586666667,nan,False,0
9,0.016,0.95,16000,43,5.18675222,nan,False,0
9,0.016,0.95,16000,44,5.206971033333333,nan,False,0
9,0.016,0.95,16000,45,5.187590373333333,nan,False,0
9,0.016,0.95,16000,46,5.268542613333333,nan,False,0
9,0.016,0.95,4000,42,4.678571340277777,nan,False,0
9,0.016,0.95,4000,43,4.692418312056739,nan,False,0
9,0.016,0.95,4000,44,4.682071574468084,nan,False,0
9,0.016,0.95,4000,45,4.7250310070922,nan,False,0
9,0.016,0.95,4000,46,4.681068432624114,nan,False,0
9,0.016,0.995,1000,42,4.0787332619047625,nan,False,0
9,0.016,0.995,1000,43,4.084095293650793,nan,False,0
9,0.016,0.995,1000,44,4.057363793650793,nan,False,0
9,0.016,0.995,1000,45,4.06711153968254,nan,False,0
9,0.016,0.995,1000,46,4.028488500000001,nan,False,0
9,0.016,0.995,16000,42,5.1623717,nan,False,0
9,0.016,0.995,16000,43,5.200310153333334,nan,False,0
9,0.016,0.995,16000,44,5.221752153333333,nan,False,0
9,0.016,0.995,16000,45,5.17486852,nan,False,0
9,0.016,0.995,16000,46,5.28125514,nan,False,0
9,0.016,0.995,4000,42,4.690463737588653,nan,False,0
9,0.016,0.995,4000,43,4.6951825319148925,nan,False,0
9,0.016,0.995,4000,44,4.722477468085106,nan,False,0
9,0.016,0.995,4000,45,4.674132326241136,nan,False,0
9,0.016,0.995,4000,46,4.6964458156028375,nan,False,0
9,0.016,0.999,1000,42,4.080575190476191,nan,False,0
9,0.016,0.999,1000,43,4.142726617886178,nan,False,0
9,0.016,0.999,1000,44,4.055895894308943,nan,False,0
9,0.016,0.999,1000,45,4.049596146341463,nan,False,0
9,0.016,0.999,1000,46,4.061409804878049,nan,False,0
9,0.016,0.999,16000,42,5.23761356,nan,False,0
9,0.016,0.999,16000,43,5.134500693333332,nan,False,0
9,0.016,0.999,16000,44,5.179445613333334,nan,False,0
9,0.016,0.999,16000,45,5.271359706666666,nan,False,0
9,0.016,0.999,16000,46,5.148521993333333,nan,False,0
9,0.016,0.999,4000,42,4.617888489361702,nan,False,1
9,0.016,0.999,4000,43,4.545363819444444,nan,False,2
9,0.016,0.999,4000,44,4.639128971631206,nan,False,0
9,0.016,0.999,4000,45,4.5333038611111105,nan,False,2
9,0.016,0.999,4000,46,4.732964524822695,nan,False,0
9,0.016,0.99,1000,42,4.0702935079365075,nan,False,0
9,0.016,0.99,1000,43,4.072249460317461,nan,False,0
9,0.016,0.99,1000,44,4.088952178861788,nan,False,0
9,0.016,0.99,1000,45,4.063333817460316,nan,False,0
9,0.016,0.99,1000,46,4.024272912698413,nan,False,0
9,0.016,0.99,16000,42,5.1888064,nan,False,0
9,0.016,0.99,16000,43,5.200894826666667,nan,False,0
9,0.016,0.99,16000,44,5.2221625466666675,nan,False,0
9,0.016,0.99,16000,45,5.19359342,nan,False,0
9,0.016,0.99,16000,46,5.157004939999999,nan,False,0
9,0.016,0.99,4000,42,4.699391978723404,nan,False,0
9,0.016,0.99,4000,43,4.694547496453902,nan,False,0
9,0.016,0.99,4000,44,4.656393028368794,nan,False,0
9,0.016,0.99,4000,45,4.691666920289855,nan,False,0
9,0.016,0.99,4000,46,4.698888829787233,nan,False,0
9,0.016,0.9,1000,42,4.05212526984127,nan,False,0
9,0.016,0.9,1000,43,4.09379384496124,nan,False,0
9,0.016,0.9,1000,44,4.067943333333334,nan,False,0
9,0.016,0.9,1000,45,4.038680706349206,nan,False,0
9,0.016,0.9,1000,46,4.05788880620155,nan,False,0
9,0.016,0.9,16000,42,5.2266773466666665,nan,False,0
9,0.016,0.9,16000,43,5.226499193333334,nan,False,0
9,0.016,0.9,16000,44,5.248140813333333,nan,False,0
9,0.016,0.9,16000,45,5.221889213333332,nan,False,0
9,0.016,0.9,16000,46,5.166583800000001,nan,False,0
9,0.016,0.9,4000,42,4.650010609929078,nan,False,0
9,0.016,0.9,4000,43,4.675364569444445,nan,False,0
9,0.016,0.9,4000,44,4.691873127659575,nan,False,0
9,0.016,0.9,4000,45,4.714853222222222,nan,False,0
9,0.016,0.9,4000,46,4.679834517730497,nan,False,0
9,0.03,0.95,1000,42,4.07613137398374,nan,False,0
9,0.03,0.95,1000,43,4.038870452380952,nan,False,0
9,0.03,0.95,1000,44,4.066386928571428,nan,False,0
9,0.03,0.95,1000,45,4.054523495934959,nan,False,0
9,0.03,0.95,1000,46,4.033809504065041,nan,False,0
9,0.03,0.95,16000,42,5.1932561800000006,nan,False,0
9,0.03,0.95,16000,43,5.210585666666667,nan,False,0
9,0.03,0.95,16000,44,5.271592537414967,nan,False,0
9,0.03,0.95,16000,45,5.247597546666667,nan,False,0
9,0.03,0.95,16000,46,5.172898166666666,nan,False,0
9,0.03,0.95,4000,42,4.643331780141844,nan,False,0
9,0.03,0.95,4000,43,4.657691375886525,nan,False,0
9,0.03,0.95,4000,44,4.677809042553191,nan,False,0
9,0.03,0.95,4000,45,4.724863326241136,nan,False,0
9,0.03,0.95,4000,46,4.674709460992909,nan,False,0
9,0.03,0.95,64000,42,5.679523124183006,nan,False,0
9,0.03,0.95,64000,43,5.644679235294119,nan,False,0
9,0.03,0.95,64000,44,5.745995026143791,nan,False,0
9,0.03,0.95,64000,45,5.698809424836601,nan,False,0
9,0.03,0.95,64000,46,5.6885589738562095,nan,False,0
9,0.03,0.995,1000,42,4.0913097857142855,nan,False,0
9,0.03,0.995,1000,43,4.110754087301588,nan,False,0
9,0.03,0.995,1000,44,4.0693236504065045,nan,False,0
9,0.03,0.995,1000,45,4.0723232380952386,nan,False,0
9,0.03,0.995,1000,46,4.065052619047618,nan,False,0
9,0.03,0.995,16000,42,5.199558,nan,False,0
9,0.03,0.995,16000,43,5.20868522,nan,False,0
9,0.03,0.995,16000,44,5.20319968,nan,False,0
9,0.03,0.995,16000,45,5.235138340136054,nan,False,0
9,0.03,0.995,16000,46,5.1552830866666675,nan,False,0
9,0.03,0.995,4000,42,4.687043702127659,nan,False,0
9,0.03,0.995,4000,43,4.687047780141844,nan,False,0
9,0.03,0.995,4000,44,4.7085723333333345,nan,False,0
9,0.03,0.995,4000,45,4.742157787234041,nan,False,0
9,0.03,0.995,4000,46,4.6961198014184395,nan,False,0
9,0.03,0.995,64000,42,5.701181679738561,nan,False,0
9,0.03,0.995,64000,43,5.707238869281046,nan,False,0
9,0.03,0.995,64000,44,5.7840802810457514,nan,False,0
9,0.03,0.995,64000,45,5.699920869281046,nan,False,0
9,0.03,0.995,64000,46,5.714899202614379,nan,False,0
9,0.03,0.999,1000,42,4.09498743902439,nan,False,0
9,0.03,0.999,1000,43,4.1421305083333335,nan,False,0
9,0.03,0.999,1000,44,4.125273390243902,nan,False,0
9,0.03,0.999,1000,45,4.1020127833333335,nan,False,0
9,0.03,0.999,1000,46,4.027801211382114,nan,False,0
9,0.03,0.999,16000,42,5.277284870748299,nan,False,0
9,0.03,0.999,16000,43,5.327617272108844,nan,False,0
9,0.03,0.999,16000,44,5.3392021564625844,nan,False,0
9,0.03,0.999,16000,45,5.299607333333334,nan,False,0
9,0.03,0.999,16000,46,5.268323952380952,nan,False,0
9,0.03,0.999,4000,42,4.647353297101449,nan,False,0
9,0.03,0.999,4000,43,4.65323763768116,nan,False,0
9,0.03,0.999,4000,44,4.650618092198582,nan,False,0
9,0.03,0.999,4000,45,4.7259947681159415,nan,False,0
9,0.03,0.999,4000,46,4.610889815602836,nan,False,0
9,0.03,0.999,64000,42,5.7087943533333325,nan,False,0
9,0.03,0.999,64000,43,5.724299406666667,nan,False,0
9,0.03,0.999,64000,44,5.751079600000001,nan,False,0
9,0.03,0.999,64000,45,5.722979806666666,nan,False,0
9,0.03,0.999,64000,46,5.736184466666668,nan,False,0
9,0.03,0.99,1000,42,4.071856134920635,nan,False,0
9,0.03,0.99,1000,43,4.090792849206349,nan,False,0
9,0.03,0.99,1000,44,4.0947057777777776,nan,False,0
9,0.03,0.99,1000,45,4.0663771507936515,nan,False,0
9,0.03,0.99,1000,46,4.063833087301587,nan,False,0
9,0.03,0.99,16000,42,5.228562673469388,nan,False,0
9,0.03,0.99,16000,43,5.252847836734694,nan,False,0
9,0.03,0.99,16000,44,5.24895406802721,nan,False,0
9,0.03,0.99,16000,45,5.204995106666667,nan,False,0
9,0.03,0.99,16000,46,5.164106,nan,False,0
9,0.03,0.99,4000,42,4.686418226950354,nan,False,0
9,0.03,0.99,4000,43,4.68791404964539,nan,False,0
9,0.03,0.99,4000,44,4.686848184397163,nan,False,0
9,0.03,0.99,4000,45,4.68852813768116,nan,False,0
9,0.03,0.99,4000,46,4.693991361702128,nan,False,0
9,0.03,0.99,64000,42,5.7470163725490195,nan,False,0
9,0.03,0.99,64000,43,5.716051411764704,nan,False,0
9,0.03,0.99,64000,44,5.782313398692811,nan,False,0
9,0.03,0.99,64000,45,5.753480431372549,nan,False,0
9,0.03,0.99,64000,46,5.747775810457517,nan,False,0
9,0.03,0.9,1000,42,4.048631253968254,nan,False,0
9,0.03,0.9,1000,43,4.0704514715447155,nan,False,0
9,0.03,0.9,1000,44,4.102929714285714,nan,False,0
9,0.03,0.9,1000,45,4.049469804878049,nan,False,0
9,0.03,0.9,1000,46,4.029577007936508,nan,False,0
9,0.03,0.9,16000,42,5.277986979591837,nan,False,0
9,0.03,0.9,16000,43,5.2861391866666665,nan,False,0
9,0.03,0.9,16000,44,5.287207499999999,nan,False,0
9,0.03,0.9,16000,45,5.263064213333333,nan,False,0
9,0.03,0.9,16000,46,5.224824946666667,nan,False,0
9,0.03,0.9,4000,42,4.649867092198581,nan,False,0
9,0.03,0.9,4000,43,4.663228063829787,nan,False,0
9,0.03,0.9,4000,44,4.673830290780143,nan,False,0
9,0.03,0.9,4000,45,4.6713722765957435,nan,False,0
9,0.03,0.9,4000,46,4.6819258723404245,nan,False,0
9,0.03,0.9,64000,42,5.683447274509804,nan,False,0
9,0.03,0.9,64000,43,5.717582196078431,nan,False,0
9,0.03,0.9,64000,44,5.748691679738561,nan,False,0
9,0.03,0.9,64000,45,5.721037960784314,nan,False,0
9,0.03,0.9,64000,46,5.712033032679739,nan,False,0
9,0.05,0.95,1000,42,4.040778959349593,nan,False,0
9,0.05,0.95,1000,43,4.057346243902439,nan,False,0
9,0.05,0.95,1000,44,4.062571203252032,nan,False,0
9,0.05,0.95,1000,45,4.035932777777779,nan,False,0
9,0.05,0.95,1000,46,4.023970357723577,nan,False,0
9,0.05,0.95,16000,42,5.27355484,nan,False,0
9,0.05,0.95,16000,43,5.275491466666666,nan,False,0
9,0.05,0.95,16000,44,5.230690156462584,nan,False,0
9,0.05,0.95,16000,45,5.176637054421769,nan,False,0
9,0.05,0.95,16000,46,5.259730806666666,nan,False,0
9,0.05,0.95,4000,42,4.657729695652173,nan,False,0
9,0.05,0.95,4000,43,4.651105723404255,nan,False,0
9,0.05,0.95,4000,44,4.625661510638297,nan,False,0
9,0.05,0.95,4000,45,4.690296517730497,nan,False,0
9,0.05,0.95,4000,46,4.653828865248227,nan,False,0
9,0.05,0.95,64000,42,5.700359100000001,nan,False,0
9,0.05,0.95,64000,43,5.681509393333333,nan,False,0
9,0.05,0.95,64000,44,5.75715662,nan,False,0
9,0.05,0.95,64000,45,5.711433246666665,nan,False,0
9,0.05,0.95,64000,46,5.7675380196078425,nan,False,0
9,0.05,0.995,1000,42,4.049368658536586,nan,False,0
9,0.05,0.995,1000,43,4.073593801587301,nan,False,0
9,0.05,0.995,1000,44,4.081892753968255,nan,False,0
9,0.05,0.995,1000,45,4.0720203008130085,nan,False,0
9,0.05,0.995,1000,46,4.01941303968254,nan,False,0
9,0.05,0.995,16000,42,5.229991659863947,nan,False,0
9,0.05,0.995,16000,43,5.256654857142857,nan,False,0
9,0.05,0.995,16000,44,5.24158906802721,nan,False,0
9,0.05,0.995,16000,45,5.216819639455782,nan,False,0
9,0.05,0.995,16000,46,5.197667585034013,nan,False,0
9,0.05,0.995,4000,42,4.6446030851063815,nan,False,0
9,0.05,0.995,4000,43,4.646949163120567,nan,False,0
9,0.05,0.995,4000,44,4.661132056737588,nan,False,0
9,0.05,0.995,4000,45,4.700695290780142,nan,False,0
9,0.05,0.995,4000,46,4.642782468085106,nan,False,0
9,0.05,0.995,64000,42,5.678372726666667,nan,False,0
9,0.05,0.995,64000,43,5.67959856,nan,False,0
9,0.05,0.995,64000,44,5.732407353333333,nan,False,0
9,0.05,0.995,64000,45,5.6975043466666655,nan,False,0
9,0.05,0.995,64000,46,5.692804233333334,nan,False,0
9,0.05,0.999,1000,42,4.083486358333333,nan,False,0
9,0.05,0.999,1000,43,4.080380633333333,nan,False,0
9,0.05,0.999,1000,44,4.118826121951219,nan,False,0
9,0.05,0.999,1000,45,4.112907414634146,nan,False,0
9,0.05,0.999,1000,46,4.0553976910569105,nan,False,0
9,0.05,0.999,16000,42,5.291155277777778,nan,False,0
9,0.05,0.999,16000,43,5.287914506944444,nan,False,0
9,0.05,0.999,16000,44,5.320317305555555,nan,False,0
9,0.05,0.999,16000,45,5.279943048611111,nan,False,0
9,0.05,0.999,16000,46,5.29274175510204,nan,False,0
9,0.05,0.999,4000,42,4.712719818840578,nan,False,0
9,0.05,0.999,4000,43,4.647332637681159,nan,False,0
9,0.05,0.999,4000,44,4.708591503703704,nan,False,0
9,0.05,0.999,4000,45,4.773707459259258,nan,False,0
9,0.05,0.999,4000,46,4.733967072463768,nan,False,0
9,0.05,0.999,64000,42,5.699323734693878,nan,False,0
9,0.05,0.999,64000,43,5.782177773333333,nan,False,0
9,0.05,0.999,64000,44,5.78182644217687,nan,False,0
9,0.05,0.999,64000,45,5.730310517006803,nan,False,0
9,0.05,0.999,64000,46,5.813700566666666,nan,False,0
9,0.05,0.99,1000,42,4.060934333333333,nan,False,0
9,0.05,0.99,1000,43,4.061771825396825,nan,False,0
9,0.05,0.99,1000,44,4.03871003968254,nan,False,0
9,0.05,0.99,1000,45,4.038526317460318,nan,False,0
9,0.05,0.99,1000,46,4.006883865079366,nan,False,0
9,0.05,0.99,16000,42,5.241473333333333,nan,False,0
9,0.05,0.99,16000,43,5.213301469387756,nan,False,0
9,0.05,0.99,16000,44,5.234757986394558,nan,False,0
9,0.05,0.99,16000,45,5.222575333333333,nan,False,0
9,0.05,0.99,16000,46,5.172489319727891,nan,False,0
9,0.05,0.99,4000,42,4.625805021276595,nan,False,0
9,0.05,0.99,4000,43,4.648247496453902,nan,False,0
9,0.05,0.99,4000,44,4.663019524822696,nan,False,0
9,0.05,0.99,4000,45,4.690446432624114,nan,False,0
9,0.05,0.99,4000,46,4.659334368794327,nan,False,0
9,0.05,0.99,64000,42,5.68768956,nan,False,0
9,0.05,0.99,64000,43,5.689285033333333,nan,False,0
9,0.05,0.99,64000,44,5.738313926666667,nan,False,0
9,0.05,0.99,64000,45,5.7296377666666665,nan,False,0
9,0.05,0.99,64000,46,5.6758811666666675,nan,False,0
9,0.05,0.9,1000,42,4.023807634920634,nan,False,0
9,0.05,0.9,1000,43,4.040271468253968,nan,False,0
9,0.05,0.9,1000,44,4.0929247619047615,nan,False,0
9,0.05,0.9,1000,45,4.04360087804878,nan,False,0
9,0.05,0.9,1000,46,4.011141698412699,nan,False,0
9,0.05,0.9,16000,42,5.214912149659863,nan,False,0
9,0.05,0.9,16000,43,5.221180217687075,nan,False,0
9,0.05,0.9,16000,44,5.258838394557824,nan,False,0
9,0.05,0.9,16000,45,5.254689088435374,nan,False,0
9,0.05,0.9,16000,46,5.191925047619048,nan,False,0
9,0.05,0.9,4000,42,4.630213449275362,nan,False,0
9,0.05,0.9,4000,43,4.636093858156028,nan,False,0
9,0.05,0.9,4000,44,4.666012021276596,nan,False,0
9,0.05,0.9,4000,45,4.667841765957448,nan,False,0
9,0.05,0.9,4000,46,4.615134425531915,nan,False,0
9,0.05,0.9,64000,42,5.7239809333333325,nan,False,0
9,0.05,0.9,64000,43,5.747591133333333,nan,False,0
9,0.05,0.9,64000,44,5.80556912,nan,False,0
9,0.05,0.9,64000,45,5.77070782,nan,False,0
9,0.05,0.9,64000,46,5.75142758,nan,False,0
9,0.064,0.95,1000,42,4.048653626984127,nan,False,0
9,0.064,0.95,1000,43,4.055957666666666,nan,False,0
9,0.064,0.95,1000,44,4.092864238095238,nan,False,0
9,0.064,0.95,1000,45,4.056040730158729,nan,False,0
9,0.064,0.95,1000,46,3.990875634920635,nan,False,0
9,0.064,0.95,4000,42,4.652369507246377,nan,False,0
9,0.064,0.95,4000,43,4.633016340425532,nan,False,0
9,0.064,0.95,4000,44,4.633770475177305,nan,False,0
9,0.064,0.95,4000,45,4.671263602836879,nan,False,0
9,0.064,0.95,4000,46,4.656273949275362,nan,False,0
9,0.064,0.995,1000,42,4.041561552845528,nan,False,0
9,0.064,0.995,1000,43,4.077863097560975,nan,False,0
9,0.064,0.995,1000,44,4.085130764227642,nan,False,0
9,0.064,0.995,1000,45,4.0514541544715446,nan,False,0
9,0.064,0.995,1000,46,4.025172463414634,nan,False,0
9,0.064,0.995,4000,42,4.64314104964539,nan,False,0
9,0.064,0.995,4000,43,4.669146268115942,nan,False,0
9,0.064,0.995,4000,44,4.671771609929078,nan,False,0
9,0.064,0.995,4000,45,4.689565985815603,nan,False,0
9,0.064,0.995,4000,46,4.645743170212765,nan,False,0
9,0.064,0.999,1000,42,4.0702217166666665,nan,False,0
9,0.064,0.999,1000,43,4.094509707317073,nan,False,0
9,0.064,0.999,1000,44,4.106107700000001,nan,False,0
9,0.064,0.999,1000,45,4.065317933333334,nan,False,0
9,0.064,0.999,1000,46,4.119433525,nan,False,0
9,0.064,0.999,4000,42,4.765802231884058,nan,False,0
9,0.064,0.999,4000,43,4.66191456521739,nan,False,0
9,0.064,0.999,4000,44,4.716478934782608,nan,False,0
9,0.064,0.999,4000,45,4.759795130434783,nan,False,0
9,0.064,0.999,4000,46,4.669677733333335,nan,False,0
9,0.064,0.99,1000,42,4.021796611111111,nan,False,0
9,0.064,0.99,1000,43,4.046714146341463,nan,False,0
9,0.064,0.99,1000,44,4.086884910569106,nan,False,0
9,0.064,0.99,1000,45,4.010082390243903,nan,False,0
9,0.064,0.99,1000,46,4.006230158730158,nan,False,0
9,0.064,0.99,4000,42,4.624036829787234,nan,False,0
9,0.064,0.99,4000,43,4.6811551231884065,nan,False,0
9,0.064,0.99,4000,44,4.6611925673758865,nan,False,0
9,0.064,0.99,4000,45,4.694479503546098,nan,False,0
9,0.064,0.99,4000,46,4.657595035460993,nan,False,0
9,0.064,0.9,1000,42,3.9992273650793657,nan,False,0
9,0.064,0.9,1000,43,4.011753682539682,nan,False,0
9,0.064,0.9,1000,44,4.074116412698412,nan,False,0
9,0.064,0.9,1000,45,3.9938093720930237,nan,False,0
9,0.064,0.9,1000,46,4.003685253968254,nan,False,0
9,0.064,0.9,4000,42,4.645992231884058,nan,False,0
9,0.064,0.9,4000,43,4.647292492753622,nan,False,0
9,0.064,0.9,4000,44,4.6179973262411345,nan,False,0
9,0.064,0.9,4000,45,4.654482397163121,nan,False,0
9,0.064,0.9,4000,46,4.642279188405797,nan,False,0
9,0.0,0.95,1000,42,3.59752218367347,nan,False,2
9,0.0,0.95,1000,43,3.5728661564625854,nan,False,2
9,0.0,0.95,1000,44,3.6010008775510203,nan,False,0
9,0.0,0.95,1000,45,3.5191717666666666,nan,False,2
9,0.0,0.95,1000,46,3.54065222,nan,False,2
9,0.0,0.95,16000,42,4.270637978835978,nan,False,0
9,0.0,0.95,16000,43,4.241371348958333,nan,False,0
9,0.0,0.95,16000,44,4.251284744791667,nan,False,0
9,0.0,0.95,16000,45,4.236385513227513,nan,False,0
9,0.0,0.95,16000,46,4.252989807291666,nan,False,0
9,0.0,0.95,256000,42,8.242359708333334,nan,False,0
9,0.0,0.95,256000,43,8.246243523809524,nan,False,0
9,0.0,0.95,256000,44,8.289871952380953,nan,False,0
9,0.0,0.95,256000,45,8.322570291666667,nan,False,0
9,0.0,0.95,256000,46,8.235089142857143,nan,False,0
9,0.0,0.95,4000,42,3.907688798850575,nan,False,0
9,0.0,0.95,4000,43,3.833352272222222,nan,False,0
9,0.0,0.95,4000,44,3.8936318644067796,nan,False,0
9,0.0,0.95,4000,45,3.9178353216374266,nan,False,0
9,0.0,0.95,4000,46,3.8591732999999993,nan,False,0
9,0.0,0.95,64000,42,7.395164222222223,nan,False,0
9,0.0,0.95,64000,43,7.482095444444444,nan,False,0
9,0.0,0.95,64000,44,7.599315999999999,nan,False,0
9,0.0,0.95,64000,45,4.573605277777778,nan,False,0
9,0.0,0.95,64000,46,7.279756444444445,nan,False,0
9,0.0,0.995,1000,42,3.962058837209302,nan,False,0
9,0.0,0.995,1000,43,3.88277728030303,nan,False,2
9,0.0,0.995,1000,44,3.950351666666668,nan,False,0
9,0.0,0.995,1000,45,3.803831259259259,nan,False,2
9,0.0,0.995,1000,46,3.845309592592593,nan,False,2
9,0.0,0.995,16000,42,4.135671447761194,nan,False,2
9,0.0,0.995,16000,43,4.335555232804232,nan,False,2
9,0.0,0.995,16000,44,4.3526938571428575,nan,False,2
9,0.0,0.995,16000,45,4.433845360215055,nan,False,2
9,0.0,0.995,16000,46,4.250228528205128,nan,False,2
9,0.0,0.995,256000,42,3.942250434782608,nan,False,4
9,0.0,0.995,256000,43,4.32928957142857,nan,False,4
9,0.0,0.995,256000,44,3.7684796527777777,nan,False,4
9,0.0,0.995,256000,45,4.101653212121211,nan,False,4
9,0.0,0.995,256000,46,3.513937179487179,nan,False,2
9,0.0,0.995,4000,42,4.236072647798743,nan,False,2
9,0.0,0.995,4000,43,4.188967734567901,nan,False,2
9,0.0,0.995,4000,44,4.1208759878787875,nan,False,2
9,0.0,0.995,4000,45,4.303701522012578,nan,False,2
9,0.0,0.995,4000,46,4.262950327044026,nan,False,2
9,0.0,0.995,64000,42,4.6613070952380955,nan,False,2
9,0.0,0.995,64000,43,3.9152728787878783,nan,False,2
9,0.0,0.995,64000,44,3.9191500999999995,nan,False,2
9,0.0,0.995,64000,45,4.195107766666666,nan,False,4
9,0.0,0.995,64000,46,3.743243575757576,nan,False,2
9,0.0,0.999,1000,42,0.8079514166666667,nan,False,2
9,0.0,0.999,1000,43,2.84766303773585,nan,False,2
9,0.0,0.999,1000,44,2.8836231590909094,nan,False,2
9,0.0,0.999,1000,45,1.9460058795180721,nan,False,2
9,0.0,0.999,1000,46,1.9725497520325201,nan,False,2
9,0.0,0.999,16000,42,0.5943356666666667,2.14712,True,2
9,0.0,0.999,16000,43,0.6562790000000001,2.139212,True,2
9,0.0,0.999,16000,44,0.5898476666666667,2.107841,True,2
9,0.0,0.999,16000,45,0.612347,2.213928,True,2
9,0.0,0.999,16000,46,0.6048680000000001,2.094531,True,2
9,0.0,0.999,256000,42,0.6255023333333334,2.184148,True,2
9,0.0,0.999,256000,43,0.6209073333333333,2.178641,True,2
9,0.0,0.999,256000,44,0.629442,2.089303,True,2
9,0.0,0.999,256000,45,0.6148866666666666,2.182484,True,2
9,0.0,0.999,256000,46,0.606877,2.180138,True,2
9,0.0,0.999,4000,42,0.5677220000000001,2.181664,True,2
9,0.0,0.999,4000,43,0.6415129999999999,1.916603,True,2
9,0.0,0.999,4000,44,0.4705623333333333,2.256131,True,2
9,0.0,0.999,4000,45,0.5675406666666668,1.956309,True,2
9,0.0,0.999,4000,46,0.5940823333333333,2.091158,True,2
9,0.0,0.999,64000,42,0.624596,2.094609,True,2
9,0.0,0.999,64000,43,0.5991650000000001,2.087522,True,2
9,0.0,0.999,64000,44,0.6186293333333333,2.111608,True,2
9,0.0,0.999,64000,45,0.6317066666666666,2.095718,True,2
9,0.0,0.999,64000,46,0.6265660000000001,2.107908,True,2
9,0.0,0.99,1000,42,3.9709571666666674,nan,False,0
9,0.0,0.99,1000,43,3.9645097829457367,nan,False,0
9,0.0,0.99,1000,44,3.966661916666667,nan,False,0
9,0.0,0.99,1000,45,3.9516931550387597,nan,False,0
9,0.0,0.99,1000,46,3.912983477272728,nan,False,0
9,0.0,0.99,16000,42,4.775121350877193,nan,False,2
9,0.0,0.99,16000,43,4.741532821839081,nan,False,2
9,0.0,0.99,16000,44,4.7468741724137935,nan,False,2
9,0.0,0.99,16000,45,4.749403923976608,nan,False,2
9,0.0,0.99,16000,46,4.650497079096045,nan,False,2
9,0.0,0.99,256000,42,7.173475533333334,nan,False,1
9,0.0,0.99,256000,43,6.639558777777778,nan,False,2
9,0.0,0.99,256000,44,6.724633944444445,nan,False,2
9,0.0,0.99,256000,45,6.6538873333333335,nan,False,2
9,0.0,0.99,256000,46,7.398959416666667,nan,False,0
9,0.0,0.99,4000,42,4.389838269230769,nan,False,2
9,0.0,0.99,4000,43,4.43574022,nan,False,0
9,0.0,0.99,4000,44,4.332566948717949,nan,False,2
9,0.0,0.99,4000,45,4.395399961538462,nan,False,2
9,0.0,0.99,4000,46,4.311316056603774,nan,False,2
9,0.0,0.99,64000,42,5.0561373387978135,nan,False,0
9,0.0,0.99,64000,43,4.9132351005291,nan,False,2
9,0.0,0.99,64000,44,4.9999412328042325,nan,False,0
9,0.0,0.99,64000,45,4.967545940860216,nan,False,2
9,0.0,0.99,64000,46,5.03604717204301,nan,False,1
9,0.0,0.9,1000,42,3.718843184397163,nan,False,0
9,0.0,0.9,1000,43,3.7763059275362316,nan,False,0
9,0.0,0.9,1000,44,3.7793163687943263,nan,False,0
9,0.0,0.9,1000,45,3.7703277446808507,nan,False,0
9,0.0,0.9,1000,46,3.7725090638297876,nan,False,0
9,0.0,0.9,16000,42,4.670526263157894,nan,False,0
9,0.0,0.9,16000,43,4.658621497076022,nan,False,0
9,0.0,0.9,16000,44,4.672940807017545,nan,False,0
9,0.0,0.9,16000,45,4.62941194736842,nan,False,0
9,0.0,0.9,16000,46,4.633877948275862,nan,False,0
9,0.0,0.9,256000,42,5.433341721311476,nan,False,0
9,0.0,0.9,256000,43,5.426838207650273,nan,False,0
9,0.0,0.9,256000,44,5.454499562841531,nan,False,0
9,0.0,0.9,256000,45,5.426199540983605,nan,False,0
9,0.0,0.9,256000,46,5.449515612021858,nan,False,0
9,0.0,0.9,4000,42,4.183957024691357,nan,False,0
9,0.0,0.9,4000,43,4.189051176100629,nan,False,0
9,0.0,0.9,4000,44,4.235181086419753,nan,False,0
9,0.0,0.9,4000,45,4.218011050314465,nan,False,0
9,0.0,0.9,4000,46,4.221745251572327,nan,False,0
9,0.0,0.9,64000,42,5.035504877777779,nan,False,0
9,0.0,0.9,64000,43,5.039551944444444,nan,False,0
9,0.0,0.9,64000,44,5.05456295,nan,False,0
9,0.0,0.9,64000,45,5.038011094444443,nan,False,0
9,0.0,0.9,64000,46,4.99628208888889,nan,False,0
